,state,date,bilstm,knn,mdp,rmdp,deaths
0,South Dakota,2020-09-06,169.0,178.0,180.0,172.82828196200208,173
1,South Dakota,2020-09-22,178.0,197.0,192.0,189.79382010494348,202
2,South Dakota,2020-09-04,168.0,175.0,179.0,170.8530474139948,170
3,South Dakota,2020-09-20,177.0,195.0,190.0,187.4683646704357,202
4,South Dakota,2020-09-23,178.0,198.0,192.0,190.96896564147954,202
5,South Dakota,2020-09-13,172.0,186.0,186.0,179.79962612262963,184
6,South Dakota,2020-09-12,171.0,185.0,185.0,178.7515252988766,183
7,South Dakota,2020-09-14,173.0,187.0,186.0,180.8607159553112,184
8,South Dakota,2020-09-18,175.0,191.0,189.0,185.18250297235923,195
9,South Dakota,2020-09-25,179.0,202.0,194.0,193.3802150619754,216
10,South Dakota,2020-09-17,174.0,191.0,188.0,184.08653403091205,193
11,South Dakota,2020-09-10,170.0,182.0,184.0,176.7360049326884,177
12,South Dakota,2020-09-08,169.0,181.0,182.0,174.76222701491955,173
13,South Dakota,2020-09-09,169.0,181.0,183.0,175.74533097781435,173
14,South Dakota,2020-09-26,180.0,202.0,194.0,194.61775708193196,218
15,South Dakota,2020-09-01,167.0,169.0,172.0,167.9511496860482,167
16,South Dakota,2020-09-11,170.0,184.0,185.0,177.73797559725242,177
17,South Dakota,2020-09-05,169.0,176.0,179.0,171.8341469633233,173
18,South Dakota,2020-09-19,176.0,194.0,190.0,186.3178517450839,200
19,South Dakota,2020-09-15,174.0,188.0,187.0,181.9351316265656,184
20,South Dakota,2020-09-03,168.0,175.0,176.0,169.88457987735805,169
21,South Dakota,2020-09-21,177.0,196.0,191.0,188.63445647779196,202
22,South Dakota,2020-09-07,169.0,180.0,181.0,173.7899625620662,173
23,South Dakota,2020-09-02,168.0,172.0,174.0,168.91259746935557,169
24,South Dakota,2020-09-16,174.0,190.0,188.0,183.0041944147145,192
25,South Dakota,2020-09-24,179.0,199.0,193.0,192.1603364688661,210
26,Nebraska,2020-09-06,400.0,407.0,409.0,405.526336638624,404
27,Nebraska,2020-09-22,414.0,445.0,432.0,434.99201501921414,461
28,Nebraska,2020-09-04,399.0,407.0,404.0,401.95497435322494,404
29,Nebraska,2020-09-20,414.0,439.0,430.0,431.2135175376473,442
30,Nebraska,2020-09-23,416.0,445.0,434.0,436.8981281222134,462
31,Nebraska,2020-09-13,406.0,423.0,419.0,418.14123997936383,434
32,Nebraska,2020-09-12,406.0,423.0,418.0,416.29958680997856,437
33,Nebraska,2020-09-14,409.0,428.0,421.0,419.99486128152245,435
34,Nebraska,2020-09-18,413.0,439.0,427.0,427.37641271753125,442
35,Nebraska,2020-09-25,418.0,456.0,437.0,440.8584434463191,468
36,Nebraska,2020-09-17,411.0,434.0,425.0,425.47673142486263,442
37,Nebraska,2020-09-10,405.0,418.0,415.0,412.68778763508965,430
38,Nebraska,2020-09-08,402.0,412.0,412.0,409.15455971776913,407
39,Nebraska,2020-09-09,402.0,412.0,413.0,410.91607338351326,421
40,Nebraska,2020-09-26,419.0,456.0,439.0,442.85867144888,469
41,Nebraska,2020-09-01,395.0,397.0,399.0,396.5568384062078,399
42,Nebraska,2020-09-11,405.0,423.0,416.0,414.46978085716086,437
43,Nebraska,2020-09-05,400.0,407.0,407.0,403.7295172582561,404
44,Nebraska,2020-09-19,413.0,439.0,428.0,429.288630964373,442
45,Nebraska,2020-09-15,409.0,428.0,422.0,421.81148100216836,436
46,Nebraska,2020-09-03,396.0,402.0,402.0,400.19071560087434,404
47,Nebraska,2020-09-21,414.0,445.0,431.0,433.09717449456105,452
48,Nebraska,2020-09-07,402.0,412.0,411.0,407.3346462910829,404
49,Nebraska,2020-09-02,396.0,397.0,400.0,398.43666372585744,399
50,Nebraska,2020-09-16,411.0,428.0,424.0,423.63874329704134,439
51,Nebraska,2020-09-24,417.0,451.0,436.0,438.87164332608245,462
52,Arkansas,2020-09-06,797.0,880.0,873.0,848.0782486572301,894
53,Arkansas,2020-09-22,825.0,1150.0,1089.0,1035.973846924777,1209
54,Arkansas,2020-09-04,794.0,852.0,849.0,827.6609501318396,873
55,Arkansas,2020-09-20,824.0,1107.0,1062.0,1009.6644392012306,1181
56,Arkansas,2020-09-23,825.0,1168.0,1103.0,1049.4695381175325,1229
57,Arkansas,2020-09-13,813.0,987.0,963.0,924.3029529574293,981
58,Arkansas,2020-09-12,810.0,969.0,948.0,912.8346614127584,969
59,Arkansas,2020-09-14,816.0,1007.0,977.0,935.9452042868294,992
60,Arkansas,2020-09-18,822.0,1078.0,1030.0,984.3017075834285,1173
61,Arkansas,2020-09-25,829.0,1203.0,1137.0,1077.2096457705288,1266
62,Arkansas,2020-09-17,821.0,1056.0,1015.0,971.9683937836531,1166
63,Arkansas,2020-09-10,809.0,941.0,922.0,890.4916258238848,940
64,Arkansas,2020-09-08,803.0,907.0,900.0,869.0193519712486,917
65,Arkansas,2020-09-09,805.0,924.0,911.0,879.6646694934856,928
66,Arkansas,2020-09-26,829.0,1228.0,1154.0,1091.509915811083,1285
67,Arkansas,2020-09-01,788.0,811.0,815.0,797.6177614556253,814
68,Arkansas,2020-09-11,810.0,955.0,934.0,901.5656182008745,953
69,Arkansas,2020-09-05,795.0,866.0,859.0,837.7824321826029,882
70,Arkansas,2020-09-19,823.0,1094.0,1046.0,996.8552771442531,1181
71,Arkansas,2020-09-15,816.0,1022.0,990.0,947.793004035075,1150
72,Arkansas,2020-09-03,792.0,840.0,838.0,817.4761719664823,861
73,Arkansas,2020-09-21,825.0,1127.0,1075.0,1022.7023510538442,1197
74,Arkansas,2020-09-07,802.0,893.0,886.0,858.5520527844354,908
75,Arkansas,2020-09-02,789.0,826.0,828.0,807.4629107257713,841
76,Arkansas,2020-09-16,820.0,1037.0,1002.0,959.850682804141,1157
77,Arkansas,2020-09-24,825.0,1182.0,1119.0,1063.212973712457,1246
78,Nevada,2020-09-06,1315.0,1465.0,1344.0,1373.8650287975481,1389
79,Nevada,2020-09-22,1363.0,1719.0,1421.0,1556.8705083922118,1546
80,Nevada,2020-09-04,1309.0,1384.0,1328.0,1352.3980241358338,1375
81,Nevada,2020-09-20,1355.0,1723.0,1411.0,1533.07164544977,1531
82,Nevada,2020-09-23,1364.0,1767.0,1425.0,1568.9486751419379,1556
83,Nevada,2020-09-13,1342.0,1604.0,1377.0,1450.918154966634,1452
84,Nevada,2020-09-12,1339.0,1587.0,1372.0,1439.4585798968967,1449
85,Nevada,2020-09-14,1343.0,1621.0,1382.0,1462.4961299340262,1456
86,Nevada,2020-09-18,1351.0,1717.0,1401.0,1508.669068390361,1524
87,Nevada,2020-09-25,1376.0,1774.0,1435.0,1594.6076100530283,1573
88,Nevada,2020-09-17,1347.0,1695.0,1396.0,1496.6573594979639,1506
89,Nevada,2020-09-10,1331.0,1536.0,1363.0,1417.271700022753,1429
90,Nevada,2020-09-08,1324.0,1491.0,1353.0,1395.9036723125876,1393
91,Nevada,2020-09-09,1327.0,1519.0,1358.0,1406.5347086651907,1412
92,Nevada,2020-09-26,1379.0,1814.0,1440.0,1607.640736406751,1582
93,Nevada,2020-09-01,1306.0,1343.0,1310.0,1320.8854992630265,1313
94,Nevada,2020-09-11,1334.0,1587.0,1367.0,1428.1159575663346,1439
95,Nevada,2020-09-05,1309.0,1429.0,1336.0,1363.0173469537142,1388
96,Nevada,2020-09-19,1352.0,1719.0,1406.0,1520.8066340012836,1528
97,Nevada,2020-09-15,1344.0,1676.0,1386.0,1473.7701577602481,1482
98,Nevada,2020-09-03,1309.0,1380.0,1320.0,1341.8864198528802,1363
99,Nevada,2020-09-21,1358.0,1719.0,1416.0,1544.9119791235635,1531
100,Nevada,2020-09-07,1318.0,1469.0,1349.0,1384.826653198774,1393
101,Nevada,2020-09-02,1306.0,1374.0,1315.0,1331.4811570650777,1336
102,Nevada,2020-09-16,1344.0,1676.0,1391.0,1485.1567775940596,1494
103,Nevada,2020-09-24,1367.0,1767.0,1430.0,1581.710823287109,1564
104,Ohio,2020-09-06,4188.0,4277.0,4271.0,4291.616847427181,4259
105,Ohio,2020-09-22,4359.0,4602.0,4515.0,4653.304921346721,4635
106,Ohio,2020-09-04,4180.0,4224.0,4231.0,4248.699275885374,4248
107,Ohio,2020-09-20,4332.0,4535.0,4483.0,4606.464558413491,4615
108,Ohio,2020-09-23,4389.0,4622.0,4530.0,4677.16660911181,4687
109,Ohio,2020-09-13,4271.0,4413.0,4376.0,4445.957788564973,4415
110,Ohio,2020-09-12,4254.0,4389.0,4361.0,4423.255965822467,4411
111,Ohio,2020-09-14,4284.0,4441.0,4391.0,4468.475391703873,4419
112,Ohio,2020-09-18,4311.0,4517.0,4452.0,4560.012610331638,4608
113,Ohio,2020-09-25,4416.0,4686.0,4562.0,4725.363784391774,4734
114,Ohio,2020-09-17,4310.0,4489.0,4437.0,4536.908594598074,4580
115,Ohio,2020-09-10,4242.0,4363.0,4331.0,4378.321956337244,4354
116,Ohio,2020-09-08,4221.0,4307.0,4301.0,4334.823716408764,4298
117,Ohio,2020-09-09,4226.0,4334.0,4316.0,4356.504381236998,4324
118,Ohio,2020-09-26,4423.0,4711.0,4578.0,4749.474856306746,4740
119,Ohio,2020-09-01,4154.0,4179.0,4165.0,4184.975879256044,4166
120,Ohio,2020-09-11,4243.0,4386.0,4346.0,4400.711209679652,4403
121,Ohio,2020-09-05,4185.0,4250.0,4256.0,4270.090651950331,4256
122,Ohio,2020-09-19,4322.0,4532.0,4468.0,4583.267859518773,4612
123,Ohio,2020-09-15,4290.0,4450.0,4406.0,4491.140567631964,4506
124,Ohio,2020-09-03,4166.0,4208.0,4206.0,4227.324899970234,4226
125,Ohio,2020-09-21,4346.0,4577.0,4499.0,4629.809851776475,4623
126,Ohio,2020-09-07,4204.0,4291.0,4286.0,4313.278901761632,4276
127,Ohio,2020-09-02,4163.0,4201.0,4181.0,4206.084105600556,4176
128,Ohio,2020-09-16,4309.0,4453.0,4422.0,4513.95456587523,4555
129,Ohio,2020-09-24,4404.0,4650.0,4546.0,4701.185789124446,4715
130,Washington,2020-09-06,1934.0,1961.0,1971.0,1965.1043796606211,1948
131,Washington,2020-09-22,2022.0,2098.0,2084.0,2100.942367169889,2051
132,Washington,2020-09-04,1930.0,1945.0,1953.0,1948.6693121542942,1932
133,Washington,2020-09-20,2019.0,2081.0,2070.0,2083.4467882139593,2034
134,Washington,2020-09-23,2027.0,2107.0,2091.0,2109.8518477387706,2057
135,Washington,2020-09-13,1982.0,2020.0,2020.0,2023.4335330670956,1983
136,Washington,2020-09-12,1979.0,2011.0,2013.0,2014.9826474115291,1978
137,Washington,2020-09-14,1988.0,2028.0,2027.0,2031.8750691127702,1990
138,Washington,2020-09-18,2011.0,2063.0,2055.0,2066.0972771850197,2021
139,Washington,2020-09-25,2031.0,2125.0,2106.0,2127.8147654153627,2070
140,Washington,2020-09-17,2008.0,2054.0,2048.0,2057.4721724768124,2013
141,Washington,2020-09-10,1963.0,1995.0,1999.0,1998.214852710477,1965
142,Washington,2020-09-08,1952.0,1978.0,1985.0,1981.6193253012025,1954
143,Washington,2020-09-09,1962.0,1986.0,1992.0,1989.8951248464612,1958
144,Washington,2020-09-26,2046.0,2134.0,2113.0,2136.8460039769498,2074
145,Washington,2020-09-01,1916.0,1920.0,1923.0,1924.3226389758925,1918
146,Washington,2020-09-11,1970.0,2003.0,2006.0,2006.5765126875917,1972
147,Washington,2020-09-05,1931.0,1953.0,1965.0,1956.865178337407,1942
148,Washington,2020-09-19,2012.0,2072.0,2062.0,2074.7680217176635,2026
149,Washington,2020-09-15,1992.0,2037.0,2034.0,2040.3612755332326,1999
150,Washington,2020-09-03,1924.0,1936.0,1941.0,1940.510429345188,1930
151,Washington,2020-09-21,2021.0,2089.0,2077.0,2092.1714752951325,2040
152,Washington,2020-09-07,1945.0,1969.0,1978.0,1973.3871816227086,1952
153,Washington,2020-09-02,1918.0,1928.0,1930.0,1932.3949622829352,1924
154,Washington,2020-09-16,2004.0,2046.0,2041.0,2048.8924290783607,2007
155,Washington,2020-09-24,2028.0,2116.0,2098.0,2118.809213947343,2063
156,Pennsylvania,2020-09-06,7815.0,7777.0,7750.0,7779.410629420079,7750
157,Pennsylvania,2020-09-22,8210.0,7978.0,7979.0,8045.394341799056,8002
158,Pennsylvania,2020-09-04,7754.0,7731.0,7722.0,7746.882505964993,7735
159,Pennsylvania,2020-09-20,8175.0,7945.0,7935.0,8011.577958201241,7960
160,Pennsylvania,2020-09-23,8214.0,7984.0,8002.0,8062.364424115643,8038
161,Pennsylvania,2020-09-13,8014.0,7852.0,7842.0,7894.508033966568,7829
162,Pennsylvania,2020-09-12,8014.0,7829.0,7835.0,7877.945695641653,7829
163,Pennsylvania,2020-09-14,8033.0,7875.0,7848.0,7911.11062623948,7855
164,Pennsylvania,2020-09-18,8136.0,7925.0,7921.0,7977.925832817981,7921
165,Pennsylvania,2020-09-25,8233.0,8032.0,8015.0,8096.428960682751,8065
166,Pennsylvania,2020-09-17,8110.0,7901.0,7915.0,7961.161074770147,7893
167,Pennsylvania,2020-09-10,7958.0,7826.0,7807.0,7844.941324351095,7807
168,Pennsylvania,2020-09-08,7909.0,7780.0,7763.0,7812.096603262816,7780
169,Pennsylvania,2020-09-09,7944.0,7803.0,7785.0,7828.499064109985,7794
170,Pennsylvania,2020-09-26,8239.0,8032.0,8022.0,8113.523652508872,8083
171,Pennsylvania,2020-09-01,7666.0,7692.0,7672.0,7698.384343258954,7678
172,Pennsylvania,2020-09-11,7963.0,7827.0,7829.0,7861.42349704671,7829
173,Pennsylvania,2020-09-05,7789.0,7754.0,7743.0,7763.126892210803,7750
174,Pennsylvania,2020-09-19,8162.0,7930.0,7928.0,7994.731421769836,7940
175,Pennsylvania,2020-09-15,8050.0,7880.0,7870.0,7927.75358706736,7860
176,Pennsylvania,2020-09-03,7707.0,7725.0,7700.0,7730.677359520314,7724
177,Pennsylvania,2020-09-21,8188.0,7966.0,7957.0,8028.465559086248,7985
178,Pennsylvania,2020-09-07,7875.0,7778.0,7756.0,7795.733829131738,7771
179,Pennsylvania,2020-09-02,7671.0,7716.0,7678.0,7714.511342089526,7705
180,Pennsylvania,2020-09-16,8080.0,7882.0,7893.0,7944.437031447711,7882
181,Pennsylvania,2020-09-24,8227.0,8003.0,8009.0,8079.375924215392,8054
182,New York,2020-09-06,33701.0,33058.0,33338.0,33050.5880635553,32987
183,New York,2020-09-22,34941.0,33343.0,34393.0,33406.30838973033,33263
184,New York,2020-09-04,33416.0,33019.0,33282.0,33006.6171565577,32982
185,New York,2020-09-20,34813.0,33306.0,34200.0,33361.45492976311,33087
186,New York,2020-09-23,35001.0,33361.0,34422.0,33428.77720744827,33264
187,New York,2020-09-13,34223.0,33176.0,33733.0,33205.34581426959,33023
188,New York,2020-09-12,34223.0,33158.0,33705.0,33183.15526579583,33023
189,New York,2020-09-14,34416.0,33194.0,33828.0,33227.56394107876,33030
190,New York,2020-09-18,34662.0,33269.0,34076.0,33316.713331311716,33085
191,New York,2020-09-25,35165.0,33398.0,34480.0,33473.79929888823,33283
192,New York,2020-09-17,34559.0,33251.0,34047.0,33294.384341002195,33070
193,New York,2020-09-10,34087.0,33122.0,33648.0,33138.85668500259,33019
194,New York,2020-09-08,33974.0,33087.0,33460.0,33094.66776233328,33016
195,New York,2020-09-09,34045.0,33103.0,33554.0,33116.74854359184,33019
196,New York,2020-09-26,35263.0,33416.0,34577.0,33496.3526852389,33286
197,New York,2020-09-01,32972.0,32970.0,33003.0,32940.86384059735,32966
198,New York,2020-09-11,34175.0,33140.0,33677.0,33160.99224091099,33019
199,New York,2020-09-05,33487.0,33042.0,33310.0,33028.58903800832,32987
200,New York,2020-09-19,34667.0,33288.0,34105.0,33339.07017571255,33081
201,New York,2020-09-15,34544.0,33214.0,33923.0,33249.80970110428,33038
202,New York,2020-09-03,33251.0,33001.0,33189.0,32984.672365519225,32976
203,New York,2020-09-21,34816.0,33325.0,34297.0,33383.867649158376,33159
204,New York,2020-09-07,33734.0,33072.0,33366.0,33072.614287014396,33002
205,New York,2020-09-02,33072.0,32986.0,33095.0,32962.75461133984,32972
206,New York,2020-09-16,34552.0,33233.0,34019.0,33272.08314936182,33042
207,New York,2020-09-24,35004.0,33379.0,34451.0,33451.274158419204,33269
208,Idaho,2020-09-06,365.0,386.0,403.0,386.42699715250444,385
209,Idaho,2020-09-22,380.0,412.0,501.0,471.6971619773042,451
210,Idaho,2020-09-04,364.0,376.0,391.0,376.9585849485497,382
211,Idaho,2020-09-20,380.0,407.0,489.0,459.7939604653541,443
212,Idaho,2020-09-23,380.0,412.0,509.0,477.83273759196504,454
213,Idaho,2020-09-13,371.0,399.0,445.0,421.1632990057732,415
214,Idaho,2020-09-12,370.0,394.0,438.0,416.02800265754985,415
215,Idaho,2020-09-14,371.0,399.0,450.0,426.38528611666,419
216,Idaho,2020-09-18,378.0,407.0,476.0,448.34900943558006,438
217,Idaho,2020-09-25,381.0,416.0,525.0,490.2847325366767,458
218,Idaho,2020-09-17,377.0,403.0,469.0,442.7026080872776,434
219,Idaho,2020-09-10,368.0,394.0,425.0,405.8534922171704,407
220,Idaho,2020-09-08,366.0,388.0,414.0,395.99013473713387,389
221,Idaho,2020-09-09,367.0,390.0,420.0,400.8907661174846,407
222,Idaho,2020-09-26,383.0,419.0,531.0,496.603363393633,460
223,Idaho,2020-09-01,360.0,369.0,377.0,363.60541102220486,367
224,Idaho,2020-09-11,369.0,394.0,431.0,410.8986858635989,412
225,Idaho,2020-09-05,365.0,384.0,397.0,381.654121382798,384
226,Idaho,2020-09-19,379.0,407.0,483.0,454.0220020908246,441
227,Idaho,2020-09-15,373.0,401.0,456.0,431.6957875543185,423
228,Idaho,2020-09-03,362.0,373.0,386.0,372.3388843010996,372
229,Idaho,2020-09-21,380.0,412.0,495.0,465.66702060694814,447
230,Idaho,2020-09-07,365.0,388.0,409.0,391.1694109602693,385
231,Idaho,2020-09-02,361.0,372.0,381.0,367.9402362533544,372
232,Idaho,2020-09-16,374.0,403.0,462.0,437.1521892049914,429
233,Idaho,2020-09-24,381.0,416.0,517.0,484.07595593728905,457
234,Iowa,2020-09-06,1135.0,1158.0,1153.0,1155.9644606989712,1167
235,Iowa,2020-09-22,1178.0,1348.0,1219.0,1270.5943453663087,1293
236,Iowa,2020-09-04,1124.0,1149.0,1140.0,1142.5375691579827,1158
237,Iowa,2020-09-20,1165.0,1327.0,1211.0,1255.6318196933064,1265
238,Iowa,2020-09-23,1182.0,1359.0,1223.0,1278.1749309147165,1298
239,Iowa,2020-09-13,1149.0,1235.0,1182.0,1204.470406429894,1220
240,Iowa,2020-09-12,1146.0,1219.0,1178.0,1197.283963496411,1218
241,Iowa,2020-09-14,1150.0,1249.0,1186.0,1211.7199283863717,1224
242,Iowa,2020-09-18,1157.0,1300.0,1202.0,1240.6236943602746,1264
243,Iowa,2020-09-25,1188.0,1379.0,1232.0,1293.9711897519219,1312
244,Iowa,2020-09-17,1155.0,1286.0,1198.0,1233.2173580450078,1250
245,Iowa,2020-09-10,1145.0,1196.0,1170.0,1183.2675029051363,1207
246,Iowa,2020-09-08,1143.0,1171.0,1161.0,1169.6545376192914,1185
247,Iowa,2020-09-09,1144.0,1185.0,1166.0,1176.4326564362375,1204
248,Iowa,2020-09-26,1197.0,1390.0,1236.0,1301.9777570356134,1314
249,Iowa,2020-09-01,1121.0,1131.0,1125.0,1122.5208542602547,1125
250,Iowa,2020-09-11,1146.0,1207.0,1174.0,1190.1597962805806,1216
251,Iowa,2020-09-05,1132.0,1152.0,1147.0,1149.2058191303774,1164
252,Iowa,2020-09-19,1161.0,1315.0,1207.0,1248.0948961516779,1265
253,Iowa,2020-09-15,1152.0,1262.0,1190.0,1218.8243440601545,1234
254,Iowa,2020-09-03,1124.0,1140.0,1133.0,1135.9233415033284,1136
255,Iowa,2020-09-21,1176.0,1337.0,1215.0,1263.0802746426054,1284
256,Iowa,2020-09-07,1139.0,1163.0,1157.0,1162.7804617022514,1170
257,Iowa,2020-09-02,1122.0,1135.0,1129.0,1129.3625286377387,1133
258,Iowa,2020-09-16,1153.0,1273.0,1194.0,1225.9898849239373,1248
259,Iowa,2020-09-24,1183.0,1369.0,1228.0,1286.037243556321,1303
260,Vermont,2020-09-06,59.0,58.0,59.0,58.48657565977511,58
261,Vermont,2020-09-22,61.0,58.0,61.0,59.62819607513699,58
262,Vermont,2020-09-04,59.0,58.0,59.0,58.348161070535085,58
263,Vermont,2020-09-20,61.0,58.0,61.0,59.48428744309017,58
264,Vermont,2020-09-23,62.0,58.0,61.0,59.70049919991497,58
265,Vermont,2020-09-13,60.0,58.0,60.0,58.979426081430724,58
266,Vermont,2020-09-12,60.0,58.0,60.0,58.907416385632494,58
267,Vermont,2020-09-14,60.0,58.0,60.0,59.051702222360625,58
268,Vermont,2020-09-18,61.0,58.0,60.0,59.336903101853565,58
269,Vermont,2020-09-25,62.0,58.0,61.0,59.850531234034285,58
270,Vermont,2020-09-17,61.0,58.0,60.0,59.263625166458645,58
271,Vermont,2020-09-10,60.0,58.0,59.0,58.76619158454505,58
272,Vermont,2020-09-08,59.0,58.0,59.0,58.627882166979724,58
273,Vermont,2020-09-09,59.0,58.0,59.0,58.696928976332664,58
274,Vermont,2020-09-26,62.0,58.0,61.0,59.925979999593125,58
275,Vermont,2020-09-01,58.0,58.0,59.0,58.14140536542412,58
276,Vermont,2020-09-11,60.0,58.0,60.0,58.83567117446959,58
277,Vermont,2020-09-05,59.0,58.0,59.0,58.41630442843572,58
278,Vermont,2020-09-19,61.0,58.0,60.0,59.41045650453934,58
279,Vermont,2020-09-15,60.0,58.0,60.0,59.12211924235335,58
280,Vermont,2020-09-03,59.0,58.0,59.0,58.28022724826777,58
281,Vermont,2020-09-21,61.0,58.0,61.0,59.55612592190165,58
282,Vermont,2020-09-07,59.0,58.0,59.0,58.55710095308771,58
283,Vermont,2020-09-02,58.0,58.0,59.0,58.212501831535945,58
284,Vermont,2020-09-16,60.0,58.0,60.0,59.192759810895886,58
285,Vermont,2020-09-24,62.0,58.0,61.0,59.77537169521928,58
286,New Jersey,2020-09-06,16208.0,15979.0,16121.0,16135.622355074755,15989
287,New Jersey,2020-09-22,16893.0,15974.0,16566.0,16387.236698199504,16076
288,New Jersey,2020-09-04,16085.0,15969.0,16031.0,16105.379112189838,15978
289,New Jersey,2020-09-20,16825.0,16013.0,16506.0,16354.032766978004,16067
290,New Jersey,2020-09-23,16969.0,15976.0,16613.0,16403.965750015483,16082
291,New Jersey,2020-09-13,16568.0,15978.0,16312.0,16243.171093016,16031
292,New Jersey,2020-09-12,16511.0,15970.0,16299.0,16227.907434284727,16027
293,New Jersey,2020-09-14,16601.0,15982.0,16326.0,16258.49635395858,16034
294,New Jersey,2020-09-18,16756.0,16004.0,16478.0,16322.641747025502,16061
295,New Jersey,2020-09-25,17039.0,15985.0,16673.0,16436.072165691778,16097
296,New Jersey,2020-09-17,16754.0,16001.0,16432.0,16307.043955996058,16057
297,New Jersey,2020-09-10,16433.0,15957.0,16207.0,16196.881120504715,16014
298,New Jersey,2020-09-08,16347.0,15942.0,16148.0,16165.457705935583,15996
299,New Jersey,2020-09-09,16351.0,15951.0,16162.0,16181.132378005077,16008
300,New Jersey,2020-09-26,17054.0,15946.0,16687.0,16452.22983618323,16103
301,New Jersey,2020-09-01,15989.0,15953.0,15959.0,16060.175063916837,15950
302,New Jersey,2020-09-11,16490.0,15958.0,16253.0,16212.704771653729,16023
303,New Jersey,2020-09-05,16120.0,15976.0,16076.0,16120.790988236613,15985
304,New Jersey,2020-09-19,16800.0,16006.0,16492.0,16338.304465919533,16064
305,New Jersey,2020-09-15,16715.0,15985.0,16340.0,16274.599698948658,16043
306,New Jersey,2020-09-03,16067.0,15960.0,15986.0,16090.03761086468,15971
307,New Jersey,2020-09-21,16892.0,16013.0,16519.0,16370.592694233708,16069
308,New Jersey,2020-09-07,16242.0,15940.0,16135.0,16150.51107377351,15991
309,New Jersey,2020-09-02,16013.0,15957.0,15972.0,16074.765705301512,15964
310,New Jersey,2020-09-16,16734.0,15994.0,16386.0,16290.781932242982,16054
311,New Jersey,2020-09-24,17020.0,15985.0,16659.0,16419.98437246159,16091
312,Kentucky,2020-09-06,953.0,977.0,961.0,980.7968213722526,996
313,Kentucky,2020-09-22,994.0,1100.0,1016.0,1118.566503818262,1119
314,Kentucky,2020-09-04,942.0,961.0,950.0,964.6752449375165,987
315,Kentucky,2020-09-20,989.0,1084.0,1009.0,1100.3919967225156,1111
316,Kentucky,2020-09-23,994.0,1109.0,1019.0,1127.8065834824847,1124
317,Kentucky,2020-09-13,971.0,1029.0,985.0,1038.8680577417042,1060
318,Kentucky,2020-09-12,969.0,1022.0,981.0,1030.288628659898,1057
319,Kentucky,2020-09-14,975.0,1037.0,988.0,1047.542571555408,1065
320,Kentucky,2020-09-18,984.0,1068.0,1002.0,1082.0749789280533,1101
321,Kentucky,2020-09-25,998.0,1125.0,1026.0,1146.8160074680077,1149
322,Kentucky,2020-09-17,982.0,1060.0,998.0,1073.070931542282,1093
323,Kentucky,2020-09-10,968.0,1007.0,974.0,1013.5432835609735,1035
324,Kentucky,2020-09-08,961.0,992.0,968.0,997.2902208199542,997
325,Kentucky,2020-09-09,964.0,999.0,971.0,1005.3727984458935,1013
326,Kentucky,2020-09-26,1002.0,1133.0,1030.0,1156.4825704103864,1154
327,Kentucky,2020-09-01,933.0,940.0,937.0,940.9117338652907,948
328,Kentucky,2020-09-11,969.0,1014.0,978.0,1021.8029405111064,1044
329,Kentucky,2020-09-05,946.0,969.0,955.0,972.6858961932812,993
330,Kentucky,2020-09-19,987.0,1076.0,1005.0,1091.1814924330258,1108
331,Kentucky,2020-09-15,978.0,1045.0,991.0,1055.9607632745226,1074
332,Kentucky,2020-09-03,939.0,955.0,944.0,956.7487937506409,976
333,Kentucky,2020-09-21,991.0,1092.0,1012.0,1109.4288087519242,1112
334,Kentucky,2020-09-07,955.0,985.0,964.0,988.9978263120864,996
335,Kentucky,2020-09-02,935.0,948.0,940.0,948.9054356163165,966
336,Kentucky,2020-09-16,980.0,1053.0,995.0,1064.4697816858095,1082
337,Kentucky,2020-09-24,995.0,1117.0,1023.0,1137.2578754678227,1137
338,Missouri,2020-09-06,1567.0,1586.0,1635.0,1627.2158719267866,1685
339,Missouri,2020-09-22,1632.0,1813.0,1773.0,1864.5349197999365,1867
340,Missouri,2020-09-04,1557.0,1574.0,1600.0,1600.4131524669676,1607
341,Missouri,2020-09-20,1619.0,1789.0,1761.0,1832.289441058694,1826
342,Missouri,2020-09-23,1636.0,1834.0,1780.0,1880.8420203004282,1938
343,Missouri,2020-09-13,1589.0,1670.0,1715.0,1725.8131772821025,1731
344,Missouri,2020-09-12,1582.0,1668.0,1705.0,1711.172901732046,1728
345,Missouri,2020-09-14,1593.0,1680.0,1725.0,1740.533850548557,1738
346,Missouri,2020-09-18,1609.0,1717.0,1749.0,1800.9635068387738,1810
347,Missouri,2020-09-25,1656.0,1836.0,1792.0,1914.0673771649379,1991
348,Missouri,2020-09-17,1604.0,1711.0,1743.0,1785.6508930518314,1782
349,Missouri,2020-09-10,1578.0,1645.0,1688.0,1682.4043311494165,1713
350,Missouri,2020-09-08,1573.0,1626.0,1676.0,1654.5462654576093,1690
351,Missouri,2020-09-09,1575.0,1639.0,1682.0,1668.396348634875,1702
352,Missouri,2020-09-26,1661.0,1844.0,1798.0,1930.7160535398384,2054
353,Missouri,2020-09-01,1541.0,1565.0,1561.0,1560.3852314321741,1562
354,Missouri,2020-09-11,1579.0,1657.0,1694.0,1696.7041342946136,1720
355,Missouri,2020-09-05,1558.0,1577.0,1615.0,1613.7370857480519,1668
356,Missouri,2020-09-19,1614.0,1749.0,1755.0,1816.457568508519,1825
357,Missouri,2020-09-15,1594.0,1687.0,1731.0,1755.434193708654,1756
358,Missouri,2020-09-03,1557.0,1567.0,1585.0,1586.9175994028205,1586
359,Missouri,2020-09-21,1628.0,1796.0,1767.0,1848.3142324212954,1838
360,Missouri,2020-09-07,1571.0,1596.0,1655.0,1640.8518647390401,1687
361,Missouri,2020-09-02,1549.0,1565.0,1571.0,1573.575693983919,1578
362,Missouri,2020-09-16,1603.0,1696.0,1737.0,1770.5170898919096,1765
363,Missouri,2020-09-24,1645.0,1834.0,1786.0,1897.3517505751065,1951
364,Tennessee,2020-09-06,1773.0,1856.0,1875.0,1883.0692216035472,1865
365,Tennessee,2020-09-22,1843.0,2158.0,1998.0,2253.572678783149,2261
366,Tennessee,2020-09-04,1766.0,1821.0,1845.0,1841.2228204283374,1837
367,Tennessee,2020-09-20,1839.0,2117.0,1984.0,2203.3966224831865,2218
368,Tennessee,2020-09-23,1847.0,2178.0,2005.0,2279.7930924765924,2277
369,Tennessee,2020-09-13,1809.0,1983.0,1936.0,2036.0000533999366,2078
370,Tennessee,2020-09-12,1800.0,1964.0,1930.0,2013.0116292353696,2064
371,Tennessee,2020-09-14,1812.0,2001.0,1943.0,2058.571666931337,2097
372,Tennessee,2020-09-18,1832.0,2078.0,1970.0,2153.7457272395845,2196
373,Tennessee,2020-09-25,1869.0,2219.0,2019.0,2333.451790403074,2352
374,Tennessee,2020-09-17,1826.0,2058.0,1963.0,2129.027715449424,2164
375,Tennessee,2020-09-10,1794.0,1927.0,1912.0,1968.040936932095,1988
376,Tennessee,2020-09-08,1778.0,1891.0,1889.0,1925.3569497284402,1896
377,Tennessee,2020-09-09,1783.0,1909.0,1900.0,1946.5494424727246,1931
378,Tennessee,2020-09-26,1873.0,2240.0,2026.0,2360.35801575111,2374
379,Tennessee,2020-09-01,1753.0,1771.0,1784.0,1780.8372991362041,1781
380,Tennessee,2020-09-11,1798.0,1946.0,1923.0,1990.3606404724405,2025
381,Tennessee,2020-09-05,1768.0,1838.0,1868.0,1861.9925646076342,1862
382,Tennessee,2020-09-19,1836.0,2098.0,1977.0,2178.8432672915073,2216
383,Tennessee,2020-09-15,1815.0,2020.0,1950.0,2081.4638495388413,2127
384,Tennessee,2020-09-03,1762.0,1804.0,1823.0,1820.812499554633,1815
385,Tennessee,2020-09-21,1842.0,2137.0,1991.0,2228.304372517068,2233
386,Tennessee,2020-09-07,1778.0,1873.0,1882.0,1904.4584625751197,1869
387,Tennessee,2020-09-02,1760.0,1788.0,1801.0,1800.6855402082324,1797
388,Tennessee,2020-09-16,1826.0,2039.0,1957.0,2104.6820802094057,2151
389,Tennessee,2020-09-24,1860.0,2199.0,2012.0,2306.416860932205,2312
390,Virginia,2020-09-06,2628.0,2679.0,2764.0,2648.256353688025,2678
391,Virginia,2020-09-22,2704.0,2967.0,2972.0,2854.0750925639504,3060
392,Virginia,2020-09-04,2607.0,2646.0,2698.0,2623.6446057531953,2662
393,Virginia,2020-09-20,2701.0,2930.0,2952.0,2827.4651130859606,3015
394,Virginia,2020-09-23,2715.0,2986.0,2983.0,2867.409383975141,3089
395,Virginia,2020-09-13,2648.0,2802.0,2881.0,2736.4398200129867,2724
396,Virginia,2020-09-12,2646.0,2784.0,2864.0,2723.654408538341,2722
397,Virginia,2020-09-14,2654.0,2820.0,2891.0,2749.2985134819455,2743
398,Virginia,2020-09-18,2682.0,2893.0,2931.0,2800.9927928975067,2949
399,Virginia,2020-09-25,2729.0,3025.0,3003.0,2894.502705459193,3136
400,Virginia,2020-09-17,2682.0,2874.0,2921.0,2787.9996998672373,2920
401,Virginia,2020-09-10,2641.0,2749.0,2830.0,2698.5007026927333,2708
402,Virginia,2020-09-08,2635.0,2714.0,2809.0,2673.3652999516025,2686
403,Virginia,2020-09-09,2636.0,2731.0,2820.0,2686.0287180703067,2697
404,Virginia,2020-09-26,2743.0,3044.0,3014.0,2908.2659020848937,3144
405,Virginia,2020-09-01,2580.0,2598.0,2623.0,2585.2892377612884,2612
406,Virginia,2020-09-11,2644.0,2766.0,2847.0,2711.042452885021,2711
407,Virginia,2020-09-05,2607.0,2662.0,2731.0,2635.9158795938856,2677
408,Virginia,2020-09-19,2691.0,2911.0,2942.0,2814.191112294311,2990
409,Virginia,2020-09-15,2658.0,2838.0,2901.0,2762.2309680755775,2839
410,Virginia,2020-09-03,2604.0,2629.0,2673.0,2611.442094748611,2652
411,Virginia,2020-09-21,2703.0,2948.0,2962.0,2840.815288983532,3021
412,Virginia,2020-09-07,2633.0,2697.0,2799.0,2660.7746712294556,2684
413,Virginia,2020-09-02,2585.0,2614.0,2648.0,2598.3252960328723,2641
414,Virginia,2020-09-16,2676.0,2856.0,2911.0,2775.079244186019,2884
415,Virginia,2020-09-24,2720.0,3005.0,2993.0,2880.818634216638,3113
416,Mississippi,2020-09-06,2496.0,2636.0,2608.0,2608.6570315187173,2584
417,Mississippi,2020-09-22,2589.0,3103.0,2829.0,3000.672099821054,2846
418,Mississippi,2020-09-04,2475.0,2560.0,2553.0,2563.1548041678634,2558
419,Mississippi,2020-09-20,2583.0,3068.0,2810.0,2948.450229159655,2810
420,Mississippi,2020-09-23,2594.0,3139.0,2839.0,3027.5001629723656,2870
421,Mississippi,2020-09-13,2538.0,2830.0,2736.0,2772.753513327307,2697
422,Mississippi,2020-09-12,2522.0,2802.0,2719.0,2748.4260568924233,2685
423,Mississippi,2020-09-14,2539.0,2871.0,2752.0,2796.8135139188776,2706
424,Mississippi,2020-09-18,2570.0,2980.0,2790.0,2896.807825461939,2792
425,Mississippi,2020-09-25,2603.0,3229.0,2859.0,3082.0911981423665,2894
426,Mississippi,2020-09-17,2559.0,2946.0,2781.0,2871.130643459545,2780
427,Mississippi,2020-09-10,2517.0,2759.0,2693.0,2700.590728211725,2656
428,Mississippi,2020-09-08,2499.0,2677.0,2673.0,2654.4746070942533,2585
429,Mississippi,2020-09-09,2513.0,2721.0,2683.0,2677.4044114400062,2623
430,Mississippi,2020-09-26,2605.0,3247.0,2869.0,3109.6927040323817,2911
431,Mississippi,2020-09-01,2452.0,2499.0,2489.0,2496.04448450887,2493
432,Mississippi,2020-09-11,2521.0,2787.0,2703.0,2724.3730531890146,2670
433,Mississippi,2020-09-05,2478.0,2604.0,2577.0,2585.77722937556,2569
434,Mississippi,2020-09-19,2576.0,3034.0,2800.0,2922.7830299393895,2809
435,Mississippi,2020-09-15,2549.0,2913.0,2761.0,2821.1435382594454,2734
436,Mississippi,2020-09-03,2461.0,2530.0,2529.0,2540.5283243808954,2536
437,Mississippi,2020-09-21,2585.0,3086.0,2819.0,2974.411853585445,2810
438,Mississippi,2020-09-07,2497.0,2653.0,2641.0,2631.797785538474,2585
439,Mississippi,2020-09-02,2459.0,2515.0,2506.0,2518.1594427339414,2526
440,Mississippi,2020-09-16,2551.0,2930.0,2771.0,2845.7473276514083,2756
441,Mississippi,2020-09-24,2599.0,3193.0,2849.0,3054.6384063702203,2874
442,Louisiana,2020-09-06,4997.0,5115.0,5104.0,5094.975645538813,5093
443,Louisiana,2020-09-22,5231.0,5564.0,5395.0,5483.71294266683,5388
444,Louisiana,2020-09-04,4992.0,5058.0,5056.0,5048.814956414105,5035
445,Louisiana,2020-09-20,5186.0,5505.0,5358.0,5433.809147542274,5368
446,Louisiana,2020-09-23,5240.0,5593.0,5414.0,5509.660959926622,5407
447,Louisiana,2020-09-13,5117.0,5307.0,5229.0,5260.31452709345,5235
448,Louisiana,2020-09-12,5094.0,5279.0,5211.0,5236.006867623485,5202
449,Louisiana,2020-09-14,5120.0,5335.0,5248.0,5284.715146077859,5252
450,Louisiana,2020-09-18,5174.0,5448.0,5321.0,5383.89891005484,5342
451,Louisiana,2020-09-25,5253.0,5652.0,5452.0,5562.062926079371,5444
452,Louisiana,2020-09-17,5164.0,5419.0,5302.0,5358.873245294058,5313
453,Louisiana,2020-09-10,5059.0,5224.0,5175.0,5187.850859314593,5161
454,Louisiana,2020-09-08,5041.0,5170.0,5140.0,5141.326423381197,5118
455,Louisiana,2020-09-09,5058.0,5197.0,5157.0,5164.519870070815,5140
456,Louisiana,2020-09-26,5265.0,5682.0,5471.0,5588.170156313244,5444
457,Louisiana,2020-09-01,4954.0,4980.0,4978.0,4981.458340619307,4984
458,Louisiana,2020-09-11,5075.0,5252.0,5193.0,5211.852719394717,5202
459,Louisiana,2020-09-05,4996.0,5088.0,5086.0,5071.824484032018,5035
460,Louisiana,2020-09-19,5183.0,5477.0,5339.0,5409.084491074853,5342
461,Louisiana,2020-09-15,5129.0,5363.0,5266.0,5309.278501758509,5278
462,Louisiana,2020-09-03,4973.0,5032.0,5026.0,5026.2314022775645,5021
463,Louisiana,2020-09-21,5204.0,5535.0,5377.0,5458.684912799819,5377
464,Louisiana,2020-09-07,5028.0,5142.0,5122.0,5118.269538453539,5105
465,Louisiana,2020-09-02,4959.0,5005.0,4997.0,5003.779504018575,5004
466,Louisiana,2020-09-16,5145.0,5391.0,5284.0,5334.00619844175,5296
467,Louisiana,2020-09-24,5242.0,5622.0,5433.0,5535.77716132038,5423
468,West Virginia,2020-09-06,221.0,232.0,230.0,231.53393406995687,249
469,West Virginia,2020-09-22,231.0,273.0,245.0,285.21150587831403,320
470,West Virginia,2020-09-04,219.0,214.0,224.0,225.7971456451395,245
471,West Virginia,2020-09-20,229.0,244.0,243.0,277.7149217528168,314
472,West Virginia,2020-09-23,232.0,273.0,246.0,289.06084418932585,322
473,West Virginia,2020-09-13,224.0,244.0,237.0,253.09970235163976,267
474,West Virginia,2020-09-12,223.0,233.0,237.0,249.86149277990555,266
475,West Virginia,2020-09-14,224.0,245.0,238.0,256.39566348831096,278
476,West Virginia,2020-09-18,227.0,244.0,242.0,270.3439743943801,300
477,West Virginia,2020-09-25,233.0,273.0,248.0,297.04889103950575,335
478,West Virginia,2020-09-17,227.0,244.0,241.0,266.7583058411186,297
479,West Virginia,2020-09-10,222.0,232.0,234.0,243.54683481333444,258
480,West Virginia,2020-09-08,221.0,232.0,232.0,237.44041664572603,252
481,West Virginia,2020-09-09,221.0,232.0,232.0,240.46739614598286,255
482,West Virginia,2020-09-26,233.0,273.0,248.0,301.1552697646909,337
483,West Virginia,2020-09-01,218.0,215.0,218.0,217.54979160563525,224
484,West Virginia,2020-09-11,223.0,232.0,235.0,246.67981582189483,264
485,West Virginia,2020-09-05,220.0,229.0,227.0,228.6560074956716,246
486,West Virginia,2020-09-19,228.0,244.0,242.0,273.99569236948287,311
487,West Virginia,2020-09-15,225.0,244.0,239.0,259.7884390443379,283
488,West Virginia,2020-09-03,219.0,215.0,222.0,222.98554326388282,240
489,West Virginia,2020-09-21,229.0,255.0,244.0,281.42999815905654,315
490,West Virginia,2020-09-07,221.0,233.0,231.0,234.46172044841526,248
491,West Virginia,2020-09-02,218.0,214.0,220.0,220.22027322725398,233
492,West Virginia,2020-09-16,226.0,244.0,240.0,263.2422200122457,293
493,West Virginia,2020-09-24,232.0,273.0,247.0,293.0179649094616,328
494,Michigan,2020-09-06,6852.0,6836.0,6974.0,6831.523080381668,6806
495,Michigan,2020-09-22,7060.0,7043.0,7372.0,7053.3218216901,6997
496,Michigan,2020-09-04,6850.0,6799.0,6909.0,6804.414480713336,6798
497,Michigan,2020-09-20,7043.0,7040.0,7321.0,7025.1091293009995,6969
498,Michigan,2020-09-23,7072.0,7081.0,7397.0,7067.481431801,7013
499,Michigan,2020-09-13,6943.0,6921.0,7145.0,6927.47086898401,6911
500,Michigan,2020-09-12,6926.0,6918.0,7120.0,6913.661458681027,6911
501,Michigan,2020-09-14,6946.0,6958.0,7170.0,6941.31477665081,6921
502,Michigan,2020-09-18,7028.0,6999.0,7270.0,6997.037683599485,6954
503,Michigan,2020-09-25,7082.0,7084.0,7449.0,7095.907777400043,7027
504,Michigan,2020-09-17,6994.0,6999.0,7245.0,6983.054633855895,6955
505,Michigan,2020-09-10,6900.0,6881.0,7071.0,6886.145673764827,6894
506,Michigan,2020-09-08,6862.0,6878.0,7022.0,6858.76651419987,6811
507,Michigan,2020-09-09,6872.0,6878.0,7047.0,6872.439072227455,6886
508,Michigan,2020-09-26,7116.0,7122.0,7474.0,7110.174753541603,7044
509,Michigan,2020-09-01,6816.0,6758.0,6801.0,6764.002464338844,6767
510,Michigan,2020-09-11,6910.0,6918.0,7096.0,6899.886431513486,6900
511,Michigan,2020-09-05,6851.0,6836.0,6950.0,6817.951981693221,6806
512,Michigan,2020-09-19,7029.0,7002.0,7295.0,7011.055809627681,6969
513,Michigan,2020-09-15,6952.0,6958.0,7195.0,6955.193296424511,6932
514,Michigan,2020-09-03,6839.0,6794.0,6868.0,6790.910467228967,6791
515,Michigan,2020-09-21,7043.0,7040.0,7346.0,7039.19776051236,6981
516,Michigan,2020-09-07,6853.0,6841.0,6998.0,6845.127887483857,6810
517,Michigan,2020-09-02,6836.0,6794.0,6827.0,6777.439831516461,6781
518,Michigan,2020-09-16,6982.0,6962.0,7220.0,6969.106543565799,6943
519,Michigan,2020-09-24,7075.0,7081.0,7423.0,7081.676710353358,7019
520,Oklahoma,2020-09-06,813.0,849.0,859.0,845.4492134342428,853
521,Oklahoma,2020-09-22,858.0,1024.0,915.0,979.8259412999806,962
522,Oklahoma,2020-09-04,808.0,827.0,853.0,829.6535152758303,846
523,Oklahoma,2020-09-20,853.0,1010.0,909.0,961.6710924290619,946
524,Oklahoma,2020-09-23,862.0,1034.0,918.0,989.0402948453084,970
525,Oklahoma,2020-09-13,831.0,933.0,887.0,901.5513366533057,905
526,Oklahoma,2020-09-12,830.0,917.0,884.0,893.3830438497954,899
527,Oklahoma,2020-09-14,839.0,938.0,890.0,909.8134785414082,905
528,Oklahoma,2020-09-18,850.0,988.0,902.0,943.8932698625765,939
529,Oklahoma,2020-09-25,869.0,1050.0,924.0,1007.6700662212139,993
530,Oklahoma,2020-09-17,849.0,984.0,899.0,935.2160757276749,930
531,Oklahoma,2020-09-10,822.0,888.0,878.0,877.2086953558365,876
532,Oklahoma,2020-09-08,817.0,866.0,867.0,861.2309663154209,854
533,Oklahoma,2020-09-09,821.0,881.0,872.0,869.2638339450376,863
534,Oklahoma,2020-09-26,871.0,1066.0,928.0,1017.0828322651486,1004
535,Oklahoma,2020-09-01,802.0,811.0,822.0,806.3218754276454,808
536,Oklahoma,2020-09-11,825.0,899.0,881.0,885.2479644656739,888
537,Oklahoma,2020-09-05,813.0,840.0,856.0,837.5028105747539,850
538,Oklahoma,2020-09-19,853.0,997.0,905.0,952.7282698356287,943
539,Oklahoma,2020-09-15,844.0,950.0,893.0,918.1707708887717,912
540,Oklahoma,2020-09-03,806.0,822.0,842.0,821.8998237099047,835
541,Oklahoma,2020-09-21,856.0,1021.0,912.0,970.7233826941214,948
542,Oklahoma,2020-09-07,816.0,856.0,862.0,853.2932236245341,853
543,Oklahoma,2020-09-02,804.0,818.0,832.0,814.0658610498011,821
544,Oklahoma,2020-09-16,844.0,970.0,896.0,926.6424183327766,924
545,Oklahoma,2020-09-24,865.0,1044.0,921.0,998.3681490002484,981
546,Utah,2020-09-06,416.0,416.0,412.0,421.9886418449988,422
547,Utah,2020-09-22,435.0,416.0,423.0,458.980584838339,443
548,Utah,2020-09-04,414.0,414.0,410.0,417.6396488437014,419
549,Utah,2020-09-20,432.0,416.0,422.0,454.2225931241036,440
550,Utah,2020-09-23,435.0,416.0,425.0,461.390423148205,444
551,Utah,2020-09-13,426.0,416.0,417.0,437.66070998785364,433
552,Utah,2020-09-12,424.0,416.0,417.0,435.3285883292762,433
553,Utah,2020-09-14,427.0,416.0,417.0,440.01412627511894,436
554,Utah,2020-09-18,431.0,416.0,421.0,449.30232821001886,437
555,Utah,2020-09-25,439.0,416.0,426.0,466.5148833904288,448
556,Utah,2020-09-17,430.0,416.0,420.0,446.8765528476587,437
557,Utah,2020-09-10,420.0,416.0,414.0,430.82807453476903,430
558,Utah,2020-09-08,418.0,416.0,413.0,426.5018327219748,424
559,Utah,2020-09-09,420.0,416.0,413.0,428.65627849169124,427
560,Utah,2020-09-26,439.0,416.0,426.0,469.1142442675951,448
561,Utah,2020-09-01,412.0,407.0,408.0,411.2794867972465,409
562,Utah,2020-09-11,422.0,416.0,415.0,433.0174507292309,431
563,Utah,2020-09-05,415.0,414.0,411.0,419.76206150325476,420
564,Utah,2020-09-19,431.0,416.0,421.0,451.7508907935032,440
565,Utah,2020-09-15,428.0,416.0,418.0,442.2824081811267,436
566,Utah,2020-09-03,414.0,414.0,409.0,415.53371210609475,414
567,Utah,2020-09-21,433.0,416.0,422.0,456.5914059835012,441
568,Utah,2020-09-07,417.0,416.0,412.0,424.2351358268006,423
569,Utah,2020-09-02,414.0,407.0,408.0,413.4440613491544,410
570,Utah,2020-09-16,430.0,416.0,419.0,444.5697952631634,437
571,Utah,2020-09-24,437.0,416.0,426.0,463.9404058986689,444
572,Minnesota,2020-09-06,1897.0,1879.0,1887.0,1911.6691628285328,1909
573,Minnesota,2020-09-22,1972.0,1914.0,1939.0,2025.884885988005,2031
574,Minnesota,2020-09-04,1883.0,1874.0,1876.0,1897.9669083091417,1899
575,Minnesota,2020-09-20,1965.0,1909.0,1932.0,2011.1743921559942,2017
576,Minnesota,2020-09-23,1977.0,1916.0,1945.0,2033.2910891089118,2037
577,Minnesota,2020-09-13,1925.0,1894.0,1909.0,1960.6276430714345,1971
578,Minnesota,2020-09-12,1923.0,1892.0,1908.0,1953.5267678681387,1958
579,Minnesota,2020-09-14,1930.0,1896.0,1911.0,1967.76123204261,1974
580,Minnesota,2020-09-18,1950.0,1905.0,1929.0,1996.5427920071063,2002
581,Minnesota,2020-09-25,1990.0,1920.0,1952.0,2048.2645234017996,2046
582,Minnesota,2020-09-17,1945.0,1903.0,1923.0,1989.2776946381614,1994
583,Minnesota,2020-09-10,1913.0,1888.0,1897.0,1939.4475860867387,1936
584,Minnesota,2020-09-08,1904.0,1883.0,1890.0,1925.5207189630714,1914
585,Minnesota,2020-09-09,1908.0,1885.0,1892.0,1932.4684207774005,1921
586,Minnesota,2020-09-26,1991.0,1923.0,1953.0,2055.803983267,2056
587,Minnesota,2020-09-01,1870.0,1868.0,1868.0,1877.4083368318286,1871
588,Minnesota,2020-09-11,1917.0,1890.0,1902.0,1946.4584039839572,1949
589,Minnesota,2020-09-05,1890.0,1877.0,1882.0,1904.7905064816698,1903
590,Minnesota,2020-09-19,1952.0,1907.0,1930.0,2003.8416202544793,2015
591,Minnesota,2020-09-15,1931.0,1898.0,1913.0,1974.9007012181676,1979
592,Minnesota,2020-09-03,1878.0,1872.0,1871.0,1891.1738527541854,1889
593,Minnesota,2020-09-21,1971.0,1912.0,1934.0,2018.5127231356078,2021
594,Minnesota,2020-09-07,1901.0,1881.0,1889.0,1918.579169409374,1912
595,Minnesota,2020-09-02,1876.0,1870.0,1870.0,1884.411159531024,1882
596,Minnesota,2020-09-16,1933.0,1901.0,1918.0,1982.0727892668413,1985
597,Minnesota,2020-09-24,1980.0,1918.0,1950.0,2040.7602999373494,2040
598,Indiana,2020-09-06,3364.0,3360.0,3333.0,3366.3516434153253,3364
599,Indiana,2020-09-22,3502.0,3534.0,3425.0,3552.3161369102368,3520
600,Indiana,2020-09-04,3353.0,3339.0,3314.0,3343.9204291196534,3350
601,Indiana,2020-09-20,3488.0,3512.0,3412.0,3528.463030154481,3506
602,Indiana,2020-09-23,3503.0,3545.0,3434.0,3564.317507930665,3530
603,Indiana,2020-09-13,3422.0,3435.0,3372.0,3446.2263957757377,3438
604,Indiana,2020-09-12,3415.0,3425.0,3369.0,3434.6417248850103,3437
605,Indiana,2020-09-14,3424.0,3446.0,3375.0,3457.8596691046446,3439
606,Indiana,2020-09-18,3472.0,3490.0,3407.0,3504.655752425766,3495
607,Indiana,2020-09-25,3509.0,3568.0,3447.0,3588.6295329198433,3566
608,Indiana,2020-09-17,3449.0,3479.0,3397.0,3492.8270525662033,3478
609,Indiana,2020-09-10,3404.0,3403.0,3351.0,3411.6894281688674,3410
610,Indiana,2020-09-08,3375.0,3382.0,3338.0,3388.9981697540848,3380
611,Indiana,2020-09-09,3387.0,3393.0,3341.0,3400.3204290859403,3397
612,Indiana,2020-09-26,3513.0,3579.0,3450.0,3600.8629926399294,3577
613,Indiana,2020-09-01,3318.0,3307.0,3299.0,3310.2519211048552,3312
614,Indiana,2020-09-11,3408.0,3414.0,3360.0,3423.105404886158,3420
615,Indiana,2020-09-05,3363.0,3350.0,3323.0,3355.0988278948207,3362
616,Indiana,2020-09-19,3487.0,3501.0,3409.0,3516.5343246251514,3503
617,Indiana,2020-09-15,3429.0,3457.0,3378.0,3469.4671847036648,3460
618,Indiana,2020-09-03,3345.0,3328.0,3305.0,3332.7879726892256,3332
619,Indiana,2020-09-21,3497.0,3523.0,3415.0,3540.364729623767,3512
620,Indiana,2020-09-07,3372.0,3371.0,3336.0,3377.6513432068255,3368
621,Indiana,2020-09-02,3336.0,3318.0,3302.0,3321.7012266162064,3325
622,Indiana,2020-09-16,3447.0,3468.0,3387.0,3481.122896952597,3472
623,Indiana,2020-09-24,3505.0,3556.0,3444.0,3576.4477949612824,3548
624,New Hampshire,2020-09-06,441.0,432.0,438.0,437.01389703707525,433
625,New Hampshire,2020-09-22,457.0,432.0,451.0,447.4289362657277,438
626,New Hampshire,2020-09-04,439.0,432.0,436.0,435.73540873028094,432
627,New Hampshire,2020-09-20,457.0,432.0,448.0,446.1086348154711,438
628,New Hampshire,2020-09-23,458.0,432.0,452.0,448.09108701331695,438
629,New Hampshire,2020-09-13,448.0,432.0,443.0,441.5292540439718,436
630,New Hampshire,2020-09-12,447.0,432.0,442.0,440.88030764157554,435
631,New Hampshire,2020-09-14,449.0,432.0,443.0,442.1795070222289,436
632,New Hampshire,2020-09-18,455.0,432.0,447.0,444.7936459824617,438
633,New Hampshire,2020-09-25,461.0,432.0,453.0,449.41940420617505,438
634,New Hampshire,2020-09-17,455.0,432.0,447.0,444.1381360366261,438
635,New Hampshire,2020-09-10,444.0,432.0,441.0,439.58632236987745,434
636,New Hampshire,2020-09-08,443.0,432.0,438.0,438.29752689675195,433
637,New Hampshire,2020-09-09,443.0,432.0,440.0,438.9412774229908,433
638,New Hampshire,2020-09-26,464.0,432.0,453.0,450.0855769369209,439
639,New Hampshire,2020-09-01,437.0,432.0,433.0,433.82726435389617,432
640,New Hampshire,2020-09-11,445.0,432.0,442.0,440.23266476445,434
641,New Hampshire,2020-09-05,440.0,432.0,437.0,436.37401168850676,432
642,New Hampshire,2020-09-19,456.0,432.0,448.0,445.45047787597866,438
643,New Hampshire,2020-09-15,451.0,432.0,444.0,442.83106963483226,438
644,New Hampshire,2020-09-03,438.0,432.0,435.0,435.0980851741746,432
645,New Hampshire,2020-09-21,457.0,432.0,449.0,446.76811990726236,438
646,New Hampshire,2020-09-07,441.0,432.0,438.0,437.65506777192905,433
647,New Hampshire,2020-09-02,437.0,432.0,434.0,434.4620380396627,432
648,New Hampshire,2020-09-16,453.0,432.0,446.0,443.4839449481841,438
649,New Hampshire,2020-09-24,460.0,432.0,452.0,448.75457528057706,438
650,Maryland,2020-09-06,3786.0,3820.0,3797.0,3810.678819605135,3799
651,Maryland,2020-09-22,3950.0,3973.0,3902.0,3961.097182760868,3895
652,Maryland,2020-09-04,3779.0,3795.0,3776.0,3792.349875510358,3789
653,Maryland,2020-09-20,3944.0,3958.0,3887.0,3941.9201955124477,3879
654,Maryland,2020-09-23,3958.0,3981.0,3913.0,3970.7265789020735,3902
655,Maryland,2020-09-13,3846.0,3888.0,3842.0,3875.6502798274373,3838
656,Maryland,2020-09-12,3833.0,3869.0,3839.0,3866.2898442784467,3836
657,Maryland,2020-09-14,3854.0,3895.0,3845.0,3885.037213129814,3839
658,Maryland,2020-09-18,3897.0,3932.0,3881.0,3922.8516811180134,3869
659,Maryland,2020-09-25,3973.0,4004.0,3927.0,3990.067629649592,3917
660,Maryland,2020-09-17,3884.0,3926.0,3870.0,3913.3578773370837,3861
661,Maryland,2020-09-10,3825.0,3853.0,3817.0,3847.6481176716275,3824
662,Maryland,2020-09-08,3803.0,3830.0,3803.0,3829.1113390923615,3807
663,Maryland,2020-09-09,3814.0,3845.0,3806.0,3838.366653060268,3816
664,Maryland,2020-09-26,3986.0,4013.0,3930.0,3999.779466677108,3925
665,Maryland,2020-09-01,3759.0,3769.0,3759.0,3764.8333222426613,3761
666,Maryland,2020-09-11,3831.0,3859.0,3828.0,3856.9558192073523,3828
667,Maryland,2020-09-05,3782.0,3804.0,3786.0,3801.5014431616232,3796
668,Maryland,2020-09-19,3923.0,3940.0,3884.0,3932.37242407516,3876
669,Maryland,2020-09-15,3872.0,3902.0,3848.0,3894.45073179548,3849
670,Maryland,2020-09-03,3777.0,3788.0,3765.0,3783.2240319995985,3778
671,Maryland,2020-09-21,3946.0,3968.0,3891.0,3951.495085077047,3883
672,Maryland,2020-09-07,3796.0,3824.0,3800.0,3819.8820898156537,3804
673,Maryland,2020-09-02,3774.0,3783.0,3762.0,3774.1238282992326,3766
674,Maryland,2020-09-16,3882.0,3912.0,3859.0,3903.890923770204,3855
675,Maryland,2020-09-24,3961.0,3996.0,3924.0,3980.3833641865817,3909
676,North Carolina,2020-09-06,2765.0,2846.0,2782.0,2813.240230933475,2890
677,North Carolina,2020-09-22,2872.0,3242.0,2941.0,3125.666149173899,3286
678,North Carolina,2020-09-04,2748.0,2795.0,2749.0,2776.1043560975572,2839
679,North Carolina,2020-09-20,2853.0,3193.0,2920.0,3085.350864232739,3243
680,North Carolina,2020-09-23,2883.0,3264.0,2951.0,3146.0756922471287,3316
681,North Carolina,2020-09-13,2799.0,3013.0,2850.0,2946.452925147606,3052
682,North Carolina,2020-09-12,2799.0,2979.0,2841.0,2926.7337107071457,3047
683,North Carolina,2020-09-14,2809.0,3041.0,2860.0,2966.3444512602914,3060
684,North Carolina,2020-09-18,2833.0,3136.0,2900.0,3044.4932482239496,3207
685,North Carolina,2020-09-25,2894.0,3333.0,2971.0,3188.929084555413,3409
686,North Carolina,2020-09-17,2828.0,3115.0,2890.0,3024.3261144170992,3180
687,North Carolina,2020-09-10,2795.0,2936.0,2821.0,2888.4183876791717,2990
688,North Carolina,2020-09-08,2780.0,2886.0,2801.0,2851.342658492215,2909
689,North Carolina,2020-09-09,2789.0,2919.0,2811.0,2869.8048237248704,2958
690,North Carolina,2020-09-26,2895.0,3351.0,2982.0,3210.6381128856274,3440
691,North Carolina,2020-09-01,2712.0,2733.0,2713.0,2721.101079908678,2741
692,North Carolina,2020-09-11,2796.0,2956.0,2831.0,2907.184928920772,3023
693,North Carolina,2020-09-05,2754.0,2818.0,2766.0,2794.4396772901964,2889
694,North Carolina,2020-09-19,2833.0,3159.0,2910.0,3064.8341960060575,3235
695,North Carolina,2020-09-15,2817.0,3060.0,2870.0,2985.5141985247474,3111
696,North Carolina,2020-09-03,2745.0,2779.0,2733.0,2757.919359187619,2803
697,North Carolina,2020-09-21,2868.0,3224.0,2931.0,3105.425130150289,3247
698,North Carolina,2020-09-07,2779.0,2865.0,2792.0,2832.2072412017355,2897
699,North Carolina,2020-09-02,2728.0,2765.0,2723.0,2739.883149724313,2779
700,North Carolina,2020-09-16,2822.0,3084.0,2880.0,3004.840878321184,3149
701,North Carolina,2020-09-24,2888.0,3300.0,2961.0,3167.4089685517024,3356
702,Maine,2020-09-06,134.0,132.0,134.0,134.57412613124617,134
703,Maine,2020-09-22,141.0,132.0,138.0,139.83243645019965,140
704,Maine,2020-09-04,134.0,132.0,134.0,133.9444939490152,134
705,Maine,2020-09-20,140.0,132.0,137.0,139.15271827262222,139
706,Maine,2020-09-23,141.0,132.0,138.0,140.1706707714589,140
707,Maine,2020-09-13,138.0,132.0,136.0,136.83062284324612,136
708,Maine,2020-09-12,138.0,132.0,136.0,136.5064267790933,135
709,Maine,2020-09-14,138.0,132.0,136.0,137.16099828736853,136
710,Maine,2020-09-18,139.0,132.0,137.0,138.4841366874772,138
711,Maine,2020-09-25,141.0,132.0,139.0,140.8514237577554,140
712,Maine,2020-09-17,139.0,132.0,137.0,138.15449035044415,138
713,Maine,2020-09-10,136.0,132.0,135.0,135.86200963498595,134
714,Maine,2020-09-08,135.0,132.0,134.0,135.2131552383793,134
715,Maine,2020-09-09,136.0,132.0,135.0,135.53687586741174,134
716,Maine,2020-09-26,142.0,132.0,139.0,141.1996637606633,140
717,Maine,2020-09-01,133.0,132.0,133.0,132.9825629325118,132
718,Maine,2020-09-11,137.0,132.0,135.0,136.18355841280993,134
719,Maine,2020-09-05,134.0,132.0,134.0,134.25868073943403,134
720,Maine,2020-09-19,140.0,132.0,137.0,138.8151385460061,139
721,Maine,2020-09-15,138.0,132.0,136.0,137.49285077701072,137
722,Maine,2020-09-03,133.0,132.0,133.0,133.6224526649191,133
723,Maine,2020-09-21,141.0,132.0,138.0,139.49181379489133,140
724,Maine,2020-09-07,134.0,132.0,134.0,134.890837611615,134
725,Maine,2020-09-02,133.0,132.0,133.0,133.30181230944706,133
726,Maine,2020-09-16,138.0,132.0,137.0,137.82619130000242,138
727,Maine,2020-09-24,141.0,132.0,139.0,140.5103302164002,140
728,Massachusetts,2020-09-06,9210.0,9155.0,9164.0,9127.289946280758,9125
729,Massachusetts,2020-09-22,9578.0,9404.0,9454.0,9341.974976055806,9328
730,Massachusetts,2020-09-04,9186.0,9124.0,9148.0,9100.878202231388,9100
731,Massachusetts,2020-09-20,9564.0,9372.0,9401.0,9314.8062559451,9310
732,Massachusetts,2020-09-23,9583.0,9419.0,9462.0,9355.595415653876,9347
733,Massachusetts,2020-09-13,9377.0,9263.0,9272.0,9220.46855660781,9210
734,Massachusetts,2020-09-12,9362.0,9248.0,9265.0,9207.086726377,9196
735,Massachusetts,2020-09-14,9421.0,9279.0,9299.0,9233.874041346515,9219
736,Massachusetts,2020-09-18,9492.0,9341.0,9367.0,9287.733439272544,9269
737,Massachusetts,2020-09-25,9650.0,9451.0,9478.0,9382.908686266202,9373
738,Massachusetts,2020-09-17,9484.0,9325.0,9359.0,9274.232879324083,9260
739,Massachusetts,2020-09-10,9299.0,9217.0,9249.0,9180.39384740096,9166
740,Massachusetts,2020-09-08,9261.0,9186.0,9197.0,9153.795041263731,9141
741,Massachusetts,2020-09-09,9293.0,9201.0,9223.0,9167.082707867163,9146
742,Massachusetts,2020-09-26,9700.0,9467.0,9504.0,9396.601610496205,9391
743,Massachusetts,2020-09-01,9102.0,9076.0,9072.0,9061.434834761021,9064
744,Massachusetts,2020-09-11,9307.0,9232.0,9257.0,9193.72850512149,9180
745,Massachusetts,2020-09-05,9194.0,9140.0,9156.0,9114.072427846148,9116
746,Massachusetts,2020-09-19,9535.0,9357.0,9375.0,9301.257882782775,9295
747,Massachusetts,2020-09-15,9431.0,9294.0,9325.0,9247.303226218175,9225
748,Massachusetts,2020-09-03,9160.0,9107.0,9123.0,9087.707224636613,9077
749,Massachusetts,2020-09-21,9564.0,9388.0,9427.0,9328.378604943504,9317
750,Massachusetts,2020-09-07,9250.0,9171.0,9172.0,9140.530802425992,9133
751,Massachusetts,2020-09-02,9117.0,9092.0,9097.0,9074.559450352692,9060
752,Massachusetts,2020-09-16,9469.0,9310.0,9351.0,9260.756156940504,9245
753,Massachusetts,2020-09-24,9598.0,9435.0,9470.0,9369.239970203822,9362
754,North Dakota,2020-09-06,145.0,151.0,152.0,153.18106998494324,156
755,North Dakota,2020-09-22,151.0,176.0,165.0,180.62146101388439,196
756,North Dakota,2020-09-04,145.0,148.0,149.0,150.027286229646,150
757,North Dakota,2020-09-20,150.0,172.0,163.0,176.8836668844563,192
758,North Dakota,2020-09-23,151.0,177.0,165.0,182.52977445988338,203
759,North Dakota,2020-09-13,147.0,161.0,159.0,164.63242192112946,168
760,North Dakota,2020-09-12,147.0,160.0,158.0,162.9283423737522,167
761,North Dakota,2020-09-14,147.0,163.0,160.0,166.3038365643488,170
762,North Dakota,2020-09-18,149.0,169.0,162.0,173.24902249658237,184
763,North Dakota,2020-09-25,151.0,181.0,166.0,186.42767626742528,219
764,North Dakota,2020-09-17,149.0,168.0,162.0,171.46964266166975,182
765,North Dakota,2020-09-10,146.0,157.0,157.0,159.5900914596515,160
766,North Dakota,2020-09-08,146.0,154.0,156.0,156.37077252478267,156
767,North Dakota,2020-09-09,146.0,155.0,156.0,157.9696482604732,157
768,North Dakota,2020-09-26,151.0,182.0,167.0,188.39025573243487,227
769,North Dakota,2020-09-01,143.0,144.0,145.0,145.3272798813836,145
770,North Dakota,2020-09-11,147.0,158.0,157.0,161.24769422286266,164
771,North Dakota,2020-09-05,145.0,150.0,150.0,151.59261222496835,155
772,North Dakota,2020-09-19,149.0,171.0,163.0,175.05266057052341,192
773,North Dakota,2020-09-15,148.0,164.0,161.0,167.99762189166768,172
774,North Dakota,2020-09-03,144.0,147.0,147.0,148.43697309083927,150
775,North Dakota,2020-09-21,151.0,174.0,164.0,178.739797920241,193
776,North Dakota,2020-09-07,145.0,152.0,154.0,154.79312372650955,156
777,North Dakota,2020-09-02,144.0,145.0,146.0,146.87047115191,148
778,North Dakota,2020-09-16,148.0,166.0,161.0,169.7141347045451,177
779,North Dakota,2020-09-24,151.0,179.0,166.0,184.46502747566757,211
780,Texas,2020-09-06,13083.0,13486.0,13782.0,13547.748213127497,13756
781,Texas,2020-09-22,13639.0,15216.0,14680.0,15639.185797459275,15318
782,Texas,2020-09-04,13029.0,13284.0,13679.0,13303.875395065756,13534
783,Texas,2020-09-20,13560.0,14988.0,14579.0,15357.759075578597,15175
784,Texas,2020-09-23,13640.0,15331.0,14731.0,15780.479641881295,15444
785,Texas,2020-09-13,13307.0,14217.0,14229.0,14422.857684594162,14506
786,Texas,2020-09-12,13255.0,14110.0,14180.0,14295.690492309664,14428
787,Texas,2020-09-14,13336.0,14325.0,14279.0,14551.46073368354,14550
788,Texas,2020-09-18,13476.0,14763.0,14478.0,15079.260041688638,15040
789,Texas,2020-09-25,13663.0,15564.0,14834.0,16068.758040269682,15679
790,Texas,2020-09-17,13464.0,14653.0,14428.0,14945.155237440766,14925
791,Texas,2020-09-10,13210.0,13899.0,14082.0,14045.635892424616,14040
792,Texas,2020-09-08,13159.0,13691.0,13916.0,13796.261423355494,13898
793,Texas,2020-09-09,13192.0,13795.0,13999.0,13922.7307337064,14028
794,Texas,2020-09-26,13727.0,15682.0,14885.0,16215.772954516937,15781
795,Texas,2020-09-01,12896.0,13009.0,13185.0,12940.849258470345,13045
796,Texas,2020-09-11,13220.0,14004.0,14131.0,14169.949068993423,14325
797,Texas,2020-09-05,13032.0,13385.0,13731.0,13425.085177888519,13681
798,Texas,2020-09-19,13550.0,14875.0,14528.0,15217.67953738062,15133
799,Texas,2020-09-15,13360.0,14433.0,14328.0,14681.519222204188,14694
800,Texas,2020-09-03,12978.0,13206.0,13513.0,13184.096904534088,13407
801,Texas,2020-09-21,13639.0,15101.0,14630.0,15499.523401418875,15219
802,Texas,2020-09-07,13095.0,13588.0,13833.0,13671.274394274114,13798
803,Texas,2020-09-02,12934.0,13107.0,13348.0,13061.763458611009,13221
804,Texas,2020-09-16,13411.0,14542.0,14378.0,14812.582133276417,14836
805,Texas,2020-09-24,13660.0,15447.0,14782.0,15923.428605555067,15579
806,California,2020-09-06,13081.0,13602.0,13406.0,13598.048312269051,13731
807,California,2020-09-22,13616.0,15380.0,14170.0,15292.294120973018,15189
808,California,2020-09-04,13012.0,13420.0,13247.0,13400.01169806475,13638
809,California,2020-09-20,13580.0,14994.0,14073.0,15067.84083441441,15016
810,California,2020-09-23,13660.0,15459.0,14220.0,15406.145072838788,15291
811,California,2020-09-13,13254.0,14341.0,13735.0,14305.32028537015,14378
812,California,2020-09-12,13238.0,14268.0,13688.0,14200.345239233691,14327
813,California,2020-09-14,13295.0,14417.0,13783.0,14411.261451699453,14439
814,California,2020-09-18,13486.0,14839.0,13975.0,14844.020415192093,14893
815,California,2020-09-25,13759.0,15629.0,14319.0,15636.366233296843,15516
816,California,2020-09-17,13450.0,14762.0,13927.0,14733.659338564275,14804
817,California,2020-09-10,13185.0,13971.0,13593.0,13995.835431304327,14077
818,California,2020-09-08,13137.0,13826.0,13499.0,13797.517361999997,13823
819,California,2020-09-09,13149.0,13895.0,13546.0,13896.236096208022,13983
820,California,2020-09-26,13771.0,15787.0,14368.0,15753.055535325351,15583
821,California,2020-09-01,12986.0,13212.0,13071.0,13106.46621144209,13150
822,California,2020-09-11,13211.0,14192.0,13640.0,14096.325409235,14230
823,California,2020-09-05,13060.0,13513.0,13326.0,13499.637053977527,13709
824,California,2020-09-19,13509.0,14912.0,14024.0,14955.410368873614,15018
825,California,2020-09-15,13329.0,14499.0,13831.0,14517.700074651748,14594
826,California,2020-09-03,13009.0,13352.0,13169.0,13301.305408757293,13493
827,California,2020-09-21,13605.0,15233.0,14121.0,15179.530598970585,15056
828,California,2020-09-07,13108.0,13750.0,13452.0,13697.33858439793,13758
829,California,2020-09-02,12999.0,13285.0,13120.0,13203.507256058365,13317
830,California,2020-09-16,13424.0,14595.0,13879.0,14625.161715101516,14691
831,California,2020-09-24,13685.0,15541.0,14269.0,15520.733215742004,15393
832,Kansas,2020-09-06,456.0,457.0,465.0,468.8261257985187,481
833,Kansas,2020-09-22,479.0,491.0,491.0,516.9038970974016,614
834,Kansas,2020-09-04,454.0,455.0,459.0,463.10389654337376,481
835,Kansas,2020-09-20,475.0,486.0,488.0,510.60661981864604,596
836,Kansas,2020-09-23,480.0,493.0,493.0,520.094647522446,621
837,Kansas,2020-09-13,465.0,471.0,476.0,489.00358047574645,528
838,Kansas,2020-09-12,464.0,469.0,475.0,486.0523141875414,526
839,Kansas,2020-09-14,467.0,474.0,478.0,491.98011221154593,542
840,Kansas,2020-09-18,473.0,482.0,484.0,504.13647781504113,596
841,Kansas,2020-09-25,482.0,497.0,496.0,526.6885611146987,635
842,Kansas,2020-09-17,473.0,480.0,483.0,500.94712062408956,586
843,Kansas,2020-09-10,461.0,465.0,471.0,480.2870846805764,503
844,Kansas,2020-09-08,457.0,461.0,468.0,474.67742847479764,485
845,Kansas,2020-09-09,460.0,463.0,470.0,477.47098568895393,499
846,Kansas,2020-09-26,482.0,500.0,498.0,530.0312297604338,635
847,Kansas,2020-09-01,451.0,453.0,453.0,454.5337926565439,456
848,Kansas,2020-09-11,464.0,467.0,473.0,483.12599765152925,516
849,Kansas,2020-09-05,456.0,455.0,462.0,465.9379874061879,481
850,Kansas,2020-09-19,473.0,484.0,486.0,507.35616539065467,596
851,Kansas,2020-09-15,468.0,476.0,479.0,494.9439222730405,557
852,Kansas,2020-09-03,453.0,453.0,457.0,460.292658953574,471
853,Kansas,2020-09-21,476.0,489.0,490.0,513.7413465324521,601
854,Kansas,2020-09-07,457.0,459.0,466.0,471.7391691254548,485
855,Kansas,2020-09-02,453.0,453.0,455.0,457.5040279222132,461
856,Kansas,2020-09-16,470.0,478.0,481.0,497.93281858343,586
857,Kansas,2020-09-24,481.0,495.0,495.0,523.376506460525,621
858,Oregon,2020-09-06,467.0,481.0,491.0,482.0936274980964,481
859,Oregon,2020-09-22,487.0,549.0,524.0,547.1114762377103,532
860,Oregon,2020-09-04,465.0,474.0,484.0,474.49668416343235,475
861,Oregon,2020-09-20,482.0,540.0,520.0,538.5337313849938,526
862,Oregon,2020-09-23,488.0,553.0,525.0,551.4917263139347,538
863,Oregon,2020-09-13,476.0,510.0,508.0,509.5329311510503,509
864,Oregon,2020-09-12,476.0,505.0,506.0,505.47778543319424,505
865,Oregon,2020-09-14,477.0,514.0,509.0,513.5149050970617,509
866,Oregon,2020-09-18,481.0,531.0,516.0,530.0287787573468,521
867,Oregon,2020-09-25,492.0,562.0,529.0,560.3874723529422,542
868,Oregon,2020-09-17,479.0,527.0,515.0,525.7920631893102,521
869,Oregon,2020-09-10,474.0,497.0,501.0,497.49087980679815,497
870,Oregon,2020-09-08,470.0,489.0,495.0,489.75820212211136,486
871,Oregon,2020-09-09,471.0,493.0,498.0,493.60480783841143,494
872,Oregon,2020-09-26,495.0,567.0,531.0,564.8711073108487,542
873,Oregon,2020-09-01,461.0,463.0,468.0,463.34259363964077,464
874,Oregon,2020-09-11,475.0,501.0,504.0,501.46393554230417,499
875,Oregon,2020-09-05,465.0,477.0,490.0,478.27582616684305,480
876,Oregon,2020-09-19,481.0,535.0,518.0,534.3093997685985,525
877,Oregon,2020-09-15,477.0,518.0,511.0,517.5366742916866,519
878,Oregon,2020-09-03,464.0,470.0,478.0,470.74073611815845,470
879,Oregon,2020-09-21,486.0,544.0,522.0,542.8009159735118,529
880,Oregon,2020-09-07,469.0,485.0,493.0,485.95056293515677,482
881,Oregon,2020-09-02,462.0,467.0,472.0,467.0228627738456,468
882,Oregon,2020-09-16,479.0,522.0,513.0,521.5987164625129,521
883,Oregon,2020-09-24,489.0,558.0,527.0,555.9168752750683,539
884,South Carolina,2020-09-06,2745.0,2917.0,2801.0,2845.6557269891014,2887
885,South Carolina,2020-09-22,2833.0,3480.0,2960.0,3211.35989017173,3243
886,South Carolina,2020-09-04,2736.0,2837.0,2767.0,2802.5859115929507,2846
887,South Carolina,2020-09-20,2812.0,3413.0,2940.0,3163.2495093274497,3199
888,South Carolina,2020-09-23,2836.0,3515.0,2971.0,3235.7877845417233,3262
889,South Carolina,2020-09-13,2787.0,3178.0,2869.0,2999.1027249112008,3064
890,South Carolina,2020-09-12,2784.0,3143.0,2859.0,2976.62533749945,3040
891,South Carolina,2020-09-14,2790.0,3211.0,2879.0,3021.8071180928596,3077
892,South Carolina,2020-09-18,2800.0,3358.0,2920.0,3114.201770439955,3177
893,South Carolina,2020-09-25,2845.0,3581.0,2991.0,3285.9771784631926,3297
894,South Carolina,2020-09-17,2797.0,3315.0,2909.0,3090.0729040578317,3158
895,South Carolina,2020-09-10,2778.0,3062.0,2840.0,2932.607126147949,2975
896,South Carolina,2020-09-08,2752.0,2986.0,2820.0,2889.7280726727267,2912
897,South Carolina,2020-09-09,2758.0,3016.0,2830.0,2911.060025404965,2942
898,South Carolina,2020-09-26,2848.0,3621.0,3002.0,3311.460253373251,3323
899,South Carolina,2020-09-01,2715.0,2764.0,2731.0,2739.509005745771,2757
900,South Carolina,2020-09-11,2784.0,3094.0,2850.0,2954.3721753637406,3028
901,South Carolina,2020-09-05,2742.0,2871.0,2784.0,2823.968544459794,2877
902,South Carolina,2020-09-19,2807.0,3382.0,2930.0,3138.5927419715226,3188
903,South Carolina,2020-09-15,2794.0,3244.0,2889.0,3044.3337933201797,3098
904,South Carolina,2020-09-03,2733.0,2815.0,2751.0,2781.425459421155,2807
905,South Carolina,2020-09-21,2824.0,3450.0,2950.0,3187.181537084971,3212
906,South Carolina,2020-09-07,2751.0,2956.0,2810.0,2867.5744962887275,2907
907,South Carolina,2020-09-02,2718.0,2795.0,2741.0,2760.484201180152,2794
908,South Carolina,2020-09-16,2795.0,3279.0,2899.0,3067.0880887833578,3132
909,South Carolina,2020-09-24,2842.0,3547.0,2981.0,3260.754105247268,3279
910,Georgia,2020-09-06,5763.0,6024.0,5951.0,5892.812023356762,6037
911,Georgia,2020-09-22,5959.0,7261.0,6306.0,6721.917034317596,6673
912,Georgia,2020-09-04,5716.0,5827.0,5880.0,5796.840635991117,5931
913,Georgia,2020-09-20,5932.0,7121.0,6262.0,6611.317787931371,6602
914,Georgia,2020-09-23,5972.0,7298.0,6327.0,6777.215003338151,6769
915,Georgia,2020-09-13,5862.0,6646.0,6112.0,6241.665254952793,6333
916,Georgia,2020-09-12,5850.0,6512.0,6091.0,6190.951073013175,6287
917,Georgia,2020-09-14,5863.0,6681.0,6133.0,6292.902046062115,6353
918,Georgia,2020-09-18,5907.0,6952.0,6219.0,6501.378371070883,6536
919,Georgia,2020-09-25,5991.0,7545.0,6371.0,6889.876576869252,6874
920,Georgia,2020-09-17,5899.0,6916.0,6197.0,6448.593535051337,6474
921,Georgia,2020-09-10,5809.0,6292.0,6049.0,6091.348578361267,6204
922,Georgia,2020-09-08,5778.0,6086.0,6007.0,5991.945048719934,6070
923,Georgia,2020-09-09,5781.0,6203.0,6028.0,6042.323800826123,6128
924,Georgia,2020-09-26,5996.0,7662.0,6394.0,6947.248438735597,6914
925,Georgia,2020-09-01,5644.0,5685.0,5815.0,5652.2490963004875,5733
926,Georgia,2020-09-11,5844.0,6390.0,6070.0,6140.888744924925,6246
927,Georgia,2020-09-05,5732.0,5938.0,5915.0,5844.574606153696,5977
928,Georgia,2020-09-19,5918.0,6987.0,6240.0,6556.0463335031445,6599
929,Georgia,2020-09-15,5876.0,6714.0,6154.0,6344.667802402993,6397
930,Georgia,2020-09-03,5673.0,5798.0,5858.0,5749.603638711395,5868
931,Georgia,2020-09-21,5941.0,7224.0,6284.0,6667.201030132022,6604
932,Georgia,2020-09-07,5778.0,6056.0,5986.0,5942.110201997775,6044
933,Georgia,2020-09-02,5652.0,5768.0,5837.0,5700.670436230924,5795
934,Georgia,2020-09-16,5879.0,6777.0,6176.0,6396.359018394131,6419
935,Georgia,2020-09-24,5988.0,7438.0,6349.0,6833.102602582387,6816
936,Delaware,2020-09-06,613.0,609.0,613.0,611.2309385488129,609
937,Delaware,2020-09-22,645.0,625.0,632.0,630.735177568851,628
938,Delaware,2020-09-04,611.0,607.0,611.0,608.9146103580182,606
939,Delaware,2020-09-20,642.0,623.0,628.0,628.2049286753771,621
940,Delaware,2020-09-23,646.0,626.0,632.0,632.0109219324166,629
941,Delaware,2020-09-13,621.0,616.0,620.0,619.5626529740387,615
942,Delaware,2020-09-12,621.0,615.0,619.0,618.3540281451826,613
943,Delaware,2020-09-14,625.0,617.0,622.0,620.7776099474688,617
944,Delaware,2020-09-18,636.0,621.0,626.0,625.7023874753812,620
945,Delaware,2020-09-25,651.0,628.0,633.0,634.5841247851967,631
946,Delaware,2020-09-17,631.0,620.0,626.0,624.4612840442512,619
947,Delaware,2020-09-10,616.0,613.0,618.0,615.9554610551746,613
948,Delaware,2020-09-08,615.0,611.0,615.0,613.5812950701173,609
949,Delaware,2020-09-09,615.0,612.0,616.0,614.7653654064773,609
950,Delaware,2020-09-26,654.0,630.0,635.0,635.8817783865135,633
951,Delaware,2020-09-01,608.0,606.0,606.0,605.4717033981809,605
952,Delaware,2020-09-11,618.0,614.0,619.0,617.1516566369625,613
953,Delaware,2020-09-05,611.0,608.0,612.0,610.0699238027865,608
954,Delaware,2020-09-19,641.0,622.0,627.0,626.9502396710886,621
955,Delaware,2020-09-15,627.0,618.0,623.0,621.9989793486342,618
956,Delaware,2020-09-03,610.0,606.0,610.0,607.7649302618387,606
957,Delaware,2020-09-21,644.0,624.0,630.0,629.4665441820445,627
958,Delaware,2020-09-07,615.0,610.0,613.0,612.4031767702468,609
959,Delaware,2020-09-02,609.0,606.0,608.0,606.6155475123128,606
960,Delaware,2020-09-16,630.0,619.0,625.0,623.226842950032,619
961,Delaware,2020-09-24,647.0,627.0,633.0,633.29387212386,630
962,Montana,2020-09-06,106.0,105.0,110.0,115.93393458648019,117
963,Montana,2020-09-22,111.0,108.0,117.0,148.35071075231315,163
964,Montana,2020-09-04,105.0,104.0,109.0,112.46665355546796,114
965,Montana,2020-09-20,111.0,108.0,116.0,143.76095689000806,157
966,Montana,2020-09-23,111.0,108.0,118.0,150.70033494492617,165
967,Montana,2020-09-13,108.0,106.0,114.0,129.0434474727933,135
968,Montana,2020-09-12,108.0,106.0,113.0,127.0603506796363,133
969,Montana,2020-09-14,108.0,106.0,114.0,131.04372732318953,138
970,Montana,2020-09-18,110.0,106.0,115.0,139.36518138711884,146
971,Montana,2020-09-25,112.0,108.0,118.0,155.53237107573162,170
972,Montana,2020-09-17,110.0,106.0,115.0,137.2409564722224,143
973,Montana,2020-09-10,107.0,105.0,112.0,123.20064125218737,123
974,Montana,2020-09-08,107.0,105.0,112.0,119.51107146289556,119
975,Montana,2020-09-09,107.0,105.0,112.0,121.33972439235659,122
976,Montana,2020-09-26,113.0,109.0,119.0,157.9932047679134,171
977,Montana,2020-09-01,104.0,104.0,107.0,107.3243881257428,105
978,Montana,2020-09-11,107.0,105.0,113.0,125.11298558879453,131
979,Montana,2020-09-05,106.0,105.0,110.0,114.18499596735201,116
980,Montana,2020-09-19,111.0,108.0,116.0,141.52809968647477,156
981,Montana,2020-09-15,109.0,106.0,114.0,133.08055252009243,140
982,Montana,2020-09-03,105.0,104.0,109.0,110.72203560753185,111
983,Montana,2020-09-21,111.0,108.0,117.0,146.0348836016546,160
984,Montana,2020-09-07,107.0,105.0,111.0,117.71407078387183,118
985,Montana,2020-09-02,105.0,104.0,108.0,109.00814336215123,109
986,Montana,2020-09-16,110.0,106.0,115.0,135.15466248102888,141
987,Montana,2020-09-24,112.0,108.0,118.0,153.09391754121685,165
988,Connecticut,2020-09-06,4563.0,4465.0,4518.0,4497.536872345232,4468
989,Connecticut,2020-09-22,4704.0,4465.0,4652.0,4563.973437299413,4496
990,Connecticut,2020-09-04,4531.0,4465.0,4502.0,4489.36065813841,4468
991,Connecticut,2020-09-20,4668.0,4465.0,4626.0,4555.567788634904,4492
992,Connecticut,2020-09-23,4711.0,4465.0,4665.0,4568.187234917792,4497
993,Connecticut,2020-09-13,4623.0,4465.0,4572.0,4526.376676797127,4480
994,Connecticut,2020-09-12,4611.0,4465.0,4568.0,4522.235329450899,4480
995,Connecticut,2020-09-14,4623.0,4465.0,4576.0,4530.525193510993,4485
996,Connecticut,2020-09-18,4659.0,4465.0,4618.0,4547.19128865594,4492
997,Connecticut,2020-09-25,4744.0,4465.0,4673.0,4576.636862167295,4501
998,Connecticut,2020-09-17,4658.0,4465.0,4615.0,4543.013927057675,4488
999,Connecticut,2020-09-10,4602.0,4465.0,4552.0,4513.974076280795,4478
1000,Connecticut,2020-09-08,4579.0,4465.0,4526.0,4505.741301264859,4474
1001,Connecticut,2020-09-09,4584.0,4465.0,4539.0,4509.85413727302,4474
1002,Connecticut,2020-09-26,4745.0,4465.0,4677.0,4580.872726106279,4501
1003,Connecticut,2020-09-01,4498.0,4465.0,4473.0,4477.148953663126,4466
1004,Connecticut,2020-09-11,4608.0,4465.0,4564.0,4518.10113481652,4480
1005,Connecticut,2020-09-05,4540.0,4465.0,4515.0,4493.445246587946,4468
1006,Connecticut,2020-09-19,4662.0,4465.0,4622.0,4551.375903543758,4492
1007,Connecticut,2020-09-15,4623.0,4465.0,4589.0,4534.680896290995,4485
1008,Connecticut,2020-09-03,4508.0,4465.0,4489.0,4485.283090678467,4468
1009,Connecticut,2020-09-21,4700.0,4465.0,4639.0,4559.766960886557,4495
1010,Connecticut,2020-09-07,4578.0,4465.0,4522.0,4501.63555177024,4468
1011,Connecticut,2020-09-02,4502.0,4465.0,4477.0,4481.212527931662,4467
1012,Connecticut,2020-09-16,4629.0,4465.0,4602.0,4538.843801878466,4487
1013,Connecticut,2020-09-24,4716.0,4465.0,4669.0,4572.408370829773,4499
1014,Arizona,2020-09-06,5102.0,5226.0,5196.0,5185.329288997682,5221
1015,Arizona,2020-09-22,5303.0,5758.0,5492.0,5569.476774163298,5498
1016,Arizona,2020-09-04,5066.0,5161.0,5147.0,5138.542519819334,5171
1017,Arizona,2020-09-20,5259.0,5688.0,5454.0,5520.158960096199,5477
1018,Arizona,2020-09-23,5331.0,5797.0,5511.0,5594.962750062426,5525
1019,Arizona,2020-09-13,5188.0,5444.0,5324.0,5351.303687993935,5322
1020,Arizona,2020-09-12,5175.0,5414.0,5305.0,5327.120632041269,5315
1021,Arizona,2020-09-14,5201.0,5487.0,5342.0,5374.916624918828,5322
1022,Arizona,2020-09-18,5231.0,5617.0,5417.0,5471.185721429102,5451
1023,Arizona,2020-09-25,5368.0,5875.0,5550.0,5646.417474460743,5587
1024,Arizona,2020-09-17,5220.0,5583.0,5398.0,5446.8001997884185,5409
1025,Arizona,2020-09-10,5141.0,5350.0,5269.0,5279.203153014476,5273
1026,Arizona,2020-09-08,5110.0,5278.0,5232.0,5232.221207429578,5221
1027,Arizona,2020-09-09,5117.0,5318.0,5250.0,5255.640831933105,5251
1028,Arizona,2020-09-26,5395.0,5914.0,5569.0,5671.941140894968,5622
1029,Arizona,2020-09-01,5047.0,5059.0,5068.0,5070.257803059979,5044
1030,Arizona,2020-09-11,5163.0,5391.0,5287.0,5303.087512742901,5288
1031,Arizona,2020-09-05,5082.0,5183.0,5178.0,5161.86278313644,5207
1032,Arizona,2020-09-19,5244.0,5655.0,5436.0,5495.717240160176,5467
1033,Arizona,2020-09-15,5203.0,5518.0,5361.0,5398.668267117832,5344
1034,Arizona,2020-09-03,5057.0,5135.0,5117.0,5115.645941908964,5130
1035,Arizona,2020-09-21,5287.0,5726.0,5473.0,5544.745123318417,5478
1036,Arizona,2020-09-07,5104.0,5265.0,5214.0,5208.943201100298,5219
1037,Arizona,2020-09-02,5052.0,5116.0,5087.0,5092.884693498841,5065
1038,Arizona,2020-09-16,5216.0,5552.0,5379.0,5422.559614244722,5371
1039,Arizona,2020-09-24,5348.0,5837.0,5531.0,5620.609219912654,5559
1040,Wisconsin,2020-09-06,1203.0,1224.0,1221.0,1224.475415800229,1224
1041,Wisconsin,2020-09-22,1267.0,1331.0,1291.0,1332.1062920068766,1315
1042,Wisconsin,2020-09-04,1198.0,1211.0,1207.0,1211.5843515948434,1217
1043,Wisconsin,2020-09-20,1260.0,1317.0,1282.0,1317.9360540021703,1307
1044,Wisconsin,2020-09-23,1267.0,1338.0,1296.0,1339.2704256894328,1328
1045,Wisconsin,2020-09-13,1224.0,1269.0,1251.0,1270.3114893316424,1268
1046,Wisconsin,2020-09-12,1224.0,1263.0,1247.0,1263.736050329542,1261
1047,Wisconsin,2020-09-14,1232.0,1276.0,1256.0,1276.931454811164,1272
1048,Wisconsin,2020-09-18,1246.0,1303.0,1273.0,1304.0937303054548,1291
1049,Wisconsin,2020-09-25,1269.0,1352.0,1305.0,1353.5469864083361,1348
1050,Wisconsin,2020-09-17,1238.0,1296.0,1269.0,1297.2452310035771,1287
1051,Wisconsin,2020-09-10,1217.0,1249.0,1238.0,1250.5715208769436,1245
1052,Wisconsin,2020-09-08,1208.0,1236.0,1230.0,1237.4461377512475,1239
1053,Wisconsin,2020-09-09,1214.0,1243.0,1234.0,1243.9854772470842,1244
1054,Wisconsin,2020-09-26,1270.0,1359.0,1309.0,1360.7618319109597,1357
1055,Wisconsin,2020-09-01,1186.0,1192.0,1191.0,1192.193484001352,1194
1056,Wisconsin,2020-09-11,1223.0,1256.0,1243.0,1257.2047435037675,1254
1057,Wisconsin,2020-09-05,1201.0,1217.0,1214.0,1218.0573395963168,1218
1058,Wisconsin,2020-09-19,1257.0,1310.0,1278.0,1310.9905177134326,1296
1059,Wisconsin,2020-09-15,1234.0,1283.0,1260.0,1283.6545521370404,1278
1060,Wisconsin,2020-09-03,1194.0,1205.0,1200.0,1205.1575712774397,1208
1061,Wisconsin,2020-09-21,1267.0,1324.0,1287.0,1324.9950229051544,1311
1062,Wisconsin,2020-09-07,1203.0,1230.0,1226.0,1230.938209608289,1233
1063,Wisconsin,2020-09-02,1191.0,1198.0,1195.0,1198.7765344400375,1202
1064,Wisconsin,2020-09-16,1235.0,1289.0,1264.0,1290.4256452606342,1281
1065,Wisconsin,2020-09-24,1269.0,1345.0,1300.0,1346.3833480754902,1339
1066,Wyoming,2020-09-06,38.0,37.0,38.0,38.58499966739793,42
1067,Wyoming,2020-09-22,39.0,37.0,39.0,42.49439381854995,49
1068,Wyoming,2020-09-04,38.0,37.0,38.0,38.12615469164822,42
1069,Wyoming,2020-09-20,39.0,37.0,39.0,41.98134324760189,49
1070,Wyoming,2020-09-23,39.0,37.0,39.0,42.75442162977694,50
1071,Wyoming,2020-09-13,39.0,37.0,38.0,40.23849873856542,42
1072,Wyoming,2020-09-12,38.0,37.0,38.0,39.998066962050736,42
1073,Wyoming,2020-09-14,39.0,37.0,38.0,40.48104059797662,42
1074,Wyoming,2020-09-18,39.0,37.0,39.0,41.47655250334141,49
1075,Wyoming,2020-09-25,40.0,37.0,39.0,43.289150212405175,50
1076,Wyoming,2020-09-17,39.0,37.0,39.0,41.227473814557925,49
1077,Wyoming,2020-09-10,38.0,37.0,38.0,39.52217614686999,42
1078,Wyoming,2020-09-08,38.0,37.0,38.0,39.05336199815528,42
1079,Wyoming,2020-09-09,38.0,37.0,38.0,39.286730517378864,42
1080,Wyoming,2020-09-26,40.0,37.0,39.0,43.560280283428966,50
1081,Wyoming,2020-09-01,37.0,37.0,38.0,37.449004483204654,37
1082,Wyoming,2020-09-11,38.0,37.0,38.0,39.75972276991163,42
1083,Wyoming,2020-09-05,38.0,37.0,38.0,38.353987812884135,42
1084,Wyoming,2020-09-19,39.0,37.0,39.0,41.72783427920772,49
1085,Wyoming,2020-09-15,39.0,37.0,38.0,40.7275472532608,42
1086,Wyoming,2020-09-03,38.0,37.0,38.0,37.900320194264125,41
1087,Wyoming,2020-09-21,39.0,37.0,39.0,42.2367101538777,49
1088,Wyoming,2020-09-07,38.0,37.0,38.0,38.81811618634787,42
1089,Wyoming,2020-09-02,38.0,37.0,38.0,37.67646203843865,41
1090,Wyoming,2020-09-16,39.0,37.0,39.0,40.9763487162269,50
1091,Wyoming,2020-09-24,39.0,37.0,39.0,43.02054069817157,50
1092,Colorado,2020-09-06,1992.0,1972.0,1967.0,1980.6315602045715,1972
1093,Colorado,2020-09-22,2109.0,2045.0,2025.0,2064.346069395776,2025
1094,Colorado,2020-09-04,1977.0,1963.0,1960.0,1970.4414831983736,1955
1095,Colorado,2020-09-20,2081.0,2034.0,2014.0,2053.6715828305755,2014
1096,Colorado,2020-09-23,2110.0,2050.0,2031.0,2069.7909205780406,2030
1097,Colorado,2020-09-13,2025.0,2002.0,1990.0,2016.708065154759,1988
1098,Colorado,2020-09-12,2023.0,1997.0,1989.0,2011.466346143402,1988
1099,Colorado,2020-09-14,2036.0,2007.0,1992.0,2021.8989960244692,1990
1100,Colorado,2020-09-18,2071.0,2025.0,2011.0,2043.0007778383588,2009
1101,Colorado,2020-09-25,2119.0,2060.0,2034.0,2080.745307956234,2034
1102,Colorado,2020-09-17,2061.0,2021.0,2009.0,2037.6588430929135,2006
1103,Colorado,2020-09-10,2015.0,1985.0,1981.0,2001.043565216969,1979
1104,Colorado,2020-09-08,1999.0,1979.0,1970.0,1990.8334310456767,1973
1105,Colorado,2020-09-09,2007.0,1982.0,1976.0,1995.9292717362828,1977
1106,Colorado,2020-09-26,2121.0,2067.0,2036.0,2086.1739384174675,2040
1107,Colorado,2020-09-01,1968.0,1951.0,1947.0,1955.435134472251,1946
1108,Colorado,2020-09-11,2019.0,1992.0,1987.0,2006.244884827139,1985
1109,Colorado,2020-09-05,1990.0,1968.0,1965.0,1975.5267736145472,1971
1110,Colorado,2020-09-19,2079.0,2031.0,2012.0,2048.3636494513516,2013
1111,Colorado,2020-09-15,2038.0,2012.0,1998.0,2027.10885141097,1996
1112,Colorado,2020-09-03,1973.0,1958.0,1954.0,1965.421400994111,1955
1113,Colorado,2020-09-21,2104.0,2039.0,2020.0,2058.999024048799,2018
1114,Colorado,2020-09-07,1998.0,1975.0,1969.0,1985.7559539660754,1973
1115,Colorado,2020-09-02,1970.0,1956.0,1949.0,1960.419313479854,1952
1116,Colorado,2020-09-16,2052.0,2018.0,2003.0,2032.3377239669915,2002
1117,Colorado,2020-09-24,2111.0,2054.0,2033.0,2075.2572911680218,2033
1118,New Mexico,2020-09-06,783.0,811.0,802.0,791.886673352482,803
1119,New Mexico,2020-09-22,811.0,903.0,848.0,842.2327987148681,854
1120,New Mexico,2020-09-04,778.0,800.0,793.0,785.8328910603625,794
1121,New Mexico,2020-09-20,810.0,891.0,842.0,835.6647278205612,849
1122,New Mexico,2020-09-23,812.0,910.0,851.0,845.541772660627,857
1123,New Mexico,2020-09-13,799.0,850.0,822.0,813.4392909527031,823
1124,New Mexico,2020-09-12,797.0,844.0,819.0,810.3464098600178,821
1125,New Mexico,2020-09-14,799.0,856.0,825.0,816.546915464341,823
1126,New Mexico,2020-09-18,806.0,879.0,836.0,829.2806074618728,841
1127,New Mexico,2020-09-25,816.0,922.0,857.0,852.0641416901533,865
1128,New Mexico,2020-09-17,802.0,873.0,834.0,826.1113613440144,836
1129,New Mexico,2020-09-10,793.0,833.0,814.0,804.1395868871571,816
1130,New Mexico,2020-09-08,784.0,822.0,808.0,797.9289464305674,807
1131,New Mexico,2020-09-09,788.0,827.0,811.0,801.026537208074,813
1132,New Mexico,2020-09-26,819.0,928.0,860.0,855.3487443775128,870
1133,New Mexico,2020-09-01,776.0,784.0,782.0,776.7213247492875,787
1134,New Mexico,2020-09-11,795.0,838.0,816.0,807.2681903421646,818
1135,New Mexico,2020-09-05,781.0,806.0,798.0,788.8867642819822,800
1136,New Mexico,2020-09-19,808.0,885.0,839.0,832.4650345544995,847
1137,New Mexico,2020-09-15,799.0,861.0,828.0,819.7191886203066,830
1138,New Mexico,2020-09-03,778.0,795.0,788.0,782.794164743386,791
1139,New Mexico,2020-09-21,811.0,897.0,845.0,838.9404847126278,851
1140,New Mexico,2020-09-07,783.0,817.0,805.0,794.9007082184602,807
1141,New Mexico,2020-09-02,777.0,789.0,785.0,779.7704934199702,790
1142,New Mexico,2020-09-16,800.0,867.0,831.0,822.9073049062984,832
1143,New Mexico,2020-09-24,813.0,916.0,854.0,848.7951799978528,859
1144,Illinois,2020-09-06,8337.0,8334.0,8332.0,8372.331742650873,8390
1145,Illinois,2020-09-22,8639.0,8658.0,8595.0,8774.319602036743,8722
1146,Illinois,2020-09-04,8275.0,8293.0,8318.0,8324.13341085518,8362
1147,Illinois,2020-09-20,8607.0,8620.0,8547.0,8722.373283735633,8686
1148,Illinois,2020-09-23,8668.0,8679.0,8603.0,8800.456891198592,8744
1149,Illinois,2020-09-13,8476.0,8483.0,8431.0,8544.372948723274,8541
1150,Illinois,2020-09-12,8424.0,8466.0,8423.0,8519.403203057087,8527
1151,Illinois,2020-09-14,8503.0,8511.0,8454.0,8569.46014015921,8546
1152,Illinois,2020-09-18,8562.0,8581.0,8516.0,8670.879098956277,8647
1153,Illinois,2020-09-25,8713.0,8720.0,8617.0,8853.157317471727,8807
1154,Illinois,2020-09-17,8551.0,8565.0,8509.0,8645.355739827308,8624
1155,Illinois,2020-09-10,8402.0,8423.0,8409.0,8469.877040920068,8461
1156,Illinois,2020-09-08,8359.0,8371.0,8362.0,8420.854326503595,8405
1157,Illinois,2020-09-09,8381.0,8400.0,8386.0,8445.283406621056,8433
1158,Illinois,2020-09-26,8737.0,8740.0,8641.0,8879.72503324565,8832
1159,Illinois,2020-09-01,8241.0,8256.0,8248.0,8251.051693228843,8273
1160,Illinois,2020-09-11,8422.0,8446.0,8416.0,8494.583339715522,8505
1161,Illinois,2020-09-05,8303.0,8315.0,8325.0,8348.178419017839,8385
1162,Illinois,2020-09-19,8598.0,8598.0,8523.0,8696.564466300442,8672
1163,Illinois,2020-09-15,8510.0,8528.0,8478.0,8594.665757687537,8564
1164,Illinois,2020-09-03,8260.0,8274.0,8294.0,8300.195879879375,8324
1165,Illinois,2020-09-21,8619.0,8638.0,8571.0,8748.306606059536,8693
1166,Illinois,2020-09-07,8340.0,8356.0,8339.0,8396.537408062246,8398
1167,Illinois,2020-09-02,8249.0,8265.0,8271.0,8275.561009184934,8300
1168,Illinois,2020-09-16,8546.0,8539.0,8502.0,8619.95161527165,8599
1169,Illinois,2020-09-24,8690.0,8709.0,8610.0,8826.7195148788,8774
1170,Florida,2020-09-06,11300.0,11959.0,11971.0,11620.3117356262,11849
1171,Florida,2020-09-22,11559.0,14231.0,12752.0,13015.766147570339,13416
1172,Florida,2020-09-04,11218.0,11624.0,11882.0,11456.822058063184,11750
1173,Florida,2020-09-20,11541.0,13837.0,12664.0,12829.840310989306,13296
1174,Florida,2020-09-23,11624.0,14304.0,12796.0,13108.208124184923,13618
1175,Florida,2020-09-13,11454.0,12821.0,12360.0,12206.603720704505,12608
1176,Florida,2020-09-12,11443.0,12691.0,12317.0,12121.41305938206,12600
1177,Florida,2020-09-14,11458.0,13073.0,12403.0,12292.638193513143,12642
1178,Florida,2020-09-18,11522.0,13666.0,12576.0,12644.037029372294,13225
1179,Florida,2020-09-25,11692.0,14566.0,12885.0,13297.638816617715,13915
1180,Florida,2020-09-17,11494.0,13437.0,12533.0,12554.983579387384,13086
1181,Florida,2020-09-10,11398.0,12487.0,12232.0,11954.357346231795,12326
1182,Florida,2020-09-08,11343.0,12135.0,12088.0,11787.256957291824,11915
1183,Florida,2020-09-09,11398.0,12261.0,12160.0,11872.056040734895,12110
1184,Florida,2020-09-26,11710.0,14787.0,12930.0,13394.67566265063,14022
1185,Florida,2020-09-01,11173.0,11330.0,11453.0,11216.018066768684,11374
1186,Florida,2020-09-11,11408.0,12580.0,12275.0,12037.472718825948,12502
1187,Florida,2020-09-05,11286.0,11769.0,11927.0,11538.148996869184,11811
1188,Florida,2020-09-19,11528.0,13735.0,12620.0,12736.441134881423,13287
1189,Florida,2020-09-15,11469.0,13169.0,12446.0,12379.527355762764,12787
1190,Florida,2020-09-03,11206.0,11574.0,11738.0,11376.31935362573,11650
1191,Florida,2020-09-21,11541.0,14007.0,12708.0,12924.249158344308,13317
1192,Florida,2020-09-07,11343.0,12045.0,12016.0,11703.346414918964,11871
1193,Florida,2020-09-02,11180.0,11511.0,11595.0,11295.788160962333,11501
1194,Florida,2020-09-16,11481.0,13272.0,12489.0,12466.817543025594,12939
1195,Florida,2020-09-24,11687.0,14391.0,12841.0,13201.587519761388,13795
1196,Alabama,2020-09-06,2199.0,2334.0,2288.0,2257.085737231959,2276
1197,Alabama,2020-09-22,2264.0,2755.0,2504.0,2518.1915782171654,2457
1198,Alabama,2020-09-04,2185.0,2302.0,2246.0,2226.8279994965937,2266
1199,Alabama,2020-09-20,2260.0,2727.0,2487.0,2483.2673934255754,2437
1200,Alabama,2020-09-23,2273.0,2776.0,2513.0,2535.519173095377,2488
1201,Alabama,2020-09-13,2229.0,2631.0,2415.0,2366.8545794160277,2351
1202,Alabama,2020-09-12,2227.0,2589.0,2401.0,2350.6964828074533,2350
1203,Alabama,2020-09-14,2234.0,2650.0,2429.0,2383.1860525007623,2355
1204,Alabama,2020-09-18,2259.0,2715.0,2469.0,2448.305660500896,2428
1205,Alabama,2020-09-25,2285.0,2836.0,2530.0,2571.346102307974,2491
1206,Alabama,2020-09-17,2253.0,2715.0,2461.0,2431.935631346532,2401
1207,Alabama,2020-09-10,2218.0,2481.0,2383.0,2319.790774127302,2301
1208,Alabama,2020-09-08,2210.0,2426.0,2345.0,2288.570797473169,2277
1209,Alabama,2020-09-09,2215.0,2430.0,2374.0,2304.5691248642274,2285
1210,Alabama,2020-09-26,2288.0,2879.0,2539.0,2589.8695854719554,2501
1211,Alabama,2020-09-01,2168.0,2215.0,2197.0,2180.711780435287,2200
1212,Alabama,2020-09-11,2219.0,2518.0,2392.0,2335.1658149873274,2333
1213,Alabama,2020-09-05,2188.0,2306.0,2267.0,2241.8812232569367,2275
1214,Alabama,2020-09-19,2259.0,2715.0,2478.0,2465.6886747764315,2437
1215,Alabama,2020-09-15,2245.0,2661.0,2444.0,2399.6935460481877,2387
1216,Alabama,2020-09-03,2176.0,2285.0,2225.0,2211.9240110594556,2233
1217,Alabama,2020-09-21,2261.0,2753.0,2495.0,2501.0449189170467,2439
1218,Alabama,2020-09-07,2209.0,2360.0,2317.0,2272.7438554709543,2276
1219,Alabama,2020-09-02,2172.0,2248.0,2211.0,2196.2413732987275,2217
1220,Alabama,2020-09-16,2245.0,2677.0,2452.0,2415.7323970604357,2392
1221,Alabama,2020-09-24,2277.0,2794.0,2521.0,2553.0304261030806,2506
1222,Rhode Island,2020-09-06,1066.0,1072.0,1092.0,1062.3832463316994,1069
1223,Rhode Island,2020-09-22,1109.0,1093.0,1154.0,1090.9518273926653,1099
1224,Rhode Island,2020-09-04,1062.0,1072.0,1082.0,1058.8079264807575,1067
1225,Rhode Island,2020-09-20,1099.0,1090.0,1146.0,1087.32765788502,1088
1226,Rhode Island,2020-09-23,1110.0,1093.0,1158.0,1092.7702756946717,1103
1227,Rhode Island,2020-09-13,1083.0,1072.0,1119.0,1074.7753683717283,1071
1228,Rhode Island,2020-09-12,1079.0,1072.0,1115.0,1072.998817384149,1071
1229,Rhode Island,2020-09-14,1088.0,1080.0,1123.0,1076.5560527667715,1075
1230,Rhode Island,2020-09-18,1096.0,1086.0,1138.0,1083.7203729508776,1088
1231,Rhode Island,2020-09-25,1112.0,1094.0,1166.0,1096.419963481981,1107
1232,Rhode Island,2020-09-17,1094.0,1084.0,1134.0,1081.923030544752,1085
1233,Rhode Island,2020-09-10,1071.0,1072.0,1107.0,1069.45806629625,1069
1234,Rhode Island,2020-09-08,1068.0,1072.0,1099.0,1065.9337012920778,1069
1235,Rhode Island,2020-09-09,1070.0,1072.0,1103.0,1067.6938416432833,1069
1236,Rhode Island,2020-09-26,1113.0,1095.0,1170.0,1098.2512287473348,1107
1237,Rhode Island,2020-09-01,1052.0,1067.0,1065.0,1053.446045249539,1067
1238,Rhode Island,2020-09-11,1077.0,1072.0,1111.0,1071.2263874587384,1071
1239,Rhode Island,2020-09-05,1065.0,1072.0,1088.0,1060.5933493649754,1069
1240,Rhode Island,2020-09-19,1099.0,1089.0,1142.0,1085.5219111889753,1088
1241,Rhode Island,2020-09-15,1091.0,1080.0,1126.0,1078.3408829608322,1078
1242,Rhode Island,2020-09-03,1058.0,1072.0,1075.0,1057.0160189691132,1067
1243,Rhode Island,2020-09-21,1103.0,1092.0,1150.0,1089.1376257125073,1097
1244,Rhode Island,2020-09-07,1067.0,1072.0,1096.0,1064.1776330803098,1069
1245,Rhode Island,2020-09-02,1055.0,1067.0,1069.0,1055.2287311006696,1067
1246,Rhode Island,2020-09-16,1092.0,1084.0,1130.0,1080.1298713919284,1081
1247,Rhode Island,2020-09-24,1111.0,1093.0,1162.0,1094.5929834358687,1106
