,state,date,bilstm,knn,mdp,rmdp,cases
0,Texas,2020-09-24,757535.0,763769.0,757386.0,756603.4381028335,751831
1,Texas,2020-09-26,767302.0,775095.0,765974.0,767996.6530062427,758869
2,Texas,2020-09-25,762424.0,769518.0,761668.0,762277.6454347488,755560
3,Texas,2020-09-19,732932.0,735819.0,729111.0,728926.3534149613,711690
4,Texas,2020-09-05,662989.0,659485.0,658454.0,656907.4793047736,659154
5,Texas,2020-09-17,723031.0,725211.0,718571.0,718149.7098754861,705467
6,Texas,2020-09-12,698111.0,696146.0,694022.0,691945.3533163388,681494
7,Texas,2020-09-23,752635.0,757944.0,750657.0,750992.1248800592,747358
8,Texas,2020-09-11,693101.0,690360.0,687856.0,686827.3725874922,678738
9,Texas,2020-09-22,747724.0,752555.0,743988.0,745424.368414071,745787
10,Texas,2020-09-08,678130.0,673679.0,671890.0,671702.7053685762,665949
11,Texas,2020-09-10,688088.0,685231.0,681745.0,681749.0343947284,672800
12,Texas,2020-09-16,718064.0,718996.0,712187.0,712836.8863254607,700902
13,Texas,2020-09-02,647758.0,645322.0,643170.0,642398.8650027564,645179
14,Texas,2020-09-01,642722.0,640603.0,639554.0,637608.9568565771,641021
15,Texas,2020-09-18,727987.0,730488.0,725012.0,723504.0033472958,708811
16,Texas,2020-09-07,673071.0,668674.0,668112.0,666734.3480119803,662521
17,Texas,2020-09-03,652823.0,649852.0,646806.0,647226.7059120933,648750
18,Texas,2020-09-21,742804.0,747105.0,737379.0,739899.8153200572,739185
19,Texas,2020-09-13,703114.0,702338.0,697945.0,697111.269122227,685893
20,Texas,2020-09-20,737873.0,741479.0,733233.0,734391.5051235263,717394
21,Texas,2020-09-15,713091.0,713270.0,705860.0,707565.1969950986,696821
22,Texas,2020-09-14,708108.0,708253.0,701891.0,702317.7715006081,689780
23,Texas,2020-09-04,657932.0,654253.0,652604.0,652048.2750234797,654665
24,Texas,2020-09-09,683069.0,679507.0,675688.0,676710.0176245652,671068
25,Texas,2020-09-06,667996.0,665129.0,664356.0,661804.6260647193,661654
26,Rhode Island,2020-09-24,24583.0,24020.0,22917.0,24315.200426825137,24311
27,Rhode Island,2020-09-26,24878.0,24088.0,23007.0,24529.57395894005,24181
28,Rhode Island,2020-09-25,24729.0,24054.0,22962.0,24422.27940032719,24181
29,Rhode Island,2020-09-19,23883.0,23548.0,22692.0,23788.056139953278,23620
30,Rhode Island,2020-09-05,22258.0,22394.0,22076.0,22374.97400696577,22243
31,Rhode Island,2020-09-17,23619.0,23455.0,22603.0,23580.287998785785,23488
32,Rhode Island,2020-09-12,23003.0,23143.0,22382.0,23070.029691536103,22905
33,Rhode Island,2020-09-23,24438.0,23802.0,22872.0,24208.620912403177,24177
34,Rhode Island,2020-09-11,22887.0,22938.0,22338.0,22969.240128514262,22905
35,Rhode Island,2020-09-22,24296.0,23731.0,22827.0,24102.53837615801,24044
36,Rhode Island,2020-09-08,22554.0,22771.0,22206.0,22670.16300708681,22592
37,Rhode Island,2020-09-10,22773.0,22844.0,22294.0,22868.91890311261,22782
38,Rhode Island,2020-09-16,23491.0,23445.0,22559.0,23477.12877841363,23358
39,Rhode Island,2020-09-02,21966.0,22120.0,21946.0,22084.097802312215,22078
40,Rhode Island,2020-09-01,21869.0,22067.0,21903.0,21988.109834658964,22002
41,Rhode Island,2020-09-18,23750.0,23467.0,22648.0,23683.92965142075,23620
42,Rhode Island,2020-09-07,22454.0,22512.0,22163.0,22571.47213010693,22243
43,Rhode Island,2020-09-03,22068.0,22248.0,21989.0,22180.529831427524,22143
44,Rhode Island,2020-09-21,24156.0,23717.0,22782.0,23997.224326096035,23932
45,Rhode Island,2020-09-13,23122.0,23143.0,22426.0,23171.289921097086,22905
46,Rhode Island,2020-09-20,24019.0,23707.0,22737.0,23892.39770836593,23620
47,Rhode Island,2020-09-15,23366.0,23224.0,22514.0,23374.709993788732,23250
48,Rhode Island,2020-09-14,23243.0,23143.0,22470.0,23272.764478001503,23130
49,Rhode Island,2020-09-04,22162.0,22364.0,22032.0,22277.408092848655,22243
50,Rhode Island,2020-09-09,22660.0,22792.0,22250.0,22769.31118500266,22676
51,Rhode Island,2020-09-06,22356.0,22432.0,22119.0,22472.99460049635,22243
52,Mississippi,2020-09-24,99532.0,124062.0,98789.0,102585.33774959699,95310
53,Mississippi,2020-09-26,100902.0,128498.0,99909.0,104374.75262903766,96677
54,Mississippi,2020-09-25,100216.0,126260.0,99347.0,103475.02666187196,96032
55,Mississippi,2020-09-19,96142.0,113664.0,95101.0,98248.16012128495,93087
56,Mississippi,2020-09-05,86768.0,89654.0,85885.0,87085.02881495321,86478
57,Mississippi,2020-09-17,94796.0,109774.0,93726.0,96568.95073129311,91935
58,Mississippi,2020-09-12,91446.0,100708.0,90524.0,92494.04615493979,89620
59,Mississippi,2020-09-23,98851.0,121905.0,97911.0,101703.5439325178,94573
60,Mississippi,2020-09-11,90778.0,99005.0,89720.0,91701.62765578773,89175
61,Mississippi,2020-09-22,98171.0,119786.0,97041.0,100829.57270300323,94021
62,Mississippi,2020-09-08,88770.0,94156.0,87637.0,89362.84886133485,87379
63,Mississippi,2020-09-10,90109.0,97336.0,88923.0,90916.21272719822,88322
64,Mississippi,2020-09-16,94125.0,107885.0,92893.0,95740.48221120775,91234
65,Mississippi,2020-09-02,84736.0,85565.0,83891.0,84858.57277249853,84365
66,Mississippi,2020-09-01,84062.0,84243.0,83419.0,84128.12419517571,83584
67,Mississippi,2020-09-18,95468.0,111701.0,94566.0,97404.82055125294,92432
68,Mississippi,2020-09-07,88100.0,92608.0,87144.0,88596.48421251144,87130
69,Mississippi,2020-09-03,85412.0,86893.0,84365.0,85595.6085710314,85116
70,Mississippi,2020-09-21,97493.0,117707.0,96179.0,99961.39380313612,93556
71,Mississippi,2020-09-13,92116.0,102446.0,91036.0,93293.53285450251,89874
72,Mississippi,2020-09-20,96817.0,115666.0,95638.0,99100.94677398373,93364
73,Mississippi,2020-09-15,93454.0,106034.0,92068.0,94917.5403557579,90523
74,Mississippi,2020-09-14,92785.0,104221.0,91550.0,94101.91306254541,90018
75,Mississippi,2020-09-04,86094.0,88249.0,85122.0,86339.29392726513,85939
76,Mississippi,2020-09-09,89439.0,95727.0,88133.0,90136.07046765929,87805
77,Mississippi,2020-09-06,87432.0,91105.0,86654.0,87837.405190061,86888
78,Montana,2020-09-24,10658.0,11191.0,9271.0,11425.426134270632,11242
79,Montana,2020-09-26,10971.0,11535.0,9407.0,11832.517908828371,11907
80,Montana,2020-09-25,10815.0,11295.0,9323.0,11627.697076528922,11564
81,Montana,2020-09-19,9905.0,10256.0,8925.0,10470.948547680566,10163
82,Montana,2020-09-05,8113.0,8193.0,8086.0,8194.153625810803,8164
83,Montana,2020-09-17,9655.0,10021.0,8825.0,10113.228809858834,9647
84,Montana,2020-09-12,9026.0,9234.0,8495.0,9271.80372859562,8925
85,Montana,2020-09-23,10500.0,10984.0,9219.0,11226.952047395536,10912
86,Montana,2020-09-11,8898.0,9015.0,8448.0,9111.274229226727,8785
87,Montana,2020-09-22,10342.0,10851.0,9167.0,11032.198506745977,10700
88,Montana,2020-09-08,8509.0,8601.0,8251.0,8643.512871533432,8381
89,Montana,2020-09-10,8769.0,8844.0,8400.0,8953.719314935943,8663
90,Montana,2020-09-16,9531.0,9836.0,8775.0,9939.357442259272,9431
91,Montana,2020-09-02,7717.0,7723.0,7851.0,7762.666640829326,7691
92,Montana,2020-09-01,7593.0,7566.0,7758.0,7623.486378832215,7509
93,Montana,2020-09-18,9780.0,10132.0,8875.0,10290.403265357023,9871
94,Montana,2020-09-07,8378.0,8496.0,8178.0,8492.733282100264,8316
95,Montana,2020-09-03,7846.0,7884.0,7946.0,7904.4945459175615,7871
96,Montana,2020-09-21,10186.0,10733.0,9086.0,10841.571245585223,10429
97,Montana,2020-09-13,9153.0,9480.0,8543.0,9435.36790458996,9021
98,Montana,2020-09-20,10037.0,10529.0,9005.0,10654.511825619998,10299
99,Montana,2020-09-15,9406.0,9648.0,8697.0,9768.214768823276,9244
100,Montana,2020-09-14,9280.0,9569.0,8620.0,9600.239130951995,9107
101,Montana,2020-09-04,7979.0,7980.0,8041.0,8049.022474794186,8019
102,Montana,2020-09-09,8638.0,8763.0,8325.0,8797.155517378349,8468
103,Montana,2020-09-06,8246.0,8404.0,8132.0,8342.038889499063,8264
104,Georgia,2020-09-24,317620.0,316779.0,322114.0,322164.11798492394,311698
105,Georgia,2020-09-26,321377.0,320676.0,325767.0,327029.893563598,313873
106,Georgia,2020-09-25,319499.0,318402.0,323935.0,324587.4950151884,312514
107,Georgia,2020-09-19,308189.0,305423.0,310089.0,310289.58908669197,305021
108,Georgia,2020-09-05,281198.0,280031.0,280039.0,279374.6325282474,281548
109,Georgia,2020-09-17,304397.0,302306.0,305606.0,305674.68681447353,300903
110,Georgia,2020-09-12,294834.0,292436.0,295166.0,294442.01664282737,292905
111,Georgia,2020-09-23,315738.0,314580.0,319252.0,319746.57055440487,310161
112,Georgia,2020-09-11,292902.0,290955.0,292543.0,292241.2902480246,290781
113,Georgia,2020-09-22,313855.0,311826.0,316416.0,317348.0041958267,308294
114,Georgia,2020-09-08,287088.0,285362.0,285753.0,285740.44000050134,285350
115,Georgia,2020-09-10,290962.0,288873.0,289944.0,290057.77937383566,289123
116,Georgia,2020-09-16,302496.0,299662.0,302891.0,303389.8823173114,299056
117,Georgia,2020-09-02,275154.0,274734.0,273539.0,273137.0090026526,274613
118,Georgia,2020-09-01,273133.0,272911.0,272001.0,271094.192345879,272697
119,Georgia,2020-09-18,306294.0,303870.0,308346.0,307977.4982013525,302854
120,Georgia,2020-09-07,285146.0,283923.0,284146.0,283606.3409699466,283807
121,Georgia,2020-09-03,277184.0,276109.0,275085.0,275195.9141077524,277288
122,Georgia,2020-09-21,311969.0,310240.0,313605.0,314968.2636653817,307339
123,Georgia,2020-09-13,296759.0,294532.0,296834.0,296651.62381134595,294314
124,Georgia,2020-09-20,310081.0,308118.0,311842.0,312619.79511504556,306155
125,Georgia,2020-09-15,300589.0,298143.0,300200.0,301122.93809027487,296994
126,Georgia,2020-09-14,298677.0,296632.0,298513.0,298878.5506015414,295337
127,Georgia,2020-09-04,279195.0,278015.0,277551.0,277277.01300468144,279354
128,Georgia,2020-09-09,289011.0,286830.0,287368.0,287891.3436860085,287300
129,Georgia,2020-09-06,283184.0,281440.0,282549.0,281488.9098450936,283199
130,California,2020-09-24,829365.0,1000700.0,849403.0,850821.1353326383,799516
131,California,2020-09-26,839483.0,1032281.0,859035.0,863832.5723378969,807451
132,California,2020-09-25,834406.0,1016351.0,854205.0,857301.20227808,803660
133,California,2020-09-19,804531.0,926700.0,817693.0,819238.3739532443,783313
134,California,2020-09-05,735886.0,758514.0,740882.0,737011.7248149255,735314
135,California,2020-09-17,794722.0,899048.0,808525.0,806903.8519791182,775037
136,California,2020-09-12,770342.0,835156.0,778341.0,777017.3947872526,758933
137,California,2020-09-23,824431.0,985337.0,844628.0,844391.9511781685,796436
138,California,2020-09-11,765474.0,823276.0,773965.0,771165.6130997592,754905
139,California,2020-09-22,819453.0,970263.0,837124.0,838038.2650423449,793065
140,California,2020-09-08,750699.0,789359.0,753520.0,753921.5517523502,744344
141,California,2020-09-10,760588.0,811633.0,767089.0,765372.6395789422,750961
142,California,2020-09-16,789807.0,885637.0,801342.0,800842.1369386079,771321
143,California,2020-09-02,721025.0,730495.0,721311.0,720536.5985941418,721281
144,California,2020-09-01,716056.0,721441.0,717256.0,715083.8208577931,715617
145,California,2020-09-18,799622.0,912736.0,813096.0,813046.7974280654,779491
146,California,2020-09-07,745760.0,778682.0,749283.0,748240.6486009444,740965
147,California,2020-09-03,725999.0,739680.0,727777.0,725985.5504022802,726018
148,California,2020-09-21,814456.0,955464.0,829687.0,831734.0756157454,790096
149,California,2020-09-13,775192.0,847284.0,782741.0,782915.3141480848,761728
150,California,2020-09-20,809485.0,940947.0,822316.0,825478.9834734799,786168
151,California,2020-09-15,784908.0,872511.0,794223.0,794827.5630631677,768204
152,California,2020-09-14,780023.0,859670.0,787167.0,788859.7506229411,765134
153,California,2020-09-04,730943.0,748983.0,734300.0,731477.1439691946,730662
154,California,2020-09-09,755643.0,800301.0,760274.0,759624.7402822245,747290
155,California,2020-09-06,740809.0,768387.0,745071.0,742604.1601707138,738856
156,Washington,2020-09-24,91184.0,85352.0,90567.0,88539.55767765008,86422
157,Washington,2020-09-26,93054.0,86388.0,91896.0,89698.03093404001,87519
158,Washington,2020-09-25,92116.0,86037.0,91079.0,89116.85521845218,87062
159,Washington,2020-09-19,87289.0,83289.0,87186.0,85707.29804377524,83622
160,Washington,2020-09-05,78691.0,77699.0,78996.0,78268.99035210277,77979
161,Washington,2020-09-17,85944.0,82435.0,86209.0,84601.9742780966,82610
162,Washington,2020-09-12,82768.0,80443.0,82990.0,81901.54275270917,80738
163,Washington,2020-09-23,90275.0,85000.0,90058.0,87966.11812193481,85397
164,Washington,2020-09-11,82190.0,80116.0,82524.0,81371.44506715394,80374
165,Washington,2020-09-22,89518.0,84649.0,89552.0,87396.5099118843,84814
166,Washington,2020-09-08,80492.0,78829.0,80608.0,79804.19900039338,78781
167,Washington,2020-09-10,81636.0,79478.0,82060.0,80844.89127533718,79880
168,Washington,2020-09-16,85280.0,82095.0,85724.0,84054.83782789741,82193
169,Washington,2020-09-02,76788.0,76419.0,77163.0,76762.44596422171,76537
170,Washington,2020-09-01,76214.0,76108.0,76477.0,76266.65103424493,75977
171,Washington,2020-09-18,86610.0,82950.0,86696.0,85152.78584498176,83239
172,Washington,2020-09-07,79913.0,78339.0,79892.0,79289.04476218499,78492
173,Washington,2020-09-03,77411.0,76735.0,77854.0,77261.57083536839,77034
174,Washington,2020-09-21,88753.0,84305.0,88756.0,86829.64961094016,84270
175,Washington,2020-09-13,83373.0,80776.0,83459.0,82435.2090339335,81056
176,Washington,2020-09-20,88005.0,83634.0,87968.0,86266.58777230786,83925
177,Washington,2020-09-15,84627.0,81762.0,84962.0,83511.34515288426,81776
178,Washington,2020-09-14,83992.0,81111.0,84208.0,82971.4772131374,81392
179,Washington,2020-09-04,78053.0,77053.0,78552.0,77764.0488061371,77559
180,Washington,2020-09-09,81067.0,79151.0,81331.0,80322.80653038854,79280
181,Washington,2020-09-06,79310.0,78016.0,79443.0,78777.31453161607,78295
182,Wyoming,2020-09-24,4745.0,4891.0,4586.0,4774.129677622289,5305
183,Wyoming,2020-09-26,4862.0,4966.0,4638.0,4860.647729126465,5465
184,Wyoming,2020-09-25,4803.0,4940.0,4612.0,4817.186519612161,5420
185,Wyoming,2020-09-19,4493.0,4602.0,4414.0,4565.553209177145,4781
186,Wyoming,2020-09-05,4036.0,4039.0,3987.0,4029.4283822476254,3990
187,Wyoming,2020-09-17,4428.0,4527.0,4351.0,4484.279224389144,4652
188,Wyoming,2020-09-12,4267.0,4338.0,4202.0,4288.927450989856,4297
189,Wyoming,2020-09-23,4687.0,4857.0,4545.0,4731.473291523039,5169
190,Wyoming,2020-09-11,4235.0,4347.0,4165.0,4250.765988240897,4264
191,Wyoming,2020-09-22,4630.0,4819.0,4504.0,4689.518608198064,5016
192,Wyoming,2020-09-08,4135.0,4229.0,4068.0,4138.889821384675,4105
193,Wyoming,2020-09-10,4201.0,4252.0,4128.0,4213.129153230813,4199
194,Wyoming,2020-09-16,4396.0,4536.0,4312.0,4444.597583345167,4566
195,Wyoming,2020-09-02,3932.0,3990.0,3894.0,3922.868771746303,3911
196,Wyoming,2020-09-01,3898.0,3875.0,3872.0,3887.1880826878273,3874
197,Wyoming,2020-09-18,4460.0,4612.0,4390.0,4524.726262755819,4747
198,Wyoming,2020-09-07,4103.0,4174.0,4045.0,4102.063021702058,4032
199,Wyoming,2020-09-03,3967.0,4012.0,3916.0,3958.060205391002,3941
200,Wyoming,2020-09-21,4575.0,4756.0,4464.0,4647.949996736906,4944
201,Wyoming,2020-09-13,4300.0,4348.0,4226.0,4327.44565762583,4346
202,Wyoming,2020-09-20,4528.0,4688.0,4439.0,4606.763775166609,4872
203,Wyoming,2020-09-15,4364.0,4406.0,4274.0,4405.280357054577,4440
204,Wyoming,2020-09-14,4332.0,4382.0,4250.0,4366.324077358919,4394
205,Wyoming,2020-09-04,4001.0,4048.0,3951.0,3993.5790244078285,3990
206,Wyoming,2020-09-09,4168.0,4263.0,4091.0,4175.838195377236,4152
207,Wyoming,2020-09-06,4070.0,4115.0,4022.0,4065.576967111735,4032
208,Kansas,2020-09-24,66620.0,60391.0,54896.0,57400.52445511261,57713
209,Kansas,2020-09-26,69747.0,62050.0,55922.0,58854.13663544962,58105
210,Kansas,2020-09-25,68159.0,60997.0,55407.0,58122.37982730203,58101
211,Kansas,2020-09-19,59669.0,56192.0,51995.0,53901.2165022469,52486
212,Kansas,2020-09-05,46020.0,45789.0,44948.0,45185.48972413994,45656
213,Kansas,2020-09-17,57239.0,54586.0,51041.0,52572.81685251111,51164
214,Kansas,2020-09-12,51932.0,50880.0,48343.0,49366.09620339051,48658
215,Kansas,2020-09-23,65129.0,59363.0,54390.0,56688.42403514679,56577
216,Kansas,2020-09-11,50984.0,50009.0,47898.0,48750.5073239491,48370
217,Kansas,2020-09-22,63688.0,58778.0,53745.0,55975.51734381079,56248
218,Kansas,2020-09-08,48356.0,48029.0,46215.0,46938.15623093539,47012
219,Kansas,2020-09-10,50070.0,49543.0,47330.0,48138.15026967795,47802
220,Kansas,2020-09-16,56095.0,53978.0,50436.0,51913.89050958413,50720
221,Kansas,2020-09-02,43808.0,43937.0,43369.0,43445.280011030765,43847
222,Kansas,2020-09-01,43115.0,43370.0,42969.0,42864.373023194974,42962
223,Kansas,2020-09-18,58430.0,55570.0,51516.0,53232.53308265337,52125
224,Kansas,2020-09-07,47555.0,47258.0,45789.0,46345.970166201514,46337
225,Kansas,2020-09-03,44535.0,44451.0,43889.0,44017.2583870364,44394
226,Kansas,2020-09-21,62298.0,57787.0,53108.0,55272.425475168886,55222
227,Kansas,2020-09-13,52916.0,51516.0,48793.0,49990.13233496027,48766
228,Kansas,2020-09-20,60958.0,57161.0,52479.0,54578.99937089277,54905
229,Kansas,2020-09-15,54995.0,53018.0,49838.0,51263.90992981976,49989
230,Kansas,2020-09-14,53935.0,52386.0,49247.0,50622.74312083095,49660
231,Kansas,2020-09-04,45260.0,45283.0,44416.0,44597.28757974066,45365
232,Kansas,2020-09-09,49186.0,48711.0,46769.0,47534.073445230264,47424
233,Kansas,2020-09-06,46773.0,46609.0,45367.0,45761.78685004255,45830
234,Wisconsin,2020-09-24,91417.0,100227.0,98842.0,94775.62521014576,108324
235,Wisconsin,2020-09-26,92630.0,102653.0,100959.0,96572.18432117137,113645
236,Wisconsin,2020-09-25,92022.0,101434.0,99762.0,95669.55178421274,110828
237,Wisconsin,2020-09-19,88361.0,94421.0,93619.0,90447.92654409139,99562
238,Wisconsin,2020-09-05,79398.0,79959.0,80931.0,79351.91204911945,80300
239,Wisconsin,2020-09-17,87122.0,92216.0,91901.0,88764.6092140583,94746
240,Wisconsin,2020-09-12,83967.0,86903.0,87044.0,84717.7428157443,87603
241,Wisconsin,2020-09-23,90810.0,99040.0,97931.0,93890.31777983463,105932
242,Wisconsin,2020-09-11,83326.0,85856.0,86242.0,83929.07820411821,86250
243,Wisconsin,2020-09-22,90202.0,97869.0,97028.0,93019.23209724958,104170
244,Wisconsin,2020-09-08,81390.0,82846.0,83433.0,81619.87043878276,82477
245,Wisconsin,2020-09-10,82682.0,84797.0,85447.0,83151.96763836376,84881
246,Wisconsin,2020-09-16,86498.0,91142.0,91054.0,87941.2699355557,92712
247,Wisconsin,2020-09-02,77357.0,77455.0,78295.0,77143.37373655413,77129
248,Wisconsin,2020-09-01,76695.0,76602.0,77367.0,76413.97684363618,76584
249,Wisconsin,2020-09-18,87743.0,93328.0,92756.0,89602.18535604328,97279
250,Wisconsin,2020-09-07,80737.0,81916.0,82444.0,80856.55303271482,81760
251,Wisconsin,2020-09-03,78030.0,78260.0,79234.0,77872.45386315488,77856
252,Wisconsin,2020-09-21,89591.0,96709.0,95878.0,92156.458446869,102498
253,Wisconsin,2020-09-13,84605.0,87949.0,87854.0,85514.05714734875,89185
254,Wisconsin,2020-09-20,88977.0,95558.0,94742.0,91301.9151777947,101227
255,Wisconsin,2020-09-15,85871.0,90060.0,89974.0,87125.79195957842,91304
256,Wisconsin,2020-09-14,85240.0,88975.0,88908.0,86318.09793293253,89956
257,Wisconsin,2020-09-04,78715.0,79102.0,80185.0,78608.60976234169,79354
258,Wisconsin,2020-09-09,82034.0,83775.0,84434.0,82382.25587846935,83334
259,Wisconsin,2020-09-06,80074.0,80923.0,81684.0,80100.59130745787,81193
260,West Virginia,2020-09-24,13329.0,14986.0,12342.0,13523.855327507143,14719
261,West Virginia,2020-09-26,13599.0,15458.0,12565.0,13847.48545109363,15167
262,West Virginia,2020-09-25,13464.0,15218.0,12453.0,13684.673318847474,14962
263,West Virginia,2020-09-19,12665.0,13810.0,11921.0,12752.600825715535,13889
264,West Virginia,2020-09-05,10854.0,10987.0,10730.0,10802.091300136348,11293
265,West Virginia,2020-09-17,12404.0,13369.0,11710.0,12454.959126549586,13434
266,West Virginia,2020-09-12,11755.0,12299.0,11310.0,11742.626304382447,12528
267,West Virginia,2020-09-23,13195.0,14766.0,12233.0,13365.006136476672,14515
268,West Virginia,2020-09-11,11626.0,12101.0,11209.0,11604.477792893837,12177
269,West Virginia,2020-09-22,13062.0,14507.0,12164.0,13209.529013110663,14394
270,West Virginia,2020-09-08,11243.0,11525.0,11021.0,11198.52922763798,11662
271,West Virginia,2020-09-10,11498.0,11887.0,11146.0,11467.486352422015,12016
272,West Virginia,2020-09-16,12273.0,13170.0,11644.0,12309.58052144787,13202
273,West Virginia,2020-09-02,10469.0,10537.0,10550.0,10420.289508234622,10658
274,West Virginia,2020-09-01,10347.0,10406.0,10425.0,10291.502037448363,10513
275,West Virginia,2020-09-18,12534.0,13608.0,11815.0,12602.865267276948,13685
276,West Virginia,2020-09-07,11115.0,11319.0,10924.0,11064.723349924747,11575
277,West Virginia,2020-09-03,10594.0,10691.0,10610.0,10545.975477352958,10855
278,West Virginia,2020-09-21,12929.0,14274.0,12096.0,13055.931230531405,14181
279,West Virginia,2020-09-13,11884.0,12514.0,11411.0,11882.49070364054,12705
280,West Virginia,2020-09-20,12797.0,14045.0,12028.0,12904.189286777117,14062
281,West Virginia,2020-09-15,12143.0,12968.0,11579.0,12165.965923678437,12986
282,West Virginia,2020-09-14,12014.0,12721.0,11514.0,12024.093175781145,12830
283,West Virginia,2020-09-04,10723.0,10843.0,10670.0,10673.235931913478,11042
284,West Virginia,2020-09-09,11371.0,11668.0,11084.0,11332.177303114117,11814
285,West Virginia,2020-09-06,10984.0,11152.0,10826.0,10932.584588173479,11418
286,New Jersey,2020-09-24,209433.0,201271.0,201690.0,200526.0924850187,201216
287,New Jersey,2020-09-26,211304.0,202087.0,202486.0,201269.77866924246,202850
288,New Jersey,2020-09-25,210362.0,201677.0,202088.0,200897.58065661986,202100
289,New Jersey,2020-09-19,204989.0,199248.0,199716.0,198679.24982459066,199309
290,New Jersey,2020-09-05,194749.0,193751.0,194289.0,193600.82299137127,193747
291,New Jersey,2020-09-17,203314.0,198449.0,198931.0,197945.43235545364,198361
292,New Jersey,2020-09-12,199412.0,196456.0,196984.0,196123.0899819051,196337
293,New Jersey,2020-09-23,208516.0,200867.0,201294.0,200155.31273950395,200988
294,New Jersey,2020-09-11,198684.0,196067.0,196596.0,195760.70207089602,195888
295,New Jersey,2020-09-22,207614.0,200458.0,200898.0,199785.24000814426,200580
296,New Jersey,2020-09-08,196615.0,194901.0,195439.0,194677.67466323444,194667
297,New Jersey,2020-09-10,197974.0,195679.0,196210.0,195399.0044626366,195414
298,New Jersey,2020-09-16,202500.0,198045.0,198540.0,197579.572225795,197792
299,New Jersey,2020-09-02,193088.0,192658.0,193145.0,192530.1102833342,192595
300,New Jersey,2020-09-01,192584.0,192325.0,192765.0,192174.56393942467,192290
301,New Jersey,2020-09-18,204144.0,198846.0,199323.0,198311.99109036723,198848
302,New Jersey,2020-09-07,195971.0,194520.0,195055.0,194318.0397337889,194390
303,New Jersey,2020-09-03,193618.0,193028.0,193526.0,192886.3346725297,192973
304,New Jersey,2020-09-21,206725.0,200053.0,200503.0,199415.872882005,200154
305,New Jersey,2020-09-13,200158.0,196858.0,197372.0,196486.16957208858,196634
306,New Jersey,2020-09-20,205850.0,199652.0,200109.0,199047.2099551412,199762
307,New Jersey,2020-09-15,201702.0,197644.0,198150.0,197214.4093102917,197404
308,New Jersey,2020-09-14,200921.0,197253.0,197760.0,196849.94222079264,196968
309,New Jersey,2020-09-04,194173.0,193405.0,193907.0,193243.23845744395,193422
310,New Jersey,2020-09-09,197282.0,195284.0,195824.0,195037.9957836168,194994
311,New Jersey,2020-09-06,195349.0,194121.0,194671.0,193959.08963047393,194058
312,Tennessee,2020-09-24,185634.0,240749.0,184470.0,194263.47402332915,187690
313,Tennessee,2020-09-26,188134.0,250031.0,186562.0,197939.91809751664,190891
314,Tennessee,2020-09-25,186886.0,245346.0,185513.0,196100.17679395658,189454
315,Tennessee,2020-09-19,179327.0,219040.0,177584.0,185387.31899723495,181439
316,Tennessee,2020-09-05,161190.0,168787.0,160902.0,162555.5049797017,162362
317,Tennessee,2020-09-17,176781.0,210926.0,175592.0,181931.1124797549,178140
318,Tennessee,2020-09-12,170346.0,191985.0,169037.0,173614.91892716,170891
319,Tennessee,2020-09-23,184380.0,236240.0,183433.0,192444.36173685055,186798
320,Tennessee,2020-09-11,169045.0,188429.0,168087.0,171987.05213016612,169859
321,Tennessee,2020-09-22,183122.0,231815.0,181804.0,190642.66748972572,185148
322,Tennessee,2020-09-08,165141.0,178186.0,163647.0,167220.1440759837,165754
323,Tennessee,2020-09-10,167741.0,184944.0,166594.0,170374.79546532172,168237
324,Tennessee,2020-09-16,175504.0,206987.0,174033.0,180227.7890910148,177087
325,Tennessee,2020-09-02,157149.0,160277.0,156652.0,158006.0636384216,157831
326,Tennessee,2020-09-01,155810.0,157569.0,155771.0,156519.23113271277,156329
327,Tennessee,2020-09-18,178055.0,214943.0,176585.0,183650.9014620036,180497
328,Tennessee,2020-09-07,163842.0,174921.0,162727.0,165665.2300808533,165109
329,Tennessee,2020-09-03,158467.0,163050.0,158056.0,159507.30384857085,159546
330,Tennessee,2020-09-21,181860.0,227474.0,180188.0,188874.2098740632,184409
331,Tennessee,2020-09-13,171642.0,195620.0,169993.0,175258.55063053116,171824
332,Tennessee,2020-09-20,180595.0,223216.0,178588.0,187122.48088496272,183514
333,Tennessee,2020-09-15,174222.0,203126.0,172486.0,178555.61020900003,175231
334,Tennessee,2020-09-14,172934.0,199333.0,170954.0,176899.24827476777,174274
335,Tennessee,2020-09-04,159819.0,165867.0,159473.0,161023.09465999997,160597
336,Tennessee,2020-09-09,166433.0,181555.0,165114.0,168789.9506496861,166606
337,Tennessee,2020-09-06,162528.0,171795.0,161812.0,164102.8338243478,164126
338,Idaho,2020-09-24,38880.0,39980.0,38289.0,38993.58692401922,39234
339,Idaho,2020-09-26,39613.0,40707.0,38724.0,39654.73348259951,40296
340,Idaho,2020-09-25,39245.0,40342.0,38506.0,39322.712362183556,39757
341,Idaho,2020-09-19,37215.0,38228.0,36860.0,37387.97324508623,37247
342,Idaho,2020-09-05,33529.0,33617.0,33398.0,33244.22108494486,33474
343,Idaho,2020-09-17,36689.0,37548.0,36447.0,36765.11124689846,36489
344,Idaho,2020-09-12,35381.0,35879.0,35086.0,35254.85621105399,35167
345,Idaho,2020-09-23,38518.0,39622.0,38074.0,38666.77004372234,38743
346,Idaho,2020-09-11,35124.0,35561.0,34889.0,34961.00332893019,34950
347,Idaho,2020-09-22,38161.0,39269.0,37736.0,38342.805230001155,38347
348,Idaho,2020-09-08,34348.0,34589.0,33967.0,34093.541840792765,33978
349,Idaho,2020-09-10,34870.0,35238.0,34579.0,34669.700632896354,34617
350,Idaho,2020-09-16,36426.0,37212.0,36123.0,36457.659219948626,36093
351,Idaho,2020-09-02,32671.0,32703.0,32515.0,32412.287077921577,32664
352,Idaho,2020-09-01,32396.0,32383.0,32333.0,32139.44687482416,32353
353,Idaho,2020-09-18,36952.0,37884.0,36653.0,37075.26853697714,36959
354,Idaho,2020-09-07,34078.0,34277.0,33776.0,33808.6627074777,33738
355,Idaho,2020-09-03,32957.0,33020.0,32807.0,32687.54265937742,32927
356,Idaho,2020-09-21,37810.0,38919.0,37401.0,38021.666646577425,37901
357,Idaho,2020-09-13,35642.0,36202.0,35284.0,35551.587992899076,35279
358,Idaho,2020-09-20,37481.0,38573.0,37068.0,37703.43086290692,37491
359,Idaho,2020-09-15,36165.0,36859.0,35802.0,36152.88791201169,35810
360,Idaho,2020-09-14,35905.0,36528.0,35484.0,35850.92396870086,35532
361,Idaho,2020-09-04,33247.0,33314.0,33101.0,32964.65451107608,33193
362,Idaho,2020-09-09,34612.0,34900.0,34272.0,34380.92515083555,34300
363,Idaho,2020-09-06,33807.0,33923.0,33586.0,33526.26504242375,33664
364,Nevada,2020-09-24,81040.0,103047.0,90460.0,81591.58135408466,77197
365,Nevada,2020-09-26,82128.0,106786.0,92397.0,82728.12984045612,78355
366,Nevada,2020-09-25,81586.0,104898.0,91302.0,82157.81970938755,77753
367,Nevada,2020-09-19,78403.0,94317.0,85680.0,78818.42346372233,75419
368,Nevada,2020-09-05,71797.0,74561.0,74068.0,71560.03566508497,71102
369,Nevada,2020-09-17,77469.0,91068.0,84107.0,77737.46154849352,74595
370,Nevada,2020-09-12,75142.0,83558.0,79663.0,75099.84612782257,73220
371,Nevada,2020-09-23,80495.0,101231.0,89627.0,81029.38467768996,76807
372,Nevada,2020-09-11,74673.0,82157.0,78928.0,74583.9176180345,72806
373,Nevada,2020-09-22,79952.0,99451.0,88800.0,80470.51509992623,76298
374,Nevada,2020-09-08,73259.0,78176.0,76358.0,73056.24830806835,72104
375,Nevada,2020-09-10,74203.0,80788.0,78201.0,74071.04858601149,72546
376,Nevada,2020-09-16,77007.0,89496.0,83332.0,77202.10385583053,74248
377,Nevada,2020-09-02,70361.0,71293.0,71656.0,70085.55080842755,69872
378,Nevada,2020-09-01,69887.0,70254.0,70806.0,69598.97677773685,69633
379,Nevada,2020-09-18,77931.0,92675.0,84890.0,78276.00965393233,75096
380,Nevada,2020-09-07,72779.0,76926.0,75453.0,72553.9448000119,71967
381,Nevada,2020-09-03,70835.0,72355.0,72515.0,70573.5107380252,70223
382,Nevada,2020-09-21,79418.0,97705.0,87748.0,79915.64064604552,76036
383,Nevada,2020-09-13,75610.0,84991.0,80404.0,75619.47228339208,73537
384,Nevada,2020-09-20,78899.0,95994.0,86708.0,79364.73171999615,75804
385,Nevada,2020-09-15,76543.0,87959.0,82344.0,76670.5672723166,74040
386,Nevada,2020-09-14,76077.0,86457.0,81368.0,76142.82353503074,73814
387,Nevada,2020-09-04,71314.0,73440.0,73385.0,71064.99687599875,70712
388,Nevada,2020-09-09,73731.0,79457.0,77274.0,73561.83447992848,72258
389,Nevada,2020-09-06,72290.0,75723.0,74757.0,72055.21602748861,71610
390,Delaware,2020-09-24,20048.0,20217.0,20757.0,19513.895829914643,19947
391,Delaware,2020-09-26,20309.0,20310.0,20993.0,19705.083288350743,20156
392,Delaware,2020-09-25,20178.0,20286.0,20875.0,19609.230104704166,20085
393,Delaware,2020-09-19,19419.0,19828.0,19982.0,19044.89853106324,19449
394,Delaware,2020-09-05,17873.0,18018.0,18046.0,17797.072622456642,17892
395,Delaware,2020-09-17,19179.0,19573.0,19694.0,18860.823321832188,19318
396,Delaware,2020-09-12,18605.0,18741.0,19021.0,18409.233655312648,18726
397,Delaware,2020-09-23,19919.0,20149.0,20573.0,19419.07731197787,19830
398,Delaware,2020-09-11,18496.0,18654.0,18852.0,18320.366157133885,18559
399,Delaware,2020-09-22,19792.0,20046.0,20390.0,19324.77142077772,19761
400,Delaware,2020-09-08,18184.0,18406.0,18414.0,18056.61249788607,18308
401,Delaware,2020-09-10,18389.0,18570.0,18684.0,18231.975368942614,18466
402,Delaware,2020-09-16,19061.0,19514.0,19519.0,18769.5286623174,19234
403,Delaware,2020-09-02,17598.0,17727.0,17627.0,17541.671366061182,17549
404,Delaware,2020-09-01,17513.0,17652.0,17528.0,17457.444535648803,17535
405,Delaware,2020-09-18,19298.0,19766.0,19870.0,18952.6122772686,19366
406,Delaware,2020-09-07,18078.0,18280.0,18311.0,17969.63475144964,18249
407,Delaware,2020-09-03,17686.0,17838.0,17727.0,17626.349848366917,17653
408,Delaware,2020-09-21,19666.0,19977.0,20209.0,19230.97504790973,19667
409,Delaware,2020-09-13,18716.0,18941.0,19128.0,18498.580744245482,18849
410,Delaware,2020-09-20,19542.0,19917.0,20095.0,19137.685106506262,19566
411,Delaware,2020-09-15,18944.0,19460.0,19345.0,18678.725316974233,19137
412,Delaware,2020-09-14,18829.0,19016.0,19236.0,18588.410324573997,18937
413,Delaware,2020-09-04,17777.0,17828.0,17886.0,17711.482691389207,17752
414,Delaware,2020-09-09,18284.0,18474.0,18518.0,18144.058429689514,18308
415,Delaware,2020-09-06,17973.0,18158.0,18208.0,17883.122387549887,18043
416,Massachusetts,2020-09-24,134105.0,126754.0,127000.0,128351.9883478233,128993
417,Massachusetts,2020-09-26,135523.0,127200.0,127501.0,129015.81931223912,130050
418,Massachusetts,2020-09-25,134808.0,126976.0,127251.0,128683.44442687507,129481
419,Massachusetts,2020-09-19,130766.0,125648.0,125757.0,126708.39411058305,127181
420,Massachusetts,2020-09-05,123108.0,122384.0,122340.0,122225.2917003274,122196
421,Massachusetts,2020-09-17,129514.0,125237.0,125263.0,126057.29249858024,126128
422,Massachusetts,2020-09-12,126603.0,124183.0,124037.0,124445.19022303798,124540
423,Massachusetts,2020-09-23,133414.0,126528.0,126751.0,128021.44832506013,128512
424,Massachusetts,2020-09-11,126057.0,123989.0,123793.0,124125.43161612218,123986
425,Massachusetts,2020-09-22,132734.0,126289.0,126502.0,127691.82161755739,127969
426,Massachusetts,2020-09-08,124504.0,123187.0,123064.0,123171.43197353245,122962
427,Massachusetts,2020-09-10,125524.0,123740.0,123549.0,123806.5541221297,123546
428,Massachusetts,2020-09-16,128907.0,125025.0,125017.0,125733.08862073447,125699
429,Massachusetts,2020-09-02,121784.0,121506.0,121620.0,121286.94078602393,121826
430,Massachusetts,2020-09-01,121366.0,121327.0,121381.0,120975.87611415927,121422
431,Massachusetts,2020-09-18,130133.0,125441.0,125510.0,126382.39343261973,126582
432,Massachusetts,2020-09-07,124027.0,122910.0,122822.0,122855.18209059138,122791
433,Massachusetts,2020-09-03,122219.0,121759.0,121859.0,121598.86323334908,121546
434,Massachusetts,2020-09-21,132066.0,126068.0,126253.0,127363.10549324994,127796
435,Massachusetts,2020-09-13,127161.0,124425.0,124281.0,124765.832578446,124826
436,Massachusetts,2020-09-20,131410.0,125854.0,126005.0,127035.29722900363,127540
437,Massachusetts,2020-09-15,128312.0,124848.0,124771.0,125409.77912012403,125393
438,Massachusetts,2020-09-14,127731.0,124665.0,124526.0,125087.36132653091,125080
439,Massachusetts,2020-09-04,122660.0,122067.0,122099.0,121911.64601553576,121758
440,Massachusetts,2020-09-09,125002.0,123460.0,123307.0,123488.55511407643,123143
441,Massachusetts,2020-09-06,123563.0,122650.0,122581.0,122539.80286383993,122562
442,Utah,2020-09-24,61950.0,62491.0,68029.0,62322.80880958134,67119
443,Utah,2020-09-26,62951.0,63426.0,69486.0,63272.24400533866,69547
444,Utah,2020-09-25,62452.0,62957.0,68662.0,62795.692887811245,68530
445,Utah,2020-09-19,59651.0,60169.0,64434.0,60011.00426950179,62852
446,Utah,2020-09-05,54162.0,54113.0,55701.0,53991.96625517497,54272
447,Utah,2020-09-17,58865.0,59277.0,63251.0,59111.53349598308,60658
448,Utah,2020-09-12,56927.0,57033.0,59909.0,56921.32338503071,57247
449,Utah,2020-09-23,61452.0,62017.0,67402.0,61853.5629578061,65921
450,Utah,2020-09-11,56541.0,56599.0,59356.0,56493.58725360812,56675
451,Utah,2020-09-22,60961.0,61548.0,66781.0,61387.453051041455,65044
452,Utah,2020-09-08,55367.0,55333.0,57423.0,55228.713593607186,55359
453,Utah,2020-09-10,56153.0,56150.0,58809.0,56068.706007248635,56019
454,Utah,2020-09-16,58473.0,58809.0,62668.0,58666.5251936298,59747
455,Utah,2020-09-02,52981.0,52933.0,53887.0,52780.90831517046,52822
456,Utah,2020-09-01,52602.0,52540.0,53249.0,52382.829920006414,52403
457,Utah,2020-09-18,59258.0,59729.0,63840.0,59559.533836982,61775
458,Utah,2020-09-07,54965.0,54906.0,56743.0,54813.282122250894,55033
459,Utah,2020-09-03,53367.0,53333.0,54534.0,53181.480732493495,53326
460,Utah,2020-09-21,60483.0,61095.0,65989.0,60924.93222153528,64394
461,Utah,2020-09-13,57311.0,57479.0,60466.0,57352.369395915965,57875
462,Utah,2020-09-20,60049.0,60630.0,65207.0,60465.972247913494,63772
463,Utah,2020-09-15,58080.0,58370.0,61925.0,58224.94014122084,59000
464,Utah,2020-09-14,57692.0,57921.0,61191.0,57786.75144744652,58438
465,Utah,2020-09-04,53763.0,53718.0,55188.0,53585.15852024155,53839
466,Utah,2020-09-09,55762.0,55752.0,58112.0,55647.08999562639,55673
467,Utah,2020-09-06,54562.0,54503.0,56220.0,54401.041346302176,54660
468,Minnesota,2020-09-24,93623.0,95587.0,91879.0,96329.31804823311,93012
469,Minnesota,2020-09-26,95008.0,97298.0,93227.0,98294.39113713124,95659
470,Minnesota,2020-09-25,94315.0,96260.0,92703.0,97306.69906168475,94189
471,Minnesota,2020-09-19,90169.0,91311.0,88740.0,91604.3890410427,88721
472,Minnesota,2020-09-05,79841.0,79733.0,79878.0,79505.46160912441,79880
473,Minnesota,2020-09-17,88769.0,89561.0,87170.0,89777.84733407297,86722
474,Minnesota,2020-09-12,85166.0,85048.0,84192.0,85365.70769408572,83588
475,Minnesota,2020-09-23,92930.0,94904.0,91063.0,95362.13623697763,92100
476,Minnesota,2020-09-11,84430.0,84017.0,83444.0,84506.05100837284,82716
477,Minnesota,2020-09-22,92240.0,94109.0,90254.0,94408.9715799466,91422
478,Minnesota,2020-09-08,82192.0,81882.0,81776.0,81985.42939982041,81608
479,Minnesota,2020-09-10,83690.0,83198.0,82703.0,83657.04728807928,82249
480,Minnesota,2020-09-16,88061.0,88591.0,86396.0,88880.11517254214,85813
481,Minnesota,2020-09-02,77494.0,77352.0,78280.0,77066.40157236684,77085
482,Minnesota,2020-09-01,76724.0,76391.0,77840.0,76257.56017079114,76355
483,Minnesota,2020-09-18,89472.0,90513.0,87952.0,90686.3391721943,87807
484,Minnesota,2020-09-07,81422.0,80915.0,81316.0,81149.97308369838,81225
485,Minnesota,2020-09-03,78268.0,78345.0,78723.0,77870.70370101479,78123
486,Minnesota,2020-09-21,91550.0,92967.0,89746.0,93465.66179238666,90942
487,Minnesota,2020-09-13,85897.0,86013.0,84947.0,86234.45660972697,84311
488,Minnesota,2020-09-20,90862.0,91976.0,89242.0,92532.10151945794,90017
489,Minnesota,2020-09-15,87346.0,87460.0,85910.0,87991.6650280503,85351
490,Minnesota,2020-09-14,86624.0,86681.0,85427.0,87112.39771646367,84949
491,Minnesota,2020-09-04,79047.0,79053.0,79168.0,78683.69128371486,78966
492,Minnesota,2020-09-09,82947.0,82573.0,82238.0,82816.8717597194,81868
493,Minnesota,2020-09-06,80643.0,80216.0,80594.0,80323.34947787049,80587
494,Colorado,2020-09-24,66463.0,66885.0,68655.0,65736.26678495975,67217
495,Colorado,2020-09-26,67555.0,67737.0,69434.0,66462.44901494605,68510
496,Colorado,2020-09-25,67015.0,67395.0,69043.0,66098.3428990269,67926
497,Colorado,2020-09-19,63889.0,64773.0,66092.0,63955.93598462048,64356
498,Colorado,2020-09-05,59119.0,59349.0,59884.0,59226.10783531402,58986
499,Colorado,2020-09-17,63108.0,63969.0,65351.0,63257.6161698739,63145
500,Colorado,2020-09-12,61394.0,62023.0,62911.0,61545.57234932752,60896
501,Colorado,2020-09-23,65907.0,66483.0,68269.0,65376.20917086621,66669
502,Colorado,2020-09-11,61059.0,61609.0,62558.0,61208.86329312607,60482
503,Colorado,2020-09-22,65355.0,66021.0,67663.0,65018.15862104105,66053
504,Colorado,2020-09-08,60076.0,60424.0,60905.0,60209.942899718066,59671
505,Colorado,2020-09-10,60728.0,61157.0,62002.0,60874.0290958306,60175
506,Colorado,2020-09-16,62755.0,63641.0,64770.0,62911.37151313762,62686
507,Colorado,2020-09-02,58176.0,58200.0,58302.0,58256.88020553673,58019
508,Colorado,2020-09-01,57868.0,57864.0,57974.0,57937.24072601642,57775
509,Colorado,2020-09-18,63475.0,64360.0,65720.0,63605.80064480074,63750
510,Colorado,2020-09-07,59755.0,60102.0,60563.0,59880.66986384146,59484
511,Colorado,2020-09-03,58491.0,58626.0,58824.0,58578.31793569623,58287
512,Colorado,2020-09-21,64818.0,65675.0,67062.0,64662.10376556566,65399
513,Colorado,2020-09-13,61731.0,62373.0,63267.0,61884.16693556054,61313
514,Colorado,2020-09-20,64338.0,65264.0,66466.0,64308.03329992397,64857
515,Colorado,2020-09-15,62408.0,63162.0,64195.0,62567.05569140515,62099
516,Colorado,2020-09-14,62068.0,62745.0,63625.0,62224.65778463461,61687
517,Colorado,2020-09-04,58807.0,58957.0,59352.0,58901.56422185199,58287
518,Colorado,2020-09-09,60398.0,60760.0,61451.0,60541.05914763965,59911
519,Colorado,2020-09-06,59436.0,59735.0,60222.0,59552.472916836865,59271
520,Indiana,2020-09-24,115523.0,115906.0,112182.0,119256.8368553502,114236
521,Indiana,2020-09-26,117181.0,117820.0,113454.0,121674.65079043184,116549
522,Indiana,2020-09-25,116353.0,117203.0,112816.0,120459.43372444552,115407
523,Indiana,2020-09-19,111328.0,111247.0,107994.0,113439.74136047106,110759
524,Indiana,2020-09-05,98996.0,98777.0,97528.0,98639.87049725409,98961
525,Indiana,2020-09-17,109626.0,109476.0,106433.0,111189.15630000264,108646
526,Indiana,2020-09-12,105293.0,105082.0,102797.0,105781.21250827206,104561
527,Indiana,2020-09-23,114690.0,115263.0,111185.0,118066.72384701853,113337
528,Indiana,2020-09-11,104410.0,104533.0,101883.0,104730.46523286666,103505
529,Indiana,2020-09-22,113854.0,114136.0,110198.0,116893.31285888326,112626
530,Indiana,2020-09-08,101732.0,101637.0,99518.0,101647.02420289196,100780
531,Indiana,2020-09-10,103522.0,103370.0,100978.0,103691.99517213221,102243
532,Indiana,2020-09-16,108768.0,108559.0,105487.0,110086.68710489834,107809
533,Indiana,2020-09-02,96187.0,96001.0,95265.0,95717.72169815243,95750
534,Indiana,2020-09-01,95235.0,95414.0,94729.0,94746.31047706903,94891
535,Indiana,2020-09-18,110479.0,110243.0,107387.0,112308.58664060329,109683
536,Indiana,2020-09-07,100823.0,100598.0,98959.0,100634.20929316893,100394
537,Indiana,2020-09-03,97148.0,96999.0,95803.0,96681.6779878123,96854
538,Indiana,2020-09-21,113015.0,113162.0,109219.0,115732.03116862866,112027
539,Indiana,2020-09-13,106170.0,106203.0,103378.0,106842.92782858455,105804
540,Indiana,2020-09-20,112173.0,111924.0,108604.0,114582.7482562393,111505
541,Indiana,2020-09-15,107907.0,107850.0,104550.0,108995.5857977882,107229
542,Indiana,2020-09-14,107040.0,106795.0,103962.0,107915.73036852438,106540
543,Indiana,2020-09-04,98071.0,97641.0,96662.0,97655.69128793445,97884
544,Indiana,2020-09-09,102628.0,102517.0,100081.0,102664.21967621859,101485
545,Indiana,2020-09-06,99916.0,99698.0,98403.0,99631.86217313462,99804
546,North Carolina,2020-09-24,260778.0,219152.0,205888.0,216616.03370723122,204875
547,North Carolina,2020-09-26,272510.0,222941.0,208223.0,220771.83516455424,207774
548,North Carolina,2020-09-25,266571.0,220647.0,207052.0,218683.71035540625,206549
549,North Carolina,2020-09-19,234425.0,207902.0,198202.0,206575.35997876292,198266
550,North Carolina,2020-09-05,183885.0,181124.0,178995.0,180940.15022064946,180695
551,North Carolina,2020-09-17,225164.0,203385.0,195337.0,202691.25610285698,195610
552,North Carolina,2020-09-12,205207.0,194535.0,188663.0,193316.595106765,188945
553,North Carolina,2020-09-23,255147.0,216340.0,204059.0,214568.59761459188,203166
554,North Carolina,2020-09-11,201567.0,193046.0,186987.0,191492.25212717164,187841
555,North Carolina,2020-09-22,249690.0,213939.0,202246.0,212541.36356982344,201411
556,North Carolina,2020-09-08,191655.0,186883.0,182647.0,186151.8098423126,183399
557,North Carolina,2020-09-10,198056.0,191090.0,185326.0,189694.67425440034,186339
558,North Carolina,2020-09-16,220809.0,201883.0,193601.0,200782.06218117694,194062
559,North Carolina,2020-09-02,177817.0,176108.0,174840.0,175852.74739170665,176173
560,North Carolina,2020-09-01,175883.0,174602.0,173857.0,174179.2862782498,174221
561,North Carolina,2020-09-18,229704.0,205633.0,197088.0,204623.7581162793,197128
562,North Carolina,2020-09-07,188850.0,184842.0,181620.0,184397.52790034667,182334
563,North Carolina,2020-09-03,179661.0,177472.0,175828.0,177531.8600753049,177877
564,North Carolina,2020-09-21,244415.0,211429.0,200450.0,210533.98425510433,200287
565,North Carolina,2020-09-13,208838.0,196048.0,189730.0,195158.93574911935,189768
566,North Carolina,2020-09-20,239327.0,210021.0,199323.0,208546.25768648504,199085
567,North Carolina,2020-09-15,216636.0,200201.0,191882.0,198891.5260649293,192394
568,North Carolina,2020-09-14,212646.0,198588.0,190803.0,197019.45813401564,191028
569,North Carolina,2020-09-04,181673.0,179086.0,177404.0,179227.60393581225,179534
570,North Carolina,2020-09-09,194707.0,188589.0,183680.0,187914.5857432271,184649
571,North Carolina,2020-09-06,186272.0,183209.0,180599.0,182660.36577370818,181517
572,Ohio,2020-09-24,149640.0,157668.0,146964.0,152223.58264930447,147744
573,Ohio,2020-09-26,151940.0,161100.0,148630.0,154914.76827449893,150009
574,Ohio,2020-09-25,150787.0,159422.0,147794.0,153568.79545980602,148894
575,Ohio,2020-09-19,143988.0,149463.0,141477.0,145702.13606250746,143547
576,Ohio,2020-09-05,128667.0,129120.0,128187.0,128900.81921934796,129785
577,Ohio,2020-09-17,141763.0,146309.0,139891.0,143166.6711320952,141585
578,Ohio,2020-09-12,136258.0,138833.0,134668.0,137041.31744174648,136568
579,Ohio,2020-09-23,148499.0,155924.0,146137.0,150890.37615532958,146753
580,Ohio,2020-09-11,135167.0,137335.0,133911.0,135843.38758304215,135326
581,Ohio,2020-09-22,147364.0,154333.0,144839.0,149569.06688357762,145850
582,Ohio,2020-09-08,131924.0,133084.0,130374.0,132332.1816812578,131992
583,Ohio,2020-09-10,134080.0,135814.0,132722.0,134656.12794647022,134086
584,Ohio,2020-09-16,140656.0,144817.0,138648.0,141915.84344846258,140518
585,Ohio,2020-09-02,125410.0,125645.0,124801.0,125559.74837422797,125767
586,Ohio,2020-09-01,124359.0,124440.0,124099.0,124467.4314209379,124606
587,Ohio,2020-09-18,142873.0,147861.0,140682.0,144428.73441224638,142596
588,Ohio,2020-09-07,130848.0,131781.0,129641.0,131185.55378406617,131336
589,Ohio,2020-09-03,126484.0,126694.0,125920.0,126661.80449423856,127112
590,Ohio,2020-09-21,146234.0,152721.0,143552.0,148268.61991633973,145165
591,Ohio,2020-09-13,137353.0,140155.0,135430.0,138250.01518537436,137405
592,Ohio,2020-09-20,145108.0,151109.0,142277.0,146979.67746594816,144309
593,Ohio,2020-09-15,139553.0,143254.0,137416.0,140683.0365647766,139485
594,Ohio,2020-09-14,138452.0,141656.0,136195.0,139461.12645060496,138484
595,Ohio,2020-09-04,127570.0,127850.0,127048.0,127773.6879861955,128444
596,Ohio,2020-09-09,132997.0,134297.0,131542.0,133489.00898413945,132965
597,Ohio,2020-09-06,129762.0,130422.0,128912.0,130038.07694840524,130558
598,Louisiana,2020-09-24,179751.0,169400.0,178131.0,168868.75678333966,164446
599,Louisiana,2020-09-26,182979.0,171289.0,180151.0,170643.70415733758,165152
600,Louisiana,2020-09-25,181351.0,170233.0,179138.0,169753.83449282803,165152
601,Louisiana,2020-09-19,172169.0,164805.0,171481.0,164514.3172464574,161322
602,Louisiana,2020-09-05,154547.0,153083.0,155373.0,152928.10595814275,152359
603,Louisiana,2020-09-17,169324.0,163102.0,169558.0,162805.1612672735,160343
604,Louisiana,2020-09-12,162696.0,159027.0,163228.0,158612.01894561743,157109
605,Louisiana,2020-09-23,178179.0,168357.0,177130.0,167988.44429337923,163869
606,Louisiana,2020-09-11,161450.0,158084.0,162311.0,157786.85943120753,157109
607,Louisiana,2020-09-22,176635.0,167563.0,175556.0,167112.87044309764,163253
608,Louisiana,2020-09-08,157835.0,155643.0,158023.0,155337.87134492715,154319
609,Louisiana,2020-09-10,160231.0,157380.0,160869.0,156966.13139665395,156354
610,Louisiana,2020-09-16,167944.0,162416.0,168052.0,161957.46967460035,159865
611,Louisiana,2020-09-02,151436.0,150581.0,151268.0,150556.91321711472,150724
612,Louisiana,2020-09-01,150435.0,149957.0,150418.0,149774.9766008158,149583
613,Louisiana,2020-09-18,170733.0,164105.0,170517.0,163657.43523594333,161322
614,Louisiana,2020-09-07,156700.0,154811.0,157135.0,154530.29047281964,154063
615,Louisiana,2020-09-03,152438.0,151560.0,152624.0,151343.06461072975,151537
616,Louisiana,2020-09-21,175119.0,166531.0,173996.0,166242.00880733336,162501
617,Louisiana,2020-09-13,163968.0,159712.0,164151.0,159441.6347248247,158390
618,Louisiana,2020-09-20,173630.0,165823.0,172451.0,165375.8331146631,162258
619,Louisiana,2020-09-15,166592.0,161427.0,166559.0,161114.3349411572,159253
620,Louisiana,2020-09-14,165267.0,160698.0,165079.0,160275.7316983448,158882
621,Louisiana,2020-09-04,153475.0,152171.0,153992.0,152133.45430451306,152359
622,Louisiana,2020-09-09,159039.0,156428.0,159440.0,156149.8102007063,155890
623,Louisiana,2020-09-06,155606.0,153887.0,156251.0,153727.04336896125,153754
624,Oregon,2020-09-24,32641.0,33422.0,34663.0,33261.9761902885,31865
625,Oregon,2020-09-26,33150.0,34049.0,35311.0,33869.59012086443,32581
626,Oregon,2020-09-25,32898.0,33734.0,34985.0,33564.905428413644,32314
627,Oregon,2020-09-19,31377.0,31904.0,32831.0,31792.66572836677,30599
628,Oregon,2020-09-05,27936.0,28003.0,28382.0,28015.16966716142,27856
629,Oregon,2020-09-17,30894.0,31317.0,32229.0,31221.314354170314,30060
630,Oregon,2020-09-12,29704.0,29895.0,30525.0,29843.438033447947,29156
631,Oregon,2020-09-23,32382.0,33112.0,34343.0,32961.836756914374,31503
632,Oregon,2020-09-11,29458.0,29618.0,30244.0,29574.707911267495,28865
633,Oregon,2020-09-22,32124.0,32806.0,33936.0,32664.460862052594,31313
634,Oregon,2020-09-08,28695.0,28802.0,29181.0,28784.966574931106,28356
635,Oregon,2020-09-10,29209.0,29344.0,29886.0,29308.446457615068,28654
636,Oregon,2020-09-16,30657.0,31027.0,31847.0,30939.57903996417,29850
637,Oregon,2020-09-02,27234.0,27228.0,27384.0,27264.25703785331,27075
638,Oregon,2020-09-01,27010.0,26973.0,27132.0,27018.376056554014,26946
639,Oregon,2020-09-18,31134.0,31609.0,32528.0,31505.668287747252,30342
640,Oregon,2020-09-07,28439.0,28531.0,28912.0,28526.81007013538,28190
641,Oregon,2020-09-03,27461.0,27484.0,27713.0,27512.413567508487,27336
642,Oregon,2020-09-21,31870.0,32503.0,33534.0,32371.18737905026,30995
643,Oregon,2020-09-13,29944.0,30174.0,30809.0,30114.660225209245,29337
644,Oregon,2020-09-20,31622.0,32202.0,33137.0,32080.597351848064,30801
645,Oregon,2020-09-15,30420.0,30741.0,31469.0,30662.077638106497,29662
646,Oregon,2020-09-14,30183.0,30456.0,31096.0,30387.11258306371,29337
647,Oregon,2020-09-04,27695.0,27738.0,28045.0,27762.867094611687,27601
648,Oregon,2020-09-09,28954.0,29073.0,29531.0,29045.50456488669,28471
649,Oregon,2020-09-06,28184.0,28270.0,28646.0,28269.80994885167,28044
650,Arkansas,2020-09-24,75489.0,79188.0,79442.0,78264.9853816281,79049
651,Arkansas,2020-09-26,76620.0,80747.0,80927.0,79848.70685497407,80755
652,Arkansas,2020-09-25,76055.0,80078.0,80181.0,79053.01730623537,79946
653,Arkansas,2020-09-19,72647.0,75493.0,75243.0,74442.71013957415,75160
654,Arkansas,2020-09-05,64465.0,64317.0,65046.0,64697.4677226472,64690
655,Arkansas,2020-09-17,71504.0,73986.0,73863.0,72970.87963547422,73211
656,Arkansas,2020-09-12,68611.0,69958.0,69959.0,69407.99845965393,69710
657,Arkansas,2020-09-23,74922.0,78438.0,78709.0,77485.10702748224,77963
658,Arkansas,2020-09-11,68027.0,69089.0,69314.0,68717.20749067544,67911
659,Arkansas,2020-09-22,74355.0,77733.0,77776.0,76713.29461775921,76981
660,Arkansas,2020-09-08,66274.0,66667.0,66878.0,66682.16578702685,66021
661,Arkansas,2020-09-10,67442.0,68178.0,68493.0,68033.5292340051,66804
662,Arkansas,2020-09-16,70931.0,73217.0,72987.0,72246.29413807641,72219
663,Arkansas,2020-09-02,62630.0,62645.0,62760.0,62757.51537172202,62112
664,Arkansas,2020-09-01,62040.0,61997.0,62182.0,62122.38544774559,61497
665,Arkansas,2020-09-18,72077.0,74792.0,74550.0,73702.99130914312,74082
666,Arkansas,2020-09-07,65683.0,65954.0,66262.0,66016.93817998012,65727
667,Arkansas,2020-09-03,63231.0,63175.0,63513.0,63399.35888754531,63081
668,Arkansas,2020-09-21,73787.0,77007.0,76854.0,75948.5609422358,76364
669,Arkansas,2020-09-13,69194.0,70655.0,70610.0,70105.9787581257,70219
670,Arkansas,2020-09-20,73218.0,76363.0,75943.0,75191.72765335478,75723
671,Arkansas,2020-09-15,70354.0,72449.0,72122.0,71525.42004597181,71497
672,Arkansas,2020-09-14,69776.0,71494.0,71267.0,70812.00832943822,70627
673,Arkansas,2020-09-04,63847.0,63728.0,64275.0,64047.98943759869,64175
674,Arkansas,2020-09-09,66856.0,67277.0,67681.0,67354.33776742948,66406
675,Arkansas,2020-09-06,65079.0,65087.0,65651.0,65353.759290590766,65377
676,South Carolina,2020-09-24,141960.0,141834.0,155249.0,143338.84403352937,142707
677,South Carolina,2020-09-26,143842.0,144227.0,158573.0,145620.03967108802,145273
678,South Carolina,2020-09-25,142902.0,142956.0,156694.0,144474.81097415264,143902
679,South Carolina,2020-09-19,137244.0,136635.0,147045.0,137803.32603085897,137240
680,South Carolina,2020-09-05,123877.0,124212.0,127116.0,123428.84304656986,124289
681,South Carolina,2020-09-17,135353.0,135055.0,144346.0,135647.921967905,135446
682,South Carolina,2020-09-12,130602.0,131058.0,136718.0,130417.37525624229,129978
683,South Carolina,2020-09-23,141018.0,140612.0,153818.0,142212.0621224169,141686
684,South Carolina,2020-09-11,129653.0,130035.0,135457.0,129394.89856333954,129046
685,South Carolina,2020-09-22,140075.0,139460.0,152400.0,141097.15288123648,140789
686,South Carolina,2020-09-08,126809.0,127276.0,131046.0,126383.96691789683,125908
687,South Carolina,2020-09-10,128706.0,129131.0,134209.0,128383.14399387728,126592
688,South Carolina,2020-09-16,134405.0,134273.0,143016.0,134585.87192276196,134122
689,South Carolina,2020-09-02,121047.0,121174.0,122976.0,120537.03105021073,120503
690,South Carolina,2020-09-01,120136.0,120052.0,121518.0,119577.33334702968,119846
691,South Carolina,2020-09-18,136299.0,135841.0,145689.0,136721.25449585283,136318
692,South Carolina,2020-09-07,125839.0,126165.0,129492.0,125390.92394332895,125607
693,South Carolina,2020-09-03,121975.0,122151.0,124451.0,121493.14077834375,121696
694,South Carolina,2020-09-21,139132.0,138550.0,150594.0,139991.22670764706,138124
695,South Carolina,2020-09-13,131553.0,131819.0,137990.0,131448.1670182297,131864
696,South Carolina,2020-09-20,138188.0,137604.0,148809.0,138894.20949808683,137708
697,South Carolina,2020-09-15,133455.0,133358.0,141320.0,133532.36913374288,133470
698,South Carolina,2020-09-14,132504.0,132580.0,139645.0,132487.34316438486,132680
699,South Carolina,2020-09-04,122925.0,123135.0,125944.0,122457.05631404667,123325
700,South Carolina,2020-09-09,127761.0,128214.0,132618.0,127379.52243004252,126213
701,South Carolina,2020-09-06,124848.0,125178.0,128299.0,124405.9047917155,124952
702,Nebraska,2020-09-24,44837.0,42712.0,44700.0,42014.7146115543,42731
703,Nebraska,2020-09-26,46010.0,43529.0,45657.0,42747.45793171717,43596
704,Nebraska,2020-09-25,45416.0,43118.0,45115.0,42379.43758986397,43162
705,Nebraska,2020-09-19,42155.0,40731.0,42337.0,40248.82305256479,40797
706,Nebraska,2020-09-05,36123.0,35777.0,36600.0,35691.75761352647,35805
707,Nebraska,2020-09-17,41171.0,39961.0,41560.0,39560.55502961272,39921
708,Nebraska,2020-09-12,38902.0,38144.0,39364.0,37901.63720411362,38120
709,Nebraska,2020-09-23,44273.0,42302.0,44288.0,41653.25837935184,42278
710,Nebraska,2020-09-11,38478.0,37798.0,39001.0,37576.89881690314,37851
711,Nebraska,2020-09-22,43723.0,41902.0,43879.0,41298.24849865955,41785
712,Nebraska,2020-09-08,37265.0,36755.0,37731.0,36626.9646773736,36469
713,Nebraska,2020-09-10,38064.0,37445.0,38642.0,37257.442419863924,37373
714,Nebraska,2020-09-16,40697.0,39585.0,41177.0,39224.04518449367,39419
715,Nebraska,2020-09-02,35026.0,34880.0,35408.0,34783.2852028273,34995
716,Nebraska,2020-09-01,34688.0,34601.0,34988.0,34481.75389228931,34574
717,Nebraska,2020-09-18,41657.0,40343.0,41947.0,39903.14385922658,40387
718,Nebraska,2020-09-07,36879.0,36433.0,37284.0,36312.42135439274,35975
719,Nebraska,2020-09-03,35381.0,35149.0,35832.0,35083.404862485164,35469
720,Nebraska,2020-09-21,43187.0,41503.0,43359.0,40946.379119090954,41388
721,Nebraska,2020-09-13,39336.0,38487.0,39730.0,38229.29940064258,38188
722,Nebraska,2020-09-20,42665.0,41119.0,42845.0,40597.62151814194,41083
723,Nebraska,2020-09-15,40234.0,39214.0,40689.0,38890.50678465807,38970
724,Nebraska,2020-09-14,39780.0,38849.0,40207.0,38559.91270463476,38642
725,Nebraska,2020-09-04,35749.0,35446.0,36262.0,35386.220636276215,35661
726,Nebraska,2020-09-09,37659.0,37109.0,38184.0,36940.806286705985,36917
727,Nebraska,2020-09-06,36499.0,36123.0,36940.0,36000.694388034164,35886
728,Arizona,2020-09-24,223499.0,219095.0,212177.0,216165.75644700677,215852
729,Arizona,2020-09-26,225635.0,220593.0,213014.0,217368.47508461587,216826
730,Arizona,2020-09-25,224555.0,219843.0,212595.0,216766.2206247139,216367
731,Arizona,2020-09-19,218404.0,215395.0,210100.0,213190.0895149842,213551
732,Arizona,2020-09-05,205881.0,205352.0,204391.0,205089.57150542308,205517
733,Arizona,2020-09-17,216452.0,213932.0,209275.0,212012.15527248845,211660
734,Arizona,2020-09-12,211792.0,210317.0,207226.0,209097.75801297912,208128
735,Arizona,2020-09-23,222458.0,218350.0,211760.0,215567.07680942785,215284
736,Arizona,2020-09-11,210901.0,209602.0,206818.0,208520.05215543832,207523
737,Arizona,2020-09-22,221425.0,217608.0,211344.0,214970.17598983875,214846
738,Arizona,2020-09-08,208324.0,207452.0,205601.0,206797.18280169385,206045
739,Arizona,2020-09-10,210026.0,208888.0,206412.0,207944.05797773358,207002
740,Arizona,2020-09-16,215496.0,213204.0,208863.0,211425.80830253952,209907
741,Arizona,2020-09-02,203665.0,203260.0,203188.0,203397.0726119475,202861
742,Arizona,2020-09-01,202994.0,202543.0,202788.0,202836.2396678189,202342
743,Arizona,2020-09-18,217423.0,214662.0,209687.0,212600.24714192757,212942
744,Arizona,2020-09-07,207491.0,206758.0,205197.0,206226.29092049183,205964
745,Arizona,2020-09-03,204378.0,203950.0,203588.0,203959.56868288733,203953
746,Arizona,2020-09-21,220407.0,216867.0,210929.0,214375.04828595475,214251
747,Arizona,2020-09-13,212697.0,211036.0,207634.0,209677.1810390979,208512
748,Arizona,2020-09-20,219397.0,216130.0,210514.0,213781.6880152701,214021
749,Arizona,2020-09-15,214550.0,212479.0,208453.0,210841.20064736495,209209
750,Arizona,2020-09-14,213617.0,211756.0,208043.0,210258.3267415879,208725
751,Arizona,2020-09-04,205123.0,204643.0,203989.0,204523.73320108882,204681
752,Arizona,2020-09-09,209167.0,208172.0,206006.0,207369.77001010304,206541
753,Arizona,2020-09-06,206677.0,206051.0,204794.0,205657.0889532509,205767
754,Maryland,2020-09-24,122622.0,123163.0,128918.0,122227.65736064811,121800
755,Maryland,2020-09-26,123896.0,124500.0,130380.0,123490.44571337632,122972
756,Maryland,2020-09-25,123257.0,123830.0,129647.0,122857.39009719041,122359
757,Maryland,2020-09-19,119495.0,119907.0,124105.0,119128.21676937811,119744
758,Maryland,2020-09-05,111166.0,111273.0,112079.0,110870.96116785122,111607
759,Maryland,2020-09-17,118267.0,118628.0,122311.0,117911.08463369349,118519
760,Maryland,2020-09-12,115255.0,115568.0,118133.0,114923.66109475186,115533
761,Maryland,2020-09-23,121989.0,122497.0,127773.0,121601.22968952442,121297
762,Maryland,2020-09-11,114662.0,114950.0,117083.0,114335.53958638609,114724
763,Maryland,2020-09-22,121361.0,121837.0,126638.0,120978.08936690835,120912
764,Maryland,2020-09-08,112906.0,113136.0,114365.0,112589.60200558302,113239
765,Maryland,2020-09-10,114073.0,114332.0,116043.0,113750.50022035056,114078
766,Maryland,2020-09-16,117658.0,118015.0,121225.0,117307.30172885656,117888
767,Maryland,2020-09-02,109473.0,109493.0,109477.0,109179.18120319884,109319
768,Maryland,2020-09-01,108914.0,108878.0,108862.0,108621.14931936901,108863
769,Maryland,2020-09-18,118879.0,119263.0,123408.0,118518.05059911004,119062
770,Maryland,2020-09-07,112325.0,112501.0,113723.0,112013.71042655139,112883
771,Maryland,2020-09-03,110032.0,110124.0,110096.0,109740.14992904924,110012
772,Maryland,2020-09-21,120735.0,121186.0,125513.0,120358.21877266256,120568
773,Maryland,2020-09-13,115851.0,116165.0,118801.0,115514.88133589373,116110
774,Maryland,2020-09-20,120113.0,120528.0,124807.0,119741.6003828857,120156
775,Maryland,2020-09-15,117053.0,117396.0,120148.0,116706.68483392094,117245
776,Maryland,2020-09-14,116450.0,116786.0,119472.0,116109.21699128232,116646
777,Maryland,2020-09-04,110594.0,110718.0,111083.0,110304.07129053515,110831
778,Maryland,2020-09-09,113487.0,113758.0,115012.0,113168.52649671913,113575
779,Maryland,2020-09-06,111745.0,111880.0,113083.0,111440.83552825479,112119
780,Alabama,2020-09-24,154800.0,160586.0,150654.0,158919.27416450533,149263
781,Alabama,2020-09-26,157085.0,163816.0,152362.0,162108.5300897479,150965
782,Alabama,2020-09-25,155944.0,162192.0,151506.0,160505.49423174054,150239
783,Alabama,2020-09-19,149039.0,152789.0,145030.0,151231.12496538428,143578
784,Alabama,2020-09-05,132430.0,132935.0,130975.0,131657.90492932525,130914
785,Alabama,2020-09-17,146714.0,149775.0,142933.0,148267.9503939351,141454
786,Alabama,2020-09-12,140828.0,142498.0,138050.0,141117.36947778825,137166
787,Alabama,2020-09-23,153654.0,158995.0,149315.0,157347.4428468747,146897
788,Alabama,2020-09-11,139634.0,141084.0,136824.0,139726.72794838366,136107
789,Alabama,2020-09-22,152505.0,157420.0,147989.0,155792.08709693843,145859
790,Alabama,2020-09-08,136052.0,136944.0,133648.0,135638.32568643749,133005
791,Alabama,2020-09-10,138436.0,139684.0,135608.0,138350.59205682215,135138
792,Alabama,2020-09-16,145547.0,148291.0,141663.0,146807.54253896652,140423
793,Alabama,2020-09-02,128620.0,129065.0,127935.0,127756.99086817248,128240
794,Alabama,2020-09-01,127376.0,127831.0,127216.0,126471.49211818964,127234
795,Alabama,2020-09-18,147878.0,151274.0,144214.0,149743.78383769188,142768
796,Alabama,2020-09-07,134865.0,135603.0,132896.0,134301.92620331774,132221
797,Alabama,2020-09-03,129890.0,130299.0,128658.0,129056.31791947765,129225
798,Alabama,2020-09-21,151353.0,155861.0,146674.0,154253.0243509582,145202
799,Alabama,2020-09-13,142018.0,143920.0,138830.0,142517.57008952257,137861
800,Alabama,2020-09-20,150198.0,154317.0,145850.0,152734.14676936876,144325
801,Alabama,2020-09-15,144376.0,146821.0,140405.0,145362.3896982948,139660
802,Alabama,2020-09-14,143201.0,145365.0,139615.0,143932.52195458207,138619
803,Alabama,2020-09-04,131185.0,131595.0,129812.0,130350.24594244667,130373
804,Alabama,2020-09-09,137235.0,138301.0,134403.0,136988.80198908394,134061
805,Alabama,2020-09-06,133648.0,134242.0,132149.0,132979.44869031242,131690
806,Florida,2020-09-24,716466.0,688980.0,745584.0,696824.1110365458,693040
807,Florida,2020-09-26,725090.0,694600.0,754038.0,703530.9374706832,698682
808,Florida,2020-09-25,720760.0,691784.0,749799.0,700169.1449103594,695887
809,Florida,2020-09-19,695559.0,675124.0,717749.0,680347.3195769526,681233
810,Florida,2020-09-05,642180.0,637455.0,650327.0,636340.597552142,643867
811,Florida,2020-09-17,687464.0,669662.0,709702.0,673870.9303324498,674456
812,Florida,2020-09-12,667893.0,656265.0,683207.0,657959.942709357,661571
813,Florida,2020-09-23,712210.0,686185.0,741392.0,693495.7496132797,690499
814,Florida,2020-09-11,664098.0,653583.0,679366.0,654825.087449537,658381
815,Florida,2020-09-22,707991.0,683401.0,734806.0,690183.9748595089,687909
816,Florida,2020-09-08,652960.0,645730.0,661420.0,645513.7531596937,650092
817,Florida,2020-09-10,660340.0,650913.0,673330.0,651705.8240912289,654731
818,Florida,2020-09-16,683473.0,666928.0,703397.0,670656.8993615637,671201
819,Florida,2020-09-02,631768.0,629818.0,633148.0,627303.5034526221,633442
820,Florida,2020-09-01,628410.0,626955.0,629588.0,624321.0135128434,631040
821,Florida,2020-09-18,691492.0,672389.0,713714.0,677101.0427033912,677660
822,Florida,2020-09-07,649349.0,643092.0,657701.0,642440.7866789993,648269
823,Florida,2020-09-03,635170.0,632363.0,638823.0,630300.8795223035,637013
824,Florida,2020-09-21,703810.0,680630.0,728278.0,686888.7014466419,685439
825,Florida,2020-09-13,671730.0,658930.0,687070.0,661110.4703800981,663994
826,Florida,2020-09-20,699666.0,677869.0,721807.0,683609.8444961117,683754
827,Florida,2020-09-15,679521.0,664263.0,697148.0,667458.8671262108,668846
828,Florida,2020-09-14,675606.0,661607.0,690954.0,664276.7513975541,665730
829,Florida,2020-09-04,638646.0,634881.0,644549.0,633313.2184955314,640211
830,Florida,2020-09-09,656614.0,648304.0,667349.0,648602.0725491162,652259
831,Florida,2020-09-06,645749.0,640088.0,654004.0,639383.0942803589,646431
832,Pennsylvania,2020-09-24,156435.0,157787.0,165296.0,156774.94621476185,158181
833,Pennsylvania,2020-09-26,158021.0,159487.0,167171.0,158370.8198830056,159933
834,Pennsylvania,2020-09-25,157226.0,158635.0,166231.0,157570.8013486568,159014
835,Pennsylvania,2020-09-19,152545.0,153618.0,159126.0,152857.35041220536,154236
836,Pennsylvania,2020-09-05,142239.0,142517.0,143705.0,142415.98722761057,143280
837,Pennsylvania,2020-09-17,151021.0,151981.0,156825.0,151318.6897438181,152775
838,Pennsylvania,2020-09-12,147285.0,147967.0,151467.0,147541.48524718496,148635
839,Pennsylvania,2020-09-23,155648.0,156944.0,163828.0,155983.23232917214,157336
840,Pennsylvania,2020-09-11,146552.0,147176.0,150122.0,146797.781491776,147703
841,Pennsylvania,2020-09-22,154866.0,156106.0,162373.0,155195.63765971444,156477
842,Pennsylvania,2020-09-08,144387.0,144843.0,146637.0,144589.77192198258,145156
843,Pennsylvania,2020-09-10,145824.0,146384.0,148788.0,146057.94168805814,146696
844,Pennsylvania,2020-09-16,150265.0,151177.0,155432.0,150555.3543314898,151850
845,Pennsylvania,2020-09-02,140155.0,140298.0,140369.0,140275.88494715138,140532
846,Pennsylvania,2020-09-01,139481.0,139559.0,139580.0,139569.91000585296,139548
847,Pennsylvania,2020-09-18,151781.0,152797.0,158231.0,152086.01466204197,153522
848,Pennsylvania,2020-09-07,143673.0,144053.0,145813.0,143861.4012298298,144540
849,Pennsylvania,2020-09-03,140840.0,141011.0,141163.0,140985.5430070412,141570
850,Pennsylvania,2020-09-21,154088.0,155272.0,160930.0,154412.14029353124,155693
851,Pennsylvania,2020-09-13,148023.0,148758.0,152324.0,148289.07359716258,149184
852,Pennsylvania,2020-09-20,153314.0,154443.0,160025.0,153632.71843642482,154867
853,Pennsylvania,2020-09-15,149514.0,150362.0,154051.0,149795.98721444825,151044
854,Pennsylvania,2020-09-14,148766.0,149556.0,153185.0,149040.56729688525,150000
855,Pennsylvania,2020-09-04,141535.0,141753.0,142428.0,141698.90384505893,142495
856,Pennsylvania,2020-09-09,145101.0,145605.0,147466.0,145321.94530483603,146029
857,Pennsylvania,2020-09-06,142953.0,143276.0,144993.0,143136.81302856145,143824
858,New Hampshire,2020-09-24,10590.0,7984.0,8743.0,7846.979715477325,8044
859,New Hampshire,2020-09-26,11101.0,8048.0,8871.0,7896.036745869074,8121
860,New Hampshire,2020-09-25,10841.0,8020.0,8792.0,7871.466604859394,8085
861,New Hampshire,2020-09-19,9357.0,7833.0,8416.0,7725.783280435929,7920
862,New Hampshire,2020-09-05,7594.0,7403.0,7626.0,7397.143372812468,7424
863,New Hampshire,2020-09-17,8969.0,7774.0,8322.0,7677.876757449131,7781
864,New Hampshire,2020-09-12,8291.0,7617.0,8011.0,7559.519527335376,7652
865,New Hampshire,2020-09-23,10343.0,7957.0,8694.0,7822.575768972576,8007
866,New Hampshire,2020-09-11,8159.0,7586.0,7966.0,7536.0872632068,7620
867,New Hampshire,2020-09-22,10075.0,7923.0,8645.0,7798.254457847153,7990
868,New Hampshire,2020-09-08,7813.0,7488.0,7781.0,7466.263551768457,7494
869,New Hampshire,2020-09-10,8030.0,7553.0,7922.0,7512.734040180188,7573
870,New Hampshire,2020-09-16,8804.0,7746.0,8275.0,7654.044870579511,7781
871,New Hampshire,2020-09-02,7434.0,7323.0,7449.0,7328.71897634811,7309
872,New Hampshire,2020-09-01,7383.0,7299.0,7383.0,7306.064136482533,7297
873,New Hampshire,2020-09-18,9156.0,7807.0,8369.0,7701.789460701589,7861
874,New Hampshire,2020-09-07,7731.0,7458.0,7712.0,7443.145706489559,7476
875,New Hampshire,2020-09-03,7485.0,7352.0,7516.0,7351.450273878537,7347
876,New Hampshire,2020-09-21,9818.0,7893.0,8568.0,7774.01547584986,7952
877,New Hampshire,2020-09-13,8424.0,7649.0,8057.0,7583.031125458981,7696
878,New Hampshire,2020-09-20,9577.0,7864.0,8492.0,7749.8585179708025,7947
879,New Hampshire,2020-09-15,8664.0,7713.0,8202.0,7630.293501207933,7750
880,New Hampshire,2020-09-14,8545.0,7681.0,8129.0,7606.622351658516,7714
881,New Hampshire,2020-09-04,7537.0,7377.0,7583.0,7374.258311507995,7368
882,New Hampshire,2020-09-09,7911.0,7521.0,7851.0,7489.459566545081,7494
883,New Hampshire,2020-09-06,7660.0,7432.0,7669.0,7420.105742514764,7447
884,Vermont,2020-09-24,1864.0,1828.0,1935.0,1836.7084949461664,1724
885,Vermont,2020-09-26,1886.0,1835.0,1957.0,1856.3077948179275,1739
886,Vermont,2020-09-25,1875.0,1832.0,1946.0,1846.4809891094492,1731
887,Vermont,2020-09-19,1808.0,1790.0,1862.0,1788.6498442878788,1710
888,Vermont,2020-09-05,1670.0,1687.0,1682.0,1660.9463091460857,1647
889,Vermont,2020-09-17,1787.0,1765.0,1835.0,1769.7957889544637,1705
890,Vermont,2020-09-12,1737.0,1729.0,1773.0,1723.5631568117938,1677
891,Vermont,2020-09-23,1853.0,1823.0,1917.0,1826.9900003916637,1722
892,Vermont,2020-09-11,1728.0,1723.0,1757.0,1714.4689911571293,1668
893,Vermont,2020-09-22,1841.0,1819.0,1900.0,1817.3251953665108,1721
894,Vermont,2020-09-08,1699.0,1699.0,1716.0,1687.4860040532426,1654
895,Vermont,2020-09-10,1718.0,1716.0,1741.0,1705.4249348310575,1661
896,Vermont,2020-09-16,1777.0,1760.0,1819.0,1760.4467119961516,1702
897,Vermont,2020-09-02,1642.0,1652.0,1643.0,1634.8423406748236,1637
898,Vermont,2020-09-01,1633.0,1635.0,1634.0,1626.2365576027016,1635
899,Vermont,2020-09-18,1798.0,1769.0,1852.0,1779.196733326626,1706
900,Vermont,2020-09-07,1689.0,1696.0,1707.0,1678.5905607934963,1651
901,Vermont,2020-09-03,1651.0,1665.0,1652.0,1643.4957109396805,1637
902,Vermont,2020-09-21,1830.0,1805.0,1883.0,1807.713771636822,1719
903,Vermont,2020-09-13,1747.0,1735.0,1783.0,1732.7077204625355,1684
904,Vermont,2020-09-20,1819.0,1800.0,1873.0,1798.1554228028872,1715
905,Vermont,2020-09-15,1767.0,1747.0,1803.0,1751.1492050548618,1702
906,Vermont,2020-09-14,1757.0,1742.0,1793.0,1741.9029725012406,1696
907,Vermont,2020-09-04,1660.0,1674.0,1667.0,1652.196942014041,1642
908,Vermont,2020-09-09,1708.0,1703.0,1726.0,1696.4307008798974,1656
909,Vermont,2020-09-06,1679.0,1692.0,1697.0,1669.744089225477,1648
910,South Dakota,2020-09-24,21606.0,28697.0,28934.0,22646.108786019482,20097
911,South Dakota,2020-09-26,22346.0,30587.0,30650.0,23679.719983739462,21133
912,South Dakota,2020-09-25,21971.0,29349.0,29780.0,23156.451014419792,20554
913,South Dakota,2020-09-19,19871.0,24299.0,25053.0,20275.215127901072,18444
914,South Dakota,2020-09-05,15187.0,14942.0,16738.0,14864.677466517365,14889
915,South Dakota,2020-09-17,19206.0,22512.0,23650.0,19397.657700817468,17686
916,South Dakota,2020-09-12,17535.0,19563.0,20478.0,17372.989090450887,16437
917,South Dakota,2020-09-23,21248.0,27813.0,28113.0,22151.23219952307,19634
918,South Dakota,2020-09-11,17202.0,18942.0,19896.0,16992.312618931395,16117
919,South Dakota,2020-09-22,20894.0,26649.0,27314.0,21668.398512249547,19189
920,South Dakota,2020-09-08,16213.0,16811.0,18249.0,15897.633376813008,15403
921,South Dakota,2020-09-10,16871.0,18366.0,19331.0,16620.720485110538,15834
922,South Dakota,2020-09-16,18873.0,22139.0,22979.0,18974.790876213825,17291
923,South Dakota,2020-09-02,14205.0,14078.0,15035.0,13886.427579431192,14003
924,South Dakota,2020-09-01,13903.0,13777.0,14457.0,13568.180273392045,13749
925,South Dakota,2020-09-18,19539.0,23331.0,24342.0,19830.97298708742,18075
926,South Dakota,2020-09-07,15878.0,16171.0,17731.0,15545.913931673516,15300
927,South Dakota,2020-09-03,14519.0,14374.0,15637.0,14212.61318496483,14337
928,South Dakota,2020-09-21,20546.0,25863.0,26539.0,21197.28351472886,18869
929,South Dakota,2020-09-13,17869.0,20082.0,21076.0,17759.787947105757,16638
930,South Dakota,2020-09-20,20205.0,25354.0,25785.0,20730.549541652046,18696
931,South Dakota,2020-09-15,18539.0,21214.0,22326.0,18562.09500991817,16994
932,South Dakota,2020-09-14,18204.0,20538.0,21692.0,18156.071039001625,16801
933,South Dakota,2020-09-04,14846.0,14597.0,16263.0,14534.75105933776,14596
934,South Dakota,2020-09-09,16544.0,17492.0,18783.0,16257.975783373675,15571
935,South Dakota,2020-09-06,15541.0,15625.0,17228.0,15202.593658630887,15109
936,Oklahoma,2020-09-24,88851.0,82230.0,74643.0,76704.98408356826,81244
937,Oklahoma,2020-09-26,92358.0,84740.0,75998.0,78507.06252623774,83510
938,Oklahoma,2020-09-25,90581.0,83474.0,75318.0,77600.54567411383,82520
939,Oklahoma,2020-09-19,80862.0,76924.0,71360.0,72420.22960106321,75804
940,Oklahoma,2020-09-05,63566.0,62963.0,62917.0,61631.353767638466,63187
941,Oklahoma,2020-09-17,77958.0,74667.0,70088.0,70775.66916835913,73318
942,Oklahoma,2020-09-12,71362.0,69644.0,67006.0,66811.01671829278,68659
943,Oklahoma,2020-09-23,87166.0,81237.0,73975.0,75834.39640315376,80161
944,Oklahoma,2020-09-11,70153.0,68598.0,66406.0,66055.21786930315,67642
945,Oklahoma,2020-09-22,85525.0,80131.0,73312.0,74974.1490601371,79072
946,Oklahoma,2020-09-08,66733.0,65690.0,64638.0,63821.69623697535,65053
947,Oklahoma,2020-09-10,68979.0,67556.0,65811.0,65308.394530594574,66700
948,Oklahoma,2020-09-16,76565.0,73766.0,69460.0,69977.12486375452,72284
949,Oklahoma,2020-09-02,60713.0,60521.0,61241.0,59491.84847806983,60118
950,Oklahoma,2020-09-01,59839.0,59646.0,60693.0,58775.62480452172,59398
951,Oklahoma,2020-09-18,79391.0,75798.0,70721.0,71583.75055845479,74567
952,Oklahoma,2020-09-07,65643.0,64721.0,64059.0,63082.05848909326,64220
953,Oklahoma,2020-09-03,61622.0,61296.0,61795.0,60217.12095216162,61027
954,Oklahoma,2020-09-21,83929.0,78946.0,72656.0,74124.11373451614,77908
955,Oklahoma,2020-09-13,72608.0,70607.0,67611.0,67593.63763914598,69354
956,Oklahoma,2020-09-20,82374.0,77920.0,72005.0,73266.97338396028,76807
957,Oklahoma,2020-09-15,75209.0,72646.0,68838.0,69188.00009236413,71314
958,Oklahoma,2020-09-14,73890.0,71560.0,68222.0,68385.9235674723,70223
959,Oklahoma,2020-09-04,62577.0,62103.0,62353.0,60919.96161148056,62040
960,Oklahoma,2020-09-09,67838.0,66673.0,65222.0,64570.43475961455,65929
961,Oklahoma,2020-09-06,64588.0,63943.0,63485.0,62351.40570839327,63607
962,Illinois,2020-09-24,279601.0,292987.0,282520.0,286087.6292980342,283559
963,Illinois,2020-09-26,282978.0,298054.0,285724.0,290822.67283801944,288773
964,Illinois,2020-09-25,281291.0,295107.0,284117.0,288445.1484774857,286332
965,Illinois,2020-09-19,271086.0,280370.0,271973.0,274574.0040270443,275041
966,Illinois,2020-09-05,246263.0,247364.0,246425.0,244818.74341221937,250102
967,Illinois,2020-09-17,267642.0,275730.0,268923.0,270106.61568266596,270294
968,Illinois,2020-09-12,258902.0,263169.0,258884.0,259261.7584782313,261999
969,Illinois,2020-09-23,277907.0,290178.0,280932.0,283745.2072264711,281303
970,Illinois,2020-09-11,257131.0,261019.0,257428.0,257145.29889344497,259879
971,Illinois,2020-09-22,276209.0,287758.0,278436.0,281422.5561511082,279453
972,Illinois,2020-09-08,251762.0,253594.0,250628.0,250906.14238527062,254276
973,Illinois,2020-09-10,255352.0,258700.0,255141.0,255046.65848439647,257566
974,Illinois,2020-09-16,265910.0,272912.0,266534.0,267902.02453868615,268238
975,Illinois,2020-09-02,240689.0,241164.0,239915.0,238852.93518172117,240344
976,Illinois,2020-09-01,238836.0,239143.0,238566.0,236892.87099411766,238216
977,Illinois,2020-09-18,269367.0,278076.0,270444.0,272329.9163671789,272517
978,Illinois,2020-09-07,249951.0,251603.0,249219.0,248863.8721995043,252884
979,Illinois,2020-09-03,242540.0,243009.0,242066.0,240829.6696859502,241704
980,Illinois,2020-09-21,274506.0,285248.0,275962.0,279119.5049341539,277920
981,Illinois,2020-09-13,260666.0,265900.0,260348.0,261395.0232979045,263459
982,Illinois,2020-09-20,272799.0,282868.0,273511.0,276837.1449755459,276443
983,Illinois,2020-09-15,264170.0,270747.0,264166.0,265715.981480306,266295
984,Illinois,2020-09-14,262422.0,268489.0,261819.0,263546.37856921874,264831
985,Illinois,2020-09-04,244401.0,244926.0,244236.0,242815.77409708034,247298
986,Illinois,2020-09-09,253564.0,256230.0,252875.0,252965.68333722235,255613
987,Illinois,2020-09-06,248107.0,249552.0,247818.0,246838.7244570653,251515
988,Michigan,2020-09-24,134300.0,134215.0,134606.0,133536.3663441725,132337
989,Michigan,2020-09-26,136084.0,136224.0,136132.0,135399.25008628302,134373
990,Michigan,2020-09-25,135191.0,135424.0,135367.0,134465.15366949522,133377
991,Michigan,2020-09-19,129844.0,128507.0,129581.0,128991.1033340811,128087
992,Michigan,2020-09-05,117547.0,116288.0,117023.0,117097.78189751711,117191
993,Michigan,2020-09-17,128063.0,126552.0,127708.0,127218.72283502802,126722
994,Michigan,2020-09-12,123639.0,120527.0,123345.0,122900.2279164983,123058
995,Michigan,2020-09-23,133408.0,133133.0,133410.0,132614.2690099371,131259
996,Michigan,2020-09-11,122761.0,119990.0,122249.0,122053.13743267757,122251
997,Michigan,2020-09-22,132517.0,132351.0,132225.0,131698.81152020436,130357
998,Michigan,2020-09-08,120112.0,117307.0,119411.0,119550.4090694833,118902
999,Michigan,2020-09-10,121885.0,118962.0,121163.0,121212.14200942015,120846
1000,Michigan,2020-09-16,127174.0,125585.0,126573.0,126342.07705608147,125742
1001,Michigan,2020-09-02,115024.0,114510.0,114307.0,114691.69552074625,114468
1002,Michigan,2020-09-01,114193.0,113693.0,113665.0,113900.56231257872,113820
1003,Michigan,2020-09-18,128953.0,127650.0,128852.0,128101.71564332355,127500
1004,Michigan,2020-09-07,119250.0,117208.0,118740.0,118728.45793739472,118403
1005,Michigan,2020-09-03,115862.0,114510.0,114953.0,115488.5665355311,115242
1006,Michigan,2020-09-21,131625.0,131170.0,131050.0,130789.71431253637,129662
1007,Michigan,2020-09-13,124519.0,122169.0,124042.0,123753.45951930115,123058
1008,Michigan,2020-09-20,130735.0,129672.0,130314.0,129887.16125837853,128087
1009,Michigan,2020-09-15,126287.0,124117.0,125449.0,125472.99207509977,124976
1010,Michigan,2020-09-14,125402.0,123182.0,124743.0,124610.13502672598,124287
1011,Michigan,2020-09-04,116704.0,115333.0,115984.0,116291.21871622065,116295
1012,Michigan,2020-09-09,121013.0,118113.0,120086.0,120378.28894101012,119872
1013,Michigan,2020-09-06,118396.0,116401.0,118072.0,117910.18032362514,117191
1014,North Dakota,2020-09-24,18994.0,19441.0,14774.0,20333.81976878964,19451
1015,North Dakota,2020-09-26,19679.0,20254.0,14941.0,21246.754830297705,20380
1016,North Dakota,2020-09-25,19328.0,19810.0,14857.0,20787.253606327125,19885
1017,North Dakota,2020-09-19,17465.0,17690.0,14222.0,18226.00721799135,17607
1018,North Dakota,2020-09-05,13356.0,13179.0,12886.0,13388.453315501134,13334
1019,North Dakota,2020-09-17,16868.0,17021.0,14063.0,17445.579049553427,16723
1020,North Dakota,2020-09-12,15387.0,15319.0,13538.0,15639.31970840656,15151
1021,North Dakota,2020-09-23,18677.0,19220.0,14691.0,19890.96616043364,18981
1022,North Dakota,2020-09-11,15094.0,15087.0,13462.0,15299.07738111777,14684
1023,North Dakota,2020-09-22,18368.0,18895.0,14560.0,19458.430780343464,18508
1024,North Dakota,2020-09-08,14228.0,14178.0,13106.0,14318.509667653445,13872
1025,North Dakota,2020-09-10,14802.0,14783.0,13342.0,14966.647830066378,14443
1026,North Dakota,2020-09-16,16571.0,16719.0,13938.0,17068.791208534207,16333
1027,North Dakota,2020-09-02,12499.0,12315.0,12433.0,12507.283213615217,12267
1028,North Dakota,2020-09-01,12230.0,12045.0,12205.0,12225.773928158102,12000
1029,North Dakota,2020-09-18,17166.0,17458.0,14142.0,17831.24368468662,17230
1030,North Dakota,2020-09-07,13939.0,13833.0,13033.0,14005.512984816452,13801
1031,North Dakota,2020-09-03,12777.0,12667.0,12583.0,12795.507255999291,12629
1032,North Dakota,2020-09-21,18065.0,18474.0,14431.0,19038.021368810358,18244
1033,North Dakota,2020-09-13,15682.0,15703.0,13615.0,15987.569054398453,15577
1034,North Dakota,2020-09-20,17765.0,18142.0,14303.0,18627.292082828797,17958
1035,North Dakota,2020-09-15,16274.0,16384.0,13814.0,16700.019771608935,16064
1036,North Dakota,2020-09-14,15978.0,15944.0,13691.0,16339.680194309396,15831
1037,North Dakota,2020-09-04,13065.0,12885.0,12734.0,13090.612437239273,12973
1038,North Dakota,2020-09-09,14513.0,14462.0,13224.0,14638.828110394426,14110
1039,North Dakota,2020-09-06,13649.0,13516.0,12959.0,13693.361788684804,13631
1040,Connecticut,2020-09-24,57398.0,56828.0,55437.0,55978.38931587855,56472
1041,Connecticut,2020-09-26,57893.0,57028.0,55655.0,56255.39624589007,56587
1042,Connecticut,2020-09-25,57644.0,56978.0,55546.0,56116.68752718925,56587
1043,Connecticut,2020-09-19,56212.0,55680.0,54894.0,55292.99898647588,55527
1044,Connecticut,2020-09-05,53428.0,53742.0,53402.0,53426.60078537986,53365
1045,Connecticut,2020-09-17,55761.0,55513.0,54678.0,55021.65991483438,55386
1046,Connecticut,2020-09-12,54705.0,55273.0,54143.0,54350.24466693522,54326
1047,Connecticut,2020-09-23,57154.0,56683.0,55328.0,55840.49997728608,56315
1048,Connecticut,2020-09-11,54505.0,55040.0,54037.0,54217.13767002649,54326
1049,Connecticut,2020-09-22,56914.0,56051.0,55219.0,55703.01788620748,56160
1050,Connecticut,2020-09-08,53934.0,54278.0,53719.0,53820.141396923755,53782
1051,Connecticut,2020-09-10,54309.0,54934.0,53930.0,54084.41913038531,54093
1052,Connecticut,2020-09-16,55542.0,55513.0,54571.0,54886.58770049418,55166
1053,Connecticut,2020-09-02,52947.0,53103.0,53088.0,53036.4760075501,53108
1054,Connecticut,2020-09-01,52790.0,53103.0,52984.0,52907.186700906765,53006
1055,Connecticut,2020-09-18,55985.0,55513.0,54786.0,55157.129820185255,55527
1056,Connecticut,2020-09-07,53761.0,53884.0,53613.0,53688.57921127507,53365
1057,Connecticut,2020-09-03,53112.0,53133.0,53193.0,53166.14049418261,53209
1058,Connecticut,2020-09-21,56677.0,55933.0,55110.0,55565.94142683198,56024
1059,Connecticut,2020-09-13,54908.0,55273.0,54250.0,54483.74163828654,54326
1060,Connecticut,2020-09-20,56443.0,55862.0,55002.0,55429.26899266906,55527
1061,Connecticut,2020-09-15,55327.0,55326.0,54464.0,54751.91161619926,55031
1062,Connecticut,2020-09-14,55115.0,55273.0,54357.0,54617.63010987853,54895
1063,Connecticut,2020-09-04,53266.0,53732.0,53297.0,53296.18160328355,53365
1064,Connecticut,2020-09-09,54117.0,54421.0,53824.0,53952.08753939346,53871
1065,Connecticut,2020-09-06,53593.0,53884.0,53508.0,53557.39949910777,53365
1066,New York,2020-09-24,475611.0,454379.0,459372.0,456623.4057408512,455400
1067,New York,2020-09-26,479692.0,455842.0,461184.0,458347.9501760754,457573
1068,New York,2020-09-25,477639.0,455110.0,460277.0,457484.8115043678,456400
1069,New York,2020-09-19,465887.0,450742.0,454874.0,452342.2360242841,451655
1070,New York,2020-09-05,443298.0,440704.0,442514.0,440580.8822657112,441012
1071,New York,2020-09-17,462207.0,449295.0,453088.0,450641.76438483637,449922
1072,New York,2020-09-12,453609.0,445698.0,448652.0,446420.3106157851,446028
1073,New York,2020-09-23,473610.0,453650.0,458469.0,455763.72903220676,454299
1074,New York,2020-09-11,452003.0,444982.0,447770.0,445581.0855647283,445102
1075,New York,2020-09-22,471636.0,452921.0,457568.0,454905.777534971,453730
1076,New York,2020-09-08,447435.0,442840.0,445134.0,443073.47463666304,442817
1077,New York,2020-09-10,450438.0,444266.0,446889.0,444743.5403616047,444071
1078,New York,2020-09-16,460416.0,448573.0,452197.0,449794.0839914971,448897
1079,New York,2020-09-02,439655.0,438579.0,439909.0,438103.20908185927,438405
1080,New York,2020-09-01,438554.0,437866.0,439044.0,437280.61632921227,437757
1081,New York,2020-09-18,464030.0,450018.0,453980.0,451491.14713411615,450753
1082,New York,2020-09-07,446006.0,442128.0,444259.0,442240.9467072021,442315
1083,New York,2020-09-03,440812.0,439288.0,440776.0,438927.4485585196,439322
1084,New York,2020-09-21,469690.0,452193.0,456668.0,454049.54741550545,453142
1085,New York,2020-09-13,455255.0,446415.0,449535.0,447261.21924224234,446862
1086,New York,2020-09-20,467773.0,451467.0,455770.0,453195.03484996816,452507
1087,New York,2020-09-15,458659.0,447853.0,451308.0,448948.1021788017,448213
1088,New York,2020-09-14,456939.0,447133.0,450421.0,448103.81518107664,447524
1089,New York,2020-09-04,442026.0,439994.0,441644.0,439753.33840233623,440192
1090,New York,2020-09-09,448913.0,443553.0,446011.0,443907.6712884276,443409
1091,New York,2020-09-06,444628.0,441418.0,443386.0,441410.0838103326,441748
1092,Kentucky,2020-09-24,62445.0,66380.0,61703.0,65666.12484263034,64158
1093,Kentucky,2020-09-26,63458.0,67919.0,62823.0,67325.83996425166,66036
1094,Kentucky,2020-09-25,62954.0,67171.0,62260.0,66490.4941716866,65066
1095,Kentucky,2020-09-19,59829.0,61901.0,58989.0,61688.223112418564,61106
1096,Kentucky,2020-09-05,51795.0,51371.0,52009.0,51691.3111287541,52464
1097,Kentucky,2020-09-17,58748.0,60289.0,57937.0,60158.64222314656,59370
1098,Kentucky,2020-09-12,55948.0,56057.0,55389.0,56510.353673850135,56415
1099,Kentucky,2020-09-23,61931.0,65306.0,61150.0,64852.57962858536,63515
1100,Kentucky,2020-09-11,55370.0,55361.0,54893.0,55803.95563376901,55704
1101,Kentucky,2020-09-22,61413.0,64482.0,60603.0,64047.32103704116,62731
1102,Kentucky,2020-09-08,53618.0,53127.0,53432.0,53718.06936772579,53319
1103,Kentucky,2020-09-10,54788.0,54742.0,54402.0,55099.31289809121,54772
1104,Kentucky,2020-09-16,58200.0,59357.0,57419.0,59413.29461155852,58764
1105,Kentucky,2020-09-02,49896.0,49950.0,50624.0,49699.68450547852,49991
1106,Kentucky,2020-09-01,49280.0,49174.0,50171.0,49033.36025811933,49185
1107,Kentucky,2020-09-18,59291.0,61010.0,58461.0,60918.349338762106,60128
1108,Kentucky,2020-09-07,53022.0,52612.0,52953.0,53033.37053554517,53064
1109,Kentucky,2020-09-03,50540.0,50339.0,51082.0,50354.49693127715,50885
1110,Kentucky,2020-09-21,60890.0,63848.0,60060.0,63252.64595249168,61917
1111,Kentucky,2020-09-13,56520.0,56955.0,55890.0,57226.21498702611,56945
1112,Kentucky,2020-09-20,60362.0,62917.0,59522.0,62468.40748884807,61542
1113,Kentucky,2020-09-15,57646.0,58516.0,56904.0,58677.682954262455,58000
1114,Kentucky,2020-09-14,57086.0,57705.0,56395.0,57951.673480316786,57282
1115,Kentucky,2020-09-04,51170.0,50643.0,51543.0,51018.329084561934,51677
1116,Kentucky,2020-09-09,54201.0,53933.0,53915.0,54404.061509888146,53977
1117,Kentucky,2020-09-06,52414.0,52104.0,52479.0,52357.827374795575,52774
1118,New Mexico,2020-09-24,29142.0,28044.0,26579.0,28749.38170123864,28224
1119,New Mexico,2020-09-26,29499.0,28319.0,26683.0,29052.470213166245,28692
1120,New Mexico,2020-09-25,29321.0,28139.0,26631.0,28900.516243451835,28487
1121,New Mexico,2020-09-19,28278.0,27396.0,26318.0,28004.79536174379,27512
1122,New Mexico,2020-09-05,26116.0,25865.0,25603.0,26025.767799268324,26048
1123,New Mexico,2020-09-17,27964.0,27189.0,26215.0,27712.98182234498,27199
1124,New Mexico,2020-09-12,27202.0,26607.0,25958.0,26996.414045310696,26661
1125,New Mexico,2020-09-23,28960.0,27939.0,26526.0,28599.06202605751,27987
1126,New Mexico,2020-09-11,27051.0,26465.0,25907.0,26855.21625803394,26563
1127,New Mexico,2020-09-22,28782.0,27789.0,26474.0,28449.193113811853,27790
1128,New Mexico,2020-09-08,26587.0,26124.0,25755.0,26437.14268826302,26181
1129,New Mexico,2020-09-10,26897.0,26365.0,25856.0,26715.1062842898,26429
1130,New Mexico,2020-09-16,27812.0,27047.0,26163.0,27568.249597260823,27041
1131,New Mexico,2020-09-02,25682.0,25612.0,25452.0,25620.091838142307,25612
1132,New Mexico,2020-09-01,25549.0,25511.0,25402.0,25485.775942667147,25460
1133,New Mexico,2020-09-18,28120.0,27296.0,26267.0,27858.4946327582,27350
1134,New Mexico,2020-09-07,26429.0,26055.0,25704.0,26299.27800806042,26144
1135,New Mexico,2020-09-03,25822.0,25680.0,25503.0,25754.585362887028,25812
1136,New Mexico,2020-09-21,28609.0,27663.0,26422.0,28300.136768602017,27683
1137,New Mexico,2020-09-13,27354.0,26708.0,26009.0,27138.380022280904,26761
1138,New Mexico,2020-09-20,28441.0,27559.0,26370.0,28151.888413241504,27579
1139,New Mexico,2020-09-15,27657.0,26943.0,26112.0,27424.296609986715,26923
1140,New Mexico,2020-09-14,27505.0,26801.0,26061.0,27281.11853138227,26842
1141,New Mexico,2020-09-04,25965.0,25768.0,25553.0,25889.809309848617,25902
1142,New Mexico,2020-09-09,26743.0,26261.0,25805.0,26575.749821326306,26268
1143,New Mexico,2020-09-06,26272.0,25953.0,25654.0,26162.15441505938,26107
1144,Iowa,2020-09-24,96864.0,93942.0,78654.0,96787.2214892168,83991
1145,Iowa,2020-09-26,99687.0,97068.0,80070.0,99983.88743856872,85908
1146,Iowa,2020-09-25,98271.0,95502.0,79359.0,98371.03983275646,85031
1147,Iowa,2020-09-19,89958.0,87464.0,75967.0,89266.74136969596,79804
1148,Iowa,2020-09-05,71810.0,70329.0,68380.0,70986.6482386846,69690
1149,Iowa,2020-09-17,87260.0,85414.0,74623.0,86407.44877059727,77204
1150,Iowa,2020-09-12,80654.0,79232.0,72073.0,79655.43670704699,74205
1151,Iowa,2020-09-23,95465.0,93124.0,77955.0,95231.85642069664,82871
1152,Iowa,2020-09-11,79356.0,78164.0,71433.0,78368.49091631612,73399
1153,Iowa,2020-09-22,94076.0,91620.0,77517.0,93706.1883557905,81618
1154,Iowa,2020-09-08,75544.0,73201.0,70235.0,74597.69486474516,71019
1155,Iowa,2020-09-10,78070.0,74756.0,71032.0,77088.87527982528,72458
1156,Iowa,2020-09-16,85927.0,84776.0,74203.0,85013.62399777546,76652
1157,Iowa,2020-09-02,68015.0,67834.0,67233.0,67477.04725129492,66463
1158,Iowa,2020-09-01,66841.0,66590.0,66436.0,66318.58013852252,65847
1159,Iowa,2020-09-18,88603.0,86128.0,75292.0,87824.12749585163,78839
1160,Iowa,2020-09-07,74324.0,72646.0,69611.0,73372.28919199572,70537
1161,Iowa,2020-09-03,69239.0,68401.0,67613.0,68625.5907269522,67691
1162,Iowa,2020-09-21,92694.0,90633.0,77081.0,92207.68591556668,81007
1163,Iowa,2020-09-13,81963.0,80266.0,72719.0,80965.68134119191,74676
1164,Iowa,2020-09-20,91321.0,89362.0,76647.0,90735.81650479003,80410
1165,Iowa,2020-09-15,84601.0,83421.0,73786.0,83644.53000198957,75721
1166,Iowa,2020-09-14,83279.0,82266.0,73371.0,82299.68785601326,75064
1167,Iowa,2020-09-04,70510.0,69463.0,67995.0,69795.31728267769,68744
1168,Iowa,2020-09-09,76797.0,74272.0,70632.0,75832.09118178434,71595
1169,Iowa,2020-09-06,73105.0,71862.0,68993.0,72168.74773669215,70215
1170,Virginia,2020-09-24,144597.0,148984.0,143620.0,145981.4256706005,143492
1171,Virginia,2020-09-26,146616.0,151622.0,145249.0,148403.79602833372,145408
1172,Virginia,2020-09-25,145605.0,150297.0,144432.0,147187.51551094634,144433
1173,Virginia,2020-09-19,139585.0,142588.0,138259.0,140075.17416318235,139655
1174,Virginia,2020-09-05,125664.0,126046.0,124860.0,124793.14530996844,125727
1175,Virginia,2020-09-17,137591.0,140106.0,136260.0,137784.42916090242,137460
1176,Virginia,2020-09-12,132620.0,134069.0,131605.0,132225.71040115648,132868
1177,Virginia,2020-09-23,143591.0,147682.0,142344.0,144777.70510082997,142590
1178,Virginia,2020-09-11,131629.0,132898.0,130436.0,131136.3830806508,131640
1179,Virginia,2020-09-22,142587.0,146392.0,141080.0,143584.1530531097,142010
1180,Virginia,2020-09-08,128663.0,129440.0,127408.0,127925.8366895974,128407
1181,Virginia,2020-09-10,130639.0,131727.0,129277.0,130056.25581666129,130525
1182,Virginia,2020-09-16,136596.0,138882.0,135049.0,136651.45845588166,136359
1183,Virginia,2020-09-02,122688.0,122821.0,121962.0,121722.64865935361,122518
1184,Virginia,2020-09-01,121714.0,121708.0,121276.0,120715.39346573585,121615
1185,Virginia,2020-09-18,138587.0,141341.0,137481.0,138927.02565845576,138702
1186,Virginia,2020-09-07,127667.0,128320.0,126692.0,126875.33456717522,127571
1187,Virginia,2020-09-03,123670.0,123902.0,122652.0,122738.50659399597,123637
1188,Virginia,2020-09-21,141584.0,145113.0,139826.0,142400.68182499422,141138
1189,Virginia,2020-09-13,133613.0,135249.0,132349.0,133317.23607847685,133814
1190,Virginia,2020-09-20,140584.0,143845.0,139040.0,141233.03165638426,140511
1191,Virginia,2020-09-15,135601.0,137661.0,133850.0,135528.03076045972,135514
1192,Virginia,2020-09-14,134607.0,136450.0,133097.0,134417.98305882837,134571
1193,Virginia,2020-09-04,124667.0,124960.0,123751.0,123761.45092504335,124738
1194,Virginia,2020-09-09,129649.0,130562.0,128128.0,128985.24923470091,129289
1195,Virginia,2020-09-06,126669.0,127184.0,125979.0,125833.66634924641,126926
1196,Maine,2020-09-24,5271.0,5104.0,5394.0,5233.636175666433,5214
1197,Maine,2020-09-26,5338.0,5153.0,5455.0,5296.7065198147775,5258
1198,Maine,2020-09-25,5304.0,5128.0,5425.0,5265.050027725274,5234
1199,Maine,2020-09-19,5107.0,4979.0,5193.0,5079.329276355549,5034
1200,Maine,2020-09-05,4681.0,4646.0,4690.0,4672.012677250545,4633
1201,Maine,2020-09-17,5043.0,4930.0,5118.0,5018.9890111442855,4962
1202,Maine,2020-09-12,4889.0,4810.0,4943.0,4871.249537202526,4834
1203,Maine,2020-09-23,5237.0,5078.0,5346.0,5202.416908103644,5170
1204,Maine,2020-09-11,4859.0,4787.0,4899.0,4842.272408262001,4792
1205,Maine,2020-09-22,5204.0,5053.0,5299.0,5171.390975990374,5146
1206,Maine,2020-09-08,4770.0,4716.0,4785.0,4756.331205122344,4714
1207,Maine,2020-09-10,4829.0,4763.0,4856.0,4813.474238177368,4760
1208,Maine,2020-09-16,5012.0,4906.0,5072.0,4989.098483186902,4941
1209,Maine,2020-09-02,4596.0,4580.0,4581.0,4588.925887335206,4568
1210,Maine,2020-09-01,4569.0,4554.0,4555.0,4561.514549751184,4549
1211,Maine,2020-09-18,5075.0,4954.0,5164.0,5049.065542213702,5002
1212,Maine,2020-09-07,4740.0,4693.0,4758.0,4728.024693055164,4701
1213,Maine,2020-09-03,4624.0,4601.0,4607.0,4616.509165421967,4618
1214,Maine,2020-09-21,5171.0,5029.0,5252.0,5140.51244738577,5106
1215,Maine,2020-09-13,4919.0,4833.0,4971.0,4900.406777871777,4863
1216,Maine,2020-09-20,5139.0,5004.0,5222.0,5109.825626273405,5077
1217,Maine,2020-09-15,4981.0,4883.0,5027.0,4959.350551793936,4918
1218,Maine,2020-09-14,4950.0,4857.0,4999.0,4929.787045873528,4904
1219,Maine,2020-09-04,4652.0,4623.0,4648.0,4644.265509627667,4633
1220,Maine,2020-09-09,4799.0,4740.0,4812.0,4784.814006562064,4713
1221,Maine,2020-09-06,4711.0,4670.0,4732.0,4699.9320358265195,4683
1222,Missouri,2020-09-24,116322.0,122799.0,106669.0,118534.8854089505,119561
1223,Missouri,2020-09-26,118824.0,126558.0,108233.0,121753.72306361595,123506
1224,Missouri,2020-09-25,117575.0,124688.0,107272.0,120138.15652934574,121456
1225,Missouri,2020-09-19,110021.0,113372.0,102686.0,110863.33689373125,112864
1226,Missouri,2020-09-05,92067.0,91859.0,93041.0,91763.57730472792,93171
1227,Missouri,2020-09-17,107485.0,110194.0,101535.0,107922.28968491357,109557
1228,Missouri,2020-09-12,101093.0,102555.0,97745.0,100915.21081421913,102290
1229,Missouri,2020-09-23,115067.0,120834.0,106069.0,116954.35930817471,118205
1230,Missouri,2020-09-11,99811.0,100955.0,97195.0,99560.41958549849,100268
1231,Missouri,2020-09-22,113809.0,118907.0,105473.0,115396.2385676249,116612
1232,Missouri,2020-09-08,95974.0,96088.0,94939.0,95604.73040931275,96181
1233,Missouri,2020-09-10,98531.0,99235.0,96649.0,98224.9036551944,98738
1234,Missouri,2020-09-16,106212.0,108695.0,100964.0,106482.96317866043,107853
1235,Missouri,2020-09-02,88185.0,88227.0,90336.0,88003.30653768594,88216
1236,Missouri,2020-09-01,86945.0,86946.0,89265.0,86776.38519758797,86738
1237,Missouri,2020-09-18,108754.0,111793.0,102109.0,109382.3097770061,111390
1238,Missouri,2020-09-07,94683.0,94610.0,94096.0,94322.45405174173,95406
1239,Missouri,2020-09-03,89452.0,89356.0,91420.0,89248.3005991108,89639
1240,Missouri,2020-09-21,112549.0,116983.0,104536.0,113863.76537245106,115537
1241,Missouri,2020-09-13,102375.0,104115.0,98297.0,102289.57001249414,103997
1242,Missouri,2020-09-20,111286.0,115123.0,103607.0,112352.90513219379,114170
1243,Missouri,2020-09-15,104937.0,107187.0,100067.0,105065.26490356363,106637
1244,Missouri,2020-09-14,103657.0,105699.0,99178.0,103667.5660366791,105278
1245,Missouri,2020-09-04,90748.0,90597.0,92517.0,90511.64384520418,91228
1246,Missouri,2020-09-09,97254.0,97619.0,95790.0,96905.4539288464,97504
1247,Missouri,2020-09-06,93381.0,93186.0,93567.0,93033.75444706356,94492
