,state,date,cases
0,Louisiana,2020-11-22,220192
1,Louisiana,2020-11-13,201981
2,Louisiana,2020-11-12,198531
3,Louisiana,2020-11-06,191715
4,Louisiana,2020-11-19,211966
5,Louisiana,2020-11-11,194702
6,Louisiana,2020-11-27,230602
7,Louisiana,2020-11-23,221160
8,Louisiana,2020-11-18,209914
9,Louisiana,2020-11-14,201981
10,Louisiana,2020-11-17,207685
11,Louisiana,2020-11-07,191715
12,Louisiana,2020-11-03,189148
13,Louisiana,2020-11-09,193372
14,Louisiana,2020-11-28,230602
15,Louisiana,2020-11-20,216709
16,Louisiana,2020-11-08,192981
17,Louisiana,2020-11-04,190164
18,Louisiana,2020-11-10,194702
19,Louisiana,2020-11-21,216709
20,Louisiana,2020-11-05,190845
21,Louisiana,2020-11-24,224403
22,Louisiana,2020-11-25,225638
23,Louisiana,2020-11-26,225638
24,Louisiana,2020-11-16,205057
25,Louisiana,2020-11-15,204513
26,Montana,2020-11-22,55680
27,Montana,2020-11-13,44244
28,Montana,2020-11-12,43031
29,Montana,2020-11-06,37947
30,Montana,2020-11-19,51818
31,Montana,2020-11-11,42070
32,Montana,2020-11-27,59796
33,Montana,2020-11-23,56381
34,Montana,2020-11-18,50582
35,Montana,2020-11-14,45886
36,Montana,2020-11-17,49398
37,Montana,2020-11-07,38948
38,Montana,2020-11-03,35159
39,Montana,2020-11-09,40053
40,Montana,2020-11-28,60845
41,Montana,2020-11-20,53293
42,Montana,2020-11-08,39679
43,Montana,2020-11-04,35955
44,Montana,2020-11-10,41151
45,Montana,2020-11-21,54542
46,Montana,2020-11-05,36968
47,Montana,2020-11-24,57504
48,Montana,2020-11-25,58565
49,Montana,2020-11-26,59682
50,Montana,2020-11-16,48027
51,Montana,2020-11-15,47158
52,Texas,2020-11-22,1200806
53,Texas,2020-11-13,1095408
54,Texas,2020-11-12,1082038
55,Texas,2020-11-06,1022701
56,Texas,2020-11-19,1164197
57,Texas,2020-11-11,1070966
58,Texas,2020-11-27,1259695
59,Texas,2020-11-23,1208749
60,Texas,2020-11-18,1149540
61,Texas,2020-11-14,1105933
62,Texas,2020-11-17,1135383
63,Texas,2020-11-07,1030997
64,Texas,2020-11-03,991541
65,Texas,2020-11-09,1045316
66,Texas,2020-11-28,1265711
67,Texas,2020-11-20,1178339
68,Texas,2020-11-08,1037524
69,Texas,2020-11-04,1002404
70,Texas,2020-11-10,1058122
71,Texas,2020-11-21,1191436
72,Texas,2020-11-05,1013139
73,Texas,2020-11-24,1230017
74,Texas,2020-11-25,1247395
75,Texas,2020-11-26,1254822
76,Texas,2020-11-16,1123384
77,Texas,2020-11-15,1114478
78,Maine,2020-11-22,10359
79,Maine,2020-11-13,8639
80,Maine,2020-11-12,8395
81,Maine,2020-11-06,7444
82,Maine,2020-11-19,9734
83,Maine,2020-11-11,8202
84,Maine,2020-11-27,11265
85,Maine,2020-11-23,10544
86,Maine,2020-11-18,9519
87,Maine,2020-11-14,8791
88,Maine,2020-11-17,9363
89,Maine,2020-11-07,7600
90,Maine,2020-11-03,6925
91,Maine,2020-11-09,7888
92,Maine,2020-11-28,11288
93,Maine,2020-11-20,9958
94,Maine,2020-11-08,7693
95,Maine,2020-11-04,7071
96,Maine,2020-11-10,8060
97,Maine,2020-11-21,10123
98,Maine,2020-11-05,7260
99,Maine,2020-11-24,10799
100,Maine,2020-11-25,11027
101,Maine,2020-11-26,11265
102,Maine,2020-11-16,9117
103,Maine,2020-11-15,8944
104,Utah,2020-11-22,177176
105,Utah,2020-11-13,145789
106,Utah,2020-11-12,143639
107,Utah,2020-11-06,127279
108,Utah,2020-11-19,165996
109,Utah,2020-11-11,139720
110,Utah,2020-11-27,190044
111,Utah,2020-11-23,179420
112,Utah,2020-11-18,162028
113,Utah,2020-11-14,151141
114,Utah,2020-11-17,158957
115,Utah,2020-11-07,130235
116,Utah,2020-11-03,119375
117,Utah,2020-11-09,134868
118,Utah,2020-11-28,192087
119,Utah,2020-11-20,170584
120,Utah,2020-11-08,132621
121,Utah,2020-11-04,121485
122,Utah,2020-11-10,137385
123,Utah,2020-11-21,173979
124,Utah,2020-11-05,124292
125,Utah,2020-11-24,182121
126,Utah,2020-11-25,183902
127,Utah,2020-11-26,183902
128,Utah,2020-11-16,155779
129,Utah,2020-11-15,153808
130,Maryland,2020-11-22,182139
131,Maryland,2020-11-13,161769
132,Maryland,2020-11-12,159900
133,Maryland,2020-11-06,151505
134,Maryland,2020-11-19,174733
135,Maryland,2020-11-11,158423
136,Maryland,2020-11-27,192858
137,Maryland,2020-11-23,183797
138,Maryland,2020-11-18,171823
139,Maryland,2020-11-14,164090
140,Maryland,2020-11-17,169805
141,Maryland,2020-11-07,152915
142,Maryland,2020-11-03,147766
143,Maryland,2020-11-09,155371
144,Maryland,2020-11-28,194448
145,Maryland,2020-11-20,177086
146,Maryland,2020-11-08,153996
147,Maryland,2020-11-04,148766
148,Maryland,2020-11-10,156709
149,Maryland,2020-11-21,179971
150,Maryland,2020-11-05,149964
151,Maryland,2020-11-24,185464
152,Maryland,2020-11-25,188161
153,Maryland,2020-11-26,190480
154,Maryland,2020-11-16,167656
155,Maryland,2020-11-15,165930
156,Virginia,2020-11-22,217796
157,Virginia,2020-11-13,199262
158,Virginia,2020-11-12,198027
159,Virginia,2020-11-06,188770
160,Virginia,2020-11-19,210787
161,Virginia,2020-11-11,196506
162,Virginia,2020-11-27,230444
163,Virginia,2020-11-23,221038
164,Virginia,2020-11-18,208833
165,Virginia,2020-11-14,200799
166,Virginia,2020-11-17,206762
167,Virginia,2020-11-07,190873
168,Virginia,2020-11-03,184679
169,Virginia,2020-11-09,193477
170,Virginia,2020-11-28,233617
171,Virginia,2020-11-20,213331
172,Virginia,2020-11-08,192175
173,Virginia,2020-11-04,185836
174,Virginia,2020-11-10,194912
175,Virginia,2020-11-21,215679
176,Virginia,2020-11-05,187202
177,Virginia,2020-11-24,223582
178,Virginia,2020-11-25,226300
179,Virginia,2020-11-26,228900
180,Virginia,2020-11-16,204637
181,Virginia,2020-11-15,201960
182,Arkansas,2020-11-22,145173
183,Arkansas,2020-11-13,130318
184,Arkansas,2020-11-12,128006
185,Arkansas,2020-11-06,119230
186,Arkansas,2020-11-19,139855
187,Arkansas,2020-11-11,126197
188,Arkansas,2020-11-27,153677
189,Arkansas,2020-11-23,146190
190,Arkansas,2020-11-18,137617
191,Arkansas,2020-11-14,132166
192,Arkansas,2020-11-17,135902
193,Arkansas,2020-11-07,120828
194,Arkansas,2020-11-03,114519
195,Arkansas,2020-11-09,122811
196,Arkansas,2020-11-28,155026
197,Arkansas,2020-11-20,141916
198,Arkansas,2020-11-08,121866
199,Arkansas,2020-11-04,115812
200,Arkansas,2020-11-10,124235
201,Arkansas,2020-11-21,143821
202,Arkansas,2020-11-05,117360
203,Arkansas,2020-11-24,148312
204,Arkansas,2020-11-25,150277
205,Arkansas,2020-11-26,152625
206,Arkansas,2020-11-16,134348
207,Arkansas,2020-11-15,133040
208,South Dakota,2020-11-22,73065
209,South Dakota,2020-11-13,62327
210,South Dakota,2020-11-12,60716
211,South Dakota,2020-11-06,52639
212,South Dakota,2020-11-19,69742
213,South Dakota,2020-11-11,58696
214,South Dakota,2020-11-27,78280
215,South Dakota,2020-11-23,73848
216,South Dakota,2020-11-18,68671
217,South Dakota,2020-11-14,64182
218,South Dakota,2020-11-17,67284
219,South Dakota,2020-11-07,53976
220,South Dakota,2020-11-03,48854
221,South Dakota,2020-11-09,56311
222,South Dakota,2020-11-28,79099
223,South Dakota,2020-11-20,71070
224,South Dakota,2020-11-08,55404
225,South Dakota,2020-11-04,49791
226,South Dakota,2020-11-10,57334
227,South Dakota,2020-11-21,72214
228,South Dakota,2020-11-05,51151
229,South Dakota,2020-11-24,74859
230,South Dakota,2020-11-25,76142
231,South Dakota,2020-11-26,76142
232,South Dakota,2020-11-16,66278
233,South Dakota,2020-11-15,65381
234,Vermont,2020-11-22,3629
235,Vermont,2020-11-13,2743
236,Vermont,2020-11-12,2651
237,Vermont,2020-11-06,2326
238,Vermont,2020-11-19,3310
239,Vermont,2020-11-11,2535
240,Vermont,2020-11-27,4005
241,Vermont,2020-11-23,3714
242,Vermont,2020-11-18,3161
243,Vermont,2020-11-14,2843
244,Vermont,2020-11-17,3104
245,Vermont,2020-11-07,2347
246,Vermont,2020-11-03,2237
247,Vermont,2020-11-09,2415
248,Vermont,2020-11-28,4033
249,Vermont,2020-11-20,3459
250,Vermont,2020-11-08,2392
251,Vermont,2020-11-04,2267
252,Vermont,2020-11-10,2462
253,Vermont,2020-11-21,3546
254,Vermont,2020-11-05,2303
255,Vermont,2020-11-24,3762
256,Vermont,2020-11-25,3827
257,Vermont,2020-11-26,3827
258,Vermont,2020-11-16,3008
259,Vermont,2020-11-15,2889
260,Minnesota,2020-11-22,270157
261,Minnesota,2020-11-13,207339
262,Minnesota,2020-11-12,201795
263,Minnesota,2020-11-06,170307
264,Minnesota,2020-11-19,249906
265,Minnesota,2020-11-11,194570
266,Minnesota,2020-11-27,295001
267,Minnesota,2020-11-23,276500
268,Minnesota,2020-11-18,242043
269,Minnesota,2020-11-14,216028
270,Minnesota,2020-11-17,236949
271,Minnesota,2020-11-07,174954
272,Minnesota,2020-11-03,157096
273,Minnesota,2020-11-09,184788
274,Minnesota,2020-11-28,304023
275,Minnesota,2020-11-20,256700
276,Minnesota,2020-11-08,180862
277,Minnesota,2020-11-04,160923
278,Minnesota,2020-11-10,189681
279,Minnesota,2020-11-21,262952
280,Minnesota,2020-11-05,164865
281,Minnesota,2020-11-24,282916
282,Minnesota,2020-11-25,289303
283,Minnesota,2020-11-26,289303
284,Minnesota,2020-11-16,231018
285,Minnesota,2020-11-15,223581
286,New Mexico,2020-11-22,81896
287,New Mexico,2020-11-13,62006
288,New Mexico,2020-11-12,60776
289,New Mexico,2020-11-06,52394
290,New Mexico,2020-11-19,74116
291,New Mexico,2020-11-11,59034
292,New Mexico,2020-11-27,91852
293,New Mexico,2020-11-23,84148
294,New Mexico,2020-11-18,70451
295,New Mexico,2020-11-14,63171
296,New Mexico,2020-11-17,67559
297,New Mexico,2020-11-07,53671
298,New Mexico,2020-11-03,49240
299,New Mexico,2020-11-09,56289
300,New Mexico,2020-11-28,93982
301,New Mexico,2020-11-20,77098
302,New Mexico,2020-11-08,54881
303,New Mexico,2020-11-04,50251
304,New Mexico,2020-11-10,57547
305,New Mexico,2020-11-21,79440
306,New Mexico,2020-11-05,51110
307,New Mexico,2020-11-24,86247
308,New Mexico,2020-11-25,88102
309,New Mexico,2020-11-26,89796
310,New Mexico,2020-11-16,65454
311,New Mexico,2020-11-15,64201
312,North Dakota,2020-11-22,72683
313,North Dakota,2020-11-13,60602
314,North Dakota,2020-11-12,59173
315,North Dakota,2020-11-06,51602
316,North Dakota,2020-11-19,68612
317,North Dakota,2020-11-11,57373
318,North Dakota,2020-11-27,77232
319,North Dakota,2020-11-23,73397
320,North Dakota,2020-11-18,67230
321,North Dakota,2020-11-14,62872
322,North Dakota,2020-11-17,65967
323,North Dakota,2020-11-07,53204
324,North Dakota,2020-11-03,47187
325,North Dakota,2020-11-09,55458
326,North Dakota,2020-11-28,77935
327,North Dakota,2020-11-20,70016
328,North Dakota,2020-11-08,54305
329,North Dakota,2020-11-04,48301
330,North Dakota,2020-11-10,56352
331,North Dakota,2020-11-21,71540
332,North Dakota,2020-11-05,49837
333,North Dakota,2020-11-24,74401
334,North Dakota,2020-11-25,75478
335,North Dakota,2020-11-26,76442
336,North Dakota,2020-11-16,64885
337,North Dakota,2020-11-15,63796
338,Mississippi,2020-11-22,143180
339,Mississippi,2020-11-13,131970
340,Mississippi,2020-11-12,130665
341,Mississippi,2020-11-06,124854
342,Mississippi,2020-11-19,138791
343,Mississippi,2020-11-11,129394
344,Mississippi,2020-11-27,148387
345,Mississippi,2020-11-23,143879
346,Mississippi,2020-11-18,137396
347,Mississippi,2020-11-14,133340
348,Mississippi,2020-11-17,135803
349,Mississippi,2020-11-07,125885
350,Mississippi,2020-11-03,121509
351,Mississippi,2020-11-09,127205
352,Mississippi,2020-11-28,149940
353,Mississippi,2020-11-20,140429
354,Mississippi,2020-11-08,126689
355,Mississippi,2020-11-04,122275
356,Mississippi,2020-11-10,128138
357,Mississippi,2020-11-21,142401
358,Mississippi,2020-11-05,123887
359,Mississippi,2020-11-24,144544
360,Mississippi,2020-11-25,145636
361,Mississippi,2020-11-26,147382
362,Mississippi,2020-11-16,134898
363,Mississippi,2020-11-15,134309
364,Georgia,2020-11-22,449132
365,Georgia,2020-11-13,419870
366,Georgia,2020-11-12,416876
367,Georgia,2020-11-06,402427
368,Georgia,2020-11-19,437156
369,Georgia,2020-11-11,413894
370,Georgia,2020-11-27,464526
371,Georgia,2020-11-23,451056
372,Georgia,2020-11-18,433732
373,Georgia,2020-11-14,422905
374,Georgia,2020-11-17,430571
375,Georgia,2020-11-07,405037
376,Georgia,2020-11-03,394526
377,Georgia,2020-11-09,407333
378,Georgia,2020-11-28,467564
379,Georgia,2020-11-20,440591
380,Georgia,2020-11-08,406061
381,Georgia,2020-11-04,397137
382,Georgia,2020-11-10,411652
383,Georgia,2020-11-21,446804
384,Georgia,2020-11-05,399625
385,Georgia,2020-11-24,454732
386,Georgia,2020-11-25,457909
387,Georgia,2020-11-26,461517
388,Georgia,2020-11-16,426236
389,Georgia,2020-11-15,424989
390,Iowa,2020-11-22,211664
391,Iowa,2020-11-13,178888
392,Iowa,2020-11-12,173404
393,Iowa,2020-11-06,145866
394,Iowa,2020-11-19,201572
395,Iowa,2020-11-11,168453
396,Iowa,2020-11-27,225056
397,Iowa,2020-11-23,214792
398,Iowa,2020-11-18,197518
399,Iowa,2020-11-14,183555
400,Iowa,2020-11-17,193198
401,Iowa,2020-11-07,150254
402,Iowa,2020-11-03,134326
403,Iowa,2020-11-09,159910
404,Iowa,2020-11-28,227179
405,Iowa,2020-11-20,205917
406,Iowa,2020-11-08,154778
407,Iowa,2020-11-04,137214
408,Iowa,2020-11-10,163827
409,Iowa,2020-11-21,209203
410,Iowa,2020-11-05,142491
411,Iowa,2020-11-24,217784
412,Iowa,2020-11-25,221286
413,Iowa,2020-11-26,223323
414,Iowa,2020-11-16,189597
415,Iowa,2020-11-15,186314
416,Missouri,2020-11-22,277112
417,Missouri,2020-11-13,234116
418,Missouri,2020-11-12,229712
419,Missouri,2020-11-06,204404
420,Missouri,2020-11-19,263143
421,Missouri,2020-11-11,224664
422,Missouri,2020-11-27,296665
423,Missouri,2020-11-23,280645
424,Missouri,2020-11-18,258778
425,Missouri,2020-11-14,243762
426,Missouri,2020-11-17,254151
427,Missouri,2020-11-07,208941
428,Missouri,2020-11-03,193441
429,Missouri,2020-11-09,216144
430,Missouri,2020-11-28,299095
431,Missouri,2020-11-20,267914
432,Missouri,2020-11-08,212869
433,Missouri,2020-11-04,196253
434,Missouri,2020-11-10,220720
435,Missouri,2020-11-21,272821
436,Missouri,2020-11-05,200042
437,Missouri,2020-11-24,284612
438,Missouri,2020-11-25,289002
439,Missouri,2020-11-26,293496
440,Missouri,2020-11-16,248715
441,Missouri,2020-11-15,244541
442,Tennessee,2020-11-22,340476
443,Tennessee,2020-11-13,300458
444,Tennessee,2020-11-12,296725
445,Tennessee,2020-11-06,273144
446,Tennessee,2020-11-19,328088
447,Tennessee,2020-11-11,293381
448,Tennessee,2020-11-27,356716
449,Tennessee,2020-11-23,344550
450,Tennessee,2020-11-18,325201
451,Tennessee,2020-11-14,305120
452,Tennessee,2020-11-17,320729
453,Tennessee,2020-11-07,278215
454,Tennessee,2020-11-03,266357
455,Tennessee,2020-11-09,287770
456,Tennessee,2020-11-28,363466
457,Tennessee,2020-11-20,331532
458,Tennessee,2020-11-08,281851
459,Tennessee,2020-11-04,269802
460,Tennessee,2020-11-10,289749
461,Tennessee,2020-11-21,335887
462,Tennessee,2020-11-05,271771
463,Tennessee,2020-11-24,345916
464,Tennessee,2020-11-25,347972
465,Tennessee,2020-11-26,352376
466,Tennessee,2020-11-16,318888
467,Tennessee,2020-11-15,310937
468,Rhode Island,2020-11-22,48001
469,Rhode Island,2020-11-13,41529
470,Rhode Island,2020-11-12,40764
471,Rhode Island,2020-11-06,36380
472,Rhode Island,2020-11-19,46951
473,Rhode Island,2020-11-11,39776
474,Rhode Island,2020-11-27,53954
475,Rhode Island,2020-11-23,50573
476,Rhode Island,2020-11-18,45911
477,Rhode Island,2020-11-14,41529
478,Rhode Island,2020-11-17,44528
479,Rhode Island,2020-11-07,36380
480,Rhode Island,2020-11-03,34543
481,Rhode Island,2020-11-09,38009
482,Rhode Island,2020-11-28,53954
483,Rhode Island,2020-11-20,48001
484,Rhode Island,2020-11-08,36380
485,Rhode Island,2020-11-04,35122
486,Rhode Island,2020-11-10,38798
487,Rhode Island,2020-11-21,48001
488,Rhode Island,2020-11-05,35750
489,Rhode Island,2020-11-24,51424
490,Rhode Island,2020-11-25,52317
491,Rhode Island,2020-11-26,52317
492,Rhode Island,2020-11-16,43923
493,Rhode Island,2020-11-15,41529
494,Connecticut,2020-11-22,101469
495,Connecticut,2020-11-13,88645
496,Connecticut,2020-11-12,85899
497,Connecticut,2020-11-06,78125
498,Connecticut,2020-11-19,99381
499,Connecticut,2020-11-11,84741
500,Connecticut,2020-11-27,112581
501,Connecticut,2020-11-23,106740
502,Connecticut,2020-11-18,97028
503,Connecticut,2020-11-14,88645
504,Connecticut,2020-11-17,94986
505,Connecticut,2020-11-07,78125
506,Connecticut,2020-11-03,74843
507,Connecticut,2020-11-09,81432
508,Connecticut,2020-11-28,112581
509,Connecticut,2020-11-20,101469
510,Connecticut,2020-11-08,78125
511,Connecticut,2020-11-04,75373
512,Connecticut,2020-11-10,82953
513,Connecticut,2020-11-21,101469
514,Connecticut,2020-11-05,77060
515,Connecticut,2020-11-24,107280
516,Connecticut,2020-11-25,109152
517,Connecticut,2020-11-26,109152
518,Connecticut,2020-11-16,93284
519,Connecticut,2020-11-15,88645
520,Nevada,2020-11-22,133888
521,Nevada,2020-11-13,116737
522,Nevada,2020-11-12,114880
523,Nevada,2020-11-06,106922
524,Nevada,2020-11-19,127876
525,Nevada,2020-11-11,113411
526,Nevada,2020-11-27,146317
527,Nevada,2020-11-23,136227
528,Nevada,2020-11-18,125459
529,Nevada,2020-11-14,119006
530,Nevada,2020-11-17,123795
531,Nevada,2020-11-07,108746
532,Nevada,2020-11-03,103025
533,Nevada,2020-11-09,110982
534,Nevada,2020-11-28,149229
535,Nevada,2020-11-20,129714
536,Nevada,2020-11-08,110022
537,Nevada,2020-11-04,104093
538,Nevada,2020-11-10,112304
539,Nevada,2020-11-21,131733
540,Nevada,2020-11-05,105360
541,Nevada,2020-11-24,139098
542,Nevada,2020-11-25,142240
543,Nevada,2020-11-26,144781
544,Nevada,2020-11-16,122099
545,Nevada,2020-11-15,120183
546,Washington,2020-11-22,151488
547,Washington,2020-11-13,131141
548,Washington,2020-11-12,128821
549,Washington,2020-11-06,118771
550,Washington,2020-11-19,143405
551,Washington,2020-11-11,126574
552,Washington,2020-11-27,165124
553,Washington,2020-11-23,154770
554,Washington,2020-11-18,141231
555,Washington,2020-11-14,133391
556,Washington,2020-11-17,139120
557,Washington,2020-11-07,120221
558,Washington,2020-11-03,114127
559,Washington,2020-11-09,122887
560,Washington,2020-11-28,167231
561,Washington,2020-11-20,145281
562,Washington,2020-11-08,121467
563,Washington,2020-11-04,115251
564,Washington,2020-11-10,124549
565,Washington,2020-11-21,147929
566,Washington,2020-11-05,117023
567,Washington,2020-11-24,157790
568,Washington,2020-11-25,160663
569,Washington,2020-11-26,162730
570,Washington,2020-11-16,137561
571,Washington,2020-11-15,134969
572,Wyoming,2020-11-22,28169
573,Wyoming,2020-11-13,21341
574,Wyoming,2020-11-12,20479
575,Wyoming,2020-11-06,16405
576,Wyoming,2020-11-19,26169
577,Wyoming,2020-11-11,19374
578,Wyoming,2020-11-27,31773
579,Wyoming,2020-11-23,29431
580,Wyoming,2020-11-18,25275
581,Wyoming,2020-11-14,21881
582,Wyoming,2020-11-17,24453
583,Wyoming,2020-11-07,16597
584,Wyoming,2020-11-03,14621
585,Wyoming,2020-11-09,18010
586,Wyoming,2020-11-28,31928
587,Wyoming,2020-11-20,27129
588,Wyoming,2020-11-08,17310
589,Wyoming,2020-11-04,15044
590,Wyoming,2020-11-10,19242
591,Wyoming,2020-11-21,27410
592,Wyoming,2020-11-05,15409
593,Wyoming,2020-11-24,29959
594,Wyoming,2020-11-25,30761
595,Wyoming,2020-11-26,30761
596,Wyoming,2020-11-16,23193
597,Wyoming,2020-11-15,22494
598,California,2020-11-22,1114524
599,California,2020-11-13,1013566
600,California,2020-11-12,1004116
601,California,2020-11-06,963211
602,California,2020-11-19,1077174
603,California,2020-11-11,995575
604,California,2020-11-27,1185576
605,California,2020-11-23,1128219
606,California,2020-11-18,1064040
607,California,2020-11-14,1023067
608,California,2020-11-17,1052285
609,California,2020-11-07,969362
610,California,2020-11-03,945401
611,California,2020-11-09,981297
612,California,2020-11-28,1200624
613,California,2020-11-20,1089750
614,California,2020-11-08,972713
615,California,2020-11-04,950920
616,California,2020-11-10,989432
617,California,2020-11-21,1105435
618,California,2020-11-05,956854
619,California,2020-11-24,1145209
620,California,2020-11-25,1160940
621,California,2020-11-26,1171802
622,California,2020-11-16,1041690
623,California,2020-11-15,1032095
624,North Carolina,2020-11-22,336775
625,North Carolina,2020-11-13,305233
626,North Carolina,2020-11-12,303454
627,North Carolina,2020-11-06,288569
628,North Carolina,2020-11-19,325158
629,North Carolina,2020-11-11,300561
630,North Carolina,2020-11-27,354514
631,North Carolina,2020-11-23,339194
632,North Carolina,2020-11-18,320862
633,North Carolina,2020-11-14,309118
634,North Carolina,2020-11-17,317495
635,North Carolina,2020-11-07,291245
636,North Carolina,2020-11-03,280377
637,North Carolina,2020-11-09,294860
638,North Carolina,2020-11-28,357958
639,North Carolina,2020-11-20,328846
640,North Carolina,2020-11-08,293339
641,North Carolina,2020-11-04,282802
642,North Carolina,2020-11-10,297442
643,North Carolina,2020-11-21,332261
644,North Carolina,2020-11-05,285661
645,North Carolina,2020-11-24,342294
646,North Carolina,2020-11-25,346506
647,North Carolina,2020-11-26,346506
648,North Carolina,2020-11-16,314207
649,North Carolina,2020-11-15,312235
650,Oklahoma,2020-11-22,174330
651,Oklahoma,2020-11-13,147358
652,Oklahoma,2020-11-12,144691
653,Oklahoma,2020-11-06,131751
654,Oklahoma,2020-11-19,164340
655,Oklahoma,2020-11-11,142334
656,Oklahoma,2020-11-27,187567
657,Oklahoma,2020-11-23,177874
658,Oklahoma,2020-11-18,161425
659,Oklahoma,2020-11-14,150205
660,Oklahoma,2020-11-17,158408
661,Oklahoma,2020-11-07,131751
662,Oklahoma,2020-11-03,126526
663,Oklahoma,2020-11-09,138455
664,Oklahoma,2020-11-28,193824
665,Oklahoma,2020-11-20,167261
666,Oklahoma,2020-11-08,136258
667,Oklahoma,2020-11-04,127772
668,Oklahoma,2020-11-10,140157
669,Oklahoma,2020-11-21,170924
670,Oklahoma,2020-11-05,129873
671,Oklahoma,2020-11-24,180610
672,Oklahoma,2020-11-25,184342
673,Oklahoma,2020-11-26,184342
674,Oklahoma,2020-11-16,156857
675,Oklahoma,2020-11-15,154128
676,Alabama,2020-11-22,232506
677,Alabama,2020-11-13,213617
678,Alabama,2020-11-12,210637
679,Alabama,2020-11-06,202131
680,Alabama,2020-11-19,225910
681,Alabama,2020-11-11,208637
682,Alabama,2020-11-27,242874
683,Alabama,2020-11-23,234080
684,Alabama,2020-11-18,223486
685,Alabama,2020-11-14,215843
686,Alabama,2020-11-17,220848
687,Alabama,2020-11-07,203518
688,Alabama,2020-11-03,197504
689,Alabama,2020-11-09,206523
690,Alabama,2020-11-28,244993
691,Alabama,2020-11-20,228373
692,Alabama,2020-11-08,204665
693,Alabama,2020-11-04,198927
694,Alabama,2020-11-10,206562
695,Alabama,2020-11-21,230708
696,Alabama,2020-11-05,200528
697,Alabama,2020-11-24,236865
698,Alabama,2020-11-25,239318
699,Alabama,2020-11-26,241957
700,Alabama,2020-11-16,219232
701,Alabama,2020-11-15,217822
702,Massachusetts,2020-11-22,206850
703,Massachusetts,2020-11-13,183095
704,Massachusetts,2020-11-12,180189
705,Massachusetts,2020-11-06,167274
706,Massachusetts,2020-11-19,198550
707,Massachusetts,2020-11-11,177541
708,Massachusetts,2020-11-27,219252
709,Massachusetts,2020-11-23,208623
710,Massachusetts,2020-11-18,195868
711,Massachusetts,2020-11-14,186142
712,Massachusetts,2020-11-17,192964
713,Massachusetts,2020-11-07,169576
714,Massachusetts,2020-11-03,161585
715,Massachusetts,2020-11-09,172727
716,Massachusetts,2020-11-28,222469
717,Massachusetts,2020-11-20,200949
718,Massachusetts,2020-11-08,171399
719,Massachusetts,2020-11-04,163299
720,Massachusetts,2020-11-10,174881
721,Massachusetts,2020-11-21,204155
722,Massachusetts,2020-11-05,165161
723,Massachusetts,2020-11-24,211199
724,Massachusetts,2020-11-25,214594
725,Massachusetts,2020-11-26,214594
726,Massachusetts,2020-11-16,190439
727,Massachusetts,2020-11-15,188275
728,Colorado,2020-11-22,198600
729,Colorado,2020-11-13,154038
730,Colorado,2020-11-12,147599
731,Colorado,2020-11-06,124469
732,Colorado,2020-11-19,182801
733,Colorado,2020-11-11,142402
734,Colorado,2020-11-27,220953
735,Colorado,2020-11-23,202289
736,Colorado,2020-11-18,176694
737,Colorado,2020-11-14,159234
738,Colorado,2020-11-17,172044
739,Colorado,2020-11-07,127967
740,Colorado,2020-11-03,114709
741,Colorado,2020-11-09,134537
742,Colorado,2020-11-28,225283
743,Colorado,2020-11-20,188566
744,Colorado,2020-11-08,130984
745,Colorado,2020-11-04,117637
746,Colorado,2020-11-10,138427
747,Colorado,2020-11-21,194679
748,Colorado,2020-11-05,121006
749,Colorado,2020-11-24,206439
750,Colorado,2020-11-25,210630
751,Colorado,2020-11-26,216683
752,Colorado,2020-11-16,167713
753,Colorado,2020-11-15,163417
754,Ohio,2020-11-22,351419
755,Ohio,2020-11-13,282528
756,Ohio,2020-11-12,274457
757,Ohio,2020-11-06,240178
758,Ohio,2020-11-19,326615
759,Ohio,2020-11-11,267356
760,Ohio,2020-11-27,399808
761,Ohio,2020-11-23,363304
762,Ohio,2020-11-18,318828
763,Ohio,2020-11-14,290243
764,Ohio,2020-11-17,312443
765,Ohio,2020-11-07,245727
766,Ohio,2020-11-03,226138
767,Ohio,2020-11-09,254974
768,Ohio,2020-11-28,406703
769,Ohio,2020-11-20,335423
770,Ohio,2020-11-08,250268
771,Ohio,2020-11-04,230209
772,Ohio,2020-11-10,261482
773,Ohio,2020-11-21,343286
774,Ohio,2020-11-05,235170
775,Ohio,2020-11-24,371840
776,Ohio,2020-11-25,382743
777,Ohio,2020-11-26,382743
778,Ohio,2020-11-16,305364
779,Ohio,2020-11-15,298096
780,New Hampshire,2020-11-22,17637
781,New Hampshire,2020-11-13,13937
782,New Hampshire,2020-11-12,13475
783,New Hampshire,2020-11-06,12012
784,New Hampshire,2020-11-19,16295
785,New Hampshire,2020-11-11,13152
786,New Hampshire,2020-11-27,19323
787,New Hampshire,2020-11-23,18082
788,New Hampshire,2020-11-18,15766
789,New Hampshire,2020-11-14,14321
790,New Hampshire,2020-11-17,15319
791,New Hampshire,2020-11-07,12241
792,New Hampshire,2020-11-03,11448
793,New Hampshire,2020-11-09,12699
794,New Hampshire,2020-11-28,20025
795,New Hampshire,2020-11-20,16822
796,New Hampshire,2020-11-08,12488
797,New Hampshire,2020-11-04,11563
798,New Hampshire,2020-11-10,12919
799,New Hampshire,2020-11-21,17315
800,New Hampshire,2020-11-05,11808
801,New Hampshire,2020-11-24,18444
802,New Hampshire,2020-11-25,18846
803,New Hampshire,2020-11-26,18846
804,New Hampshire,2020-11-16,15040
805,New Hampshire,2020-11-15,14682
806,Pennsylvania,2020-11-22,313358
807,Pennsylvania,2020-11-13,259988
808,Pennsylvania,2020-11-12,254155
809,Pennsylvania,2020-11-06,229346
810,Pennsylvania,2020-11-19,294294
811,Pennsylvania,2020-11-11,248015
812,Pennsylvania,2020-11-27,349238
813,Pennsylvania,2020-11-23,320158
814,Pennsylvania,2020-11-18,287425
815,Pennsylvania,2020-11-14,264222
816,Pennsylvania,2020-11-17,280957
817,Pennsylvania,2020-11-07,232493
818,Pennsylvania,2020-11-03,220074
819,Pennsylvania,2020-11-09,239724
820,Pennsylvania,2020-11-28,355945
821,Pennsylvania,2020-11-20,301304
822,Pennsylvania,2020-11-08,235014
823,Pennsylvania,2020-11-04,222883
824,Pennsylvania,2020-11-10,244046
825,Pennsylvania,2020-11-21,306988
826,Pennsylvania,2020-11-05,225698
827,Pennsylvania,2020-11-24,326513
828,Pennsylvania,2020-11-25,333465
829,Pennsylvania,2020-11-26,340642
830,Pennsylvania,2020-11-16,275235
831,Pennsylvania,2020-11-15,268696
832,Arizona,2020-11-22,299665
833,Arizona,2020-11-13,269577
834,Arizona,2020-11-12,266562
835,Arizona,2020-11-06,254764
836,Arizona,2020-11-19,287225
837,Arizona,2020-11-11,265163
838,Arizona,2020-11-27,318638
839,Arizona,2020-11-23,302324
840,Arizona,2020-11-18,283102
841,Arizona,2020-11-14,273053
842,Arizona,2020-11-17,279896
843,Arizona,2020-11-07,257384
844,Arizona,2020-11-03,249818
845,Arizona,2020-11-09,259699
846,Arizona,2020-11-28,322774
847,Arizona,2020-11-20,291696
848,Arizona,2020-11-08,259264
849,Arizona,2020-11-04,250633
850,Arizona,2020-11-10,263133
851,Arizona,2020-11-21,295334
852,Arizona,2020-11-05,252768
853,Arizona,2020-11-24,306868
854,Arizona,2020-11-25,310850
855,Arizona,2020-11-26,314324
856,Arizona,2020-11-16,276912
857,Arizona,2020-11-15,275436
858,Kansas,2020-11-22,137085
859,Kansas,2020-11-13,117505
860,Kansas,2020-11-12,111240
861,Kansas,2020-11-06,99552
862,Kansas,2020-11-19,131181
863,Kansas,2020-11-11,110918
864,Kansas,2020-11-27,155411
865,Kansas,2020-11-23,144792
866,Kansas,2020-11-18,130716
867,Kansas,2020-11-14,117523
868,Kansas,2020-11-17,125294
869,Kansas,2020-11-07,99772
870,Kansas,2020-11-03,93430
871,Kansas,2020-11-09,105127
872,Kansas,2020-11-28,155500
873,Kansas,2020-11-20,136861
874,Kansas,2020-11-08,104622
875,Kansas,2020-11-04,93929
876,Kansas,2020-11-10,105604
877,Kansas,2020-11-21,137066
878,Kansas,2020-11-05,98766
879,Kansas,2020-11-24,145129
880,Kansas,2020-11-25,150292
881,Kansas,2020-11-26,150647
882,Kansas,2020-11-16,124687
883,Kansas,2020-11-15,117564
884,Indiana,2020-11-22,295357
885,Indiana,2020-11-13,236565
886,Indiana,2020-11-12,230965
887,Indiana,2020-11-06,200823
888,Indiana,2020-11-19,275503
889,Indiana,2020-11-11,224374
890,Indiana,2020-11-27,324537
891,Indiana,2020-11-23,300913
892,Indiana,2020-11-18,268222
893,Indiana,2020-11-14,244887
894,Indiana,2020-11-17,262207
895,Indiana,2020-11-07,205722
896,Indiana,2020-11-03,188066
897,Indiana,2020-11-09,214509
898,Indiana,2020-11-28,329008
899,Indiana,2020-11-20,282311
900,Indiana,2020-11-08,210374
901,Indiana,2020-11-04,191764
902,Indiana,2020-11-10,219338
903,Indiana,2020-11-21,289183
904,Indiana,2020-11-05,196176
905,Indiana,2020-11-24,306538
906,Indiana,2020-11-25,312521
907,Indiana,2020-11-26,318894
908,Indiana,2020-11-16,256744
909,Indiana,2020-11-15,251597
910,New Jersey,2020-11-22,306007
911,New Jersey,2020-11-13,270383
912,New Jersey,2020-11-12,266986
913,New Jersey,2020-11-06,249380
914,New Jersey,2020-11-19,293744
915,New Jersey,2020-11-11,263495
916,New Jersey,2020-11-27,326473
917,New Jersey,2020-11-23,309588
918,New Jersey,2020-11-18,289562
919,New Jersey,2020-11-14,274736
920,New Jersey,2020-11-17,285519
921,New Jersey,2020-11-07,252582
922,New Jersey,2020-11-03,242825
923,New Jersey,2020-11-09,256653
924,New Jersey,2020-11-28,329553
925,New Jersey,2020-11-20,297370
926,New Jersey,2020-11-08,254595
927,New Jersey,2020-11-04,245257
928,New Jersey,2020-11-10,260430
929,New Jersey,2020-11-21,302039
930,New Jersey,2020-11-05,247219
931,New Jersey,2020-11-24,313863
932,New Jersey,2020-11-25,317905
933,New Jersey,2020-11-26,322378
934,New Jersey,2020-11-16,281493
935,New Jersey,2020-11-15,279274
936,Delaware,2020-11-22,31808
937,Delaware,2020-11-13,28016
938,Delaware,2020-11-12,27546
939,Delaware,2020-11-06,26035
940,Delaware,2020-11-19,30153
941,Delaware,2020-11-11,27342
942,Delaware,2020-11-27,34170
943,Delaware,2020-11-23,32211
944,Delaware,2020-11-18,29755
945,Delaware,2020-11-14,28395
946,Delaware,2020-11-17,29552
947,Delaware,2020-11-07,26258
948,Delaware,2020-11-03,25426
949,Delaware,2020-11-09,26908
950,Delaware,2020-11-28,34670
951,Delaware,2020-11-20,30816
952,Delaware,2020-11-08,26603
953,Delaware,2020-11-04,25534
954,Delaware,2020-11-10,27112
955,Delaware,2020-11-21,31321
956,Delaware,2020-11-05,25753
957,Delaware,2020-11-24,32664
958,Delaware,2020-11-25,32995
959,Delaware,2020-11-26,33579
960,Delaware,2020-11-16,29200
961,Delaware,2020-11-15,28803
962,South Carolina,2020-11-22,206295
963,South Carolina,2020-11-13,192101
964,South Carolina,2020-11-12,190490
965,South Carolina,2020-11-06,182872
966,South Carolina,2020-11-19,201160
967,South Carolina,2020-11-11,188995
968,South Carolina,2020-11-27,213120
969,South Carolina,2020-11-23,207552
970,South Carolina,2020-11-18,199447
971,South Carolina,2020-11-14,194014
972,South Carolina,2020-11-17,197900
973,South Carolina,2020-11-07,184742
974,South Carolina,2020-11-03,179952
975,South Carolina,2020-11-09,186391
976,South Carolina,2020-11-28,214911
977,South Carolina,2020-11-20,203161
978,South Carolina,2020-11-08,185688
979,South Carolina,2020-11-04,180870
980,South Carolina,2020-11-10,187738
981,South Carolina,2020-11-21,205018
982,South Carolina,2020-11-05,181639
983,South Carolina,2020-11-24,209230
984,South Carolina,2020-11-25,210905
985,South Carolina,2020-11-26,210905
986,South Carolina,2020-11-16,196617
987,South Carolina,2020-11-15,195507
988,Wisconsin,2020-11-22,376238
989,Wisconsin,2020-11-13,318023
990,Wisconsin,2020-11-12,309572
991,Wisconsin,2020-11-06,269982
992,Wisconsin,2020-11-19,358113
993,Wisconsin,2020-11-11,301349
994,Wisconsin,2020-11-27,399526
995,Wisconsin,2020-11-23,379693
996,Wisconsin,2020-11-18,350665
997,Wisconsin,2020-11-14,323604
998,Wisconsin,2020-11-17,342155
999,Wisconsin,2020-11-07,277503
1000,Wisconsin,2020-11-03,251031
1001,Wisconsin,2020-11-09,286380
1002,Wisconsin,2020-11-28,404999
1003,Wisconsin,2020-11-20,365190
1004,Wisconsin,2020-11-08,281910
1005,Wisconsin,2020-11-04,257287
1006,Wisconsin,2020-11-10,293812
1007,Wisconsin,2020-11-21,372219
1008,Wisconsin,2020-11-05,263571
1009,Wisconsin,2020-11-24,386441
1010,Wisconsin,2020-11-25,392438
1011,Wisconsin,2020-11-26,398104
1012,Wisconsin,2020-11-16,334562
1013,Wisconsin,2020-11-15,329924
1014,Kentucky,2020-11-22,158100
1015,Kentucky,2020-11-13,132844
1016,Kentucky,2020-11-12,129680
1017,Kentucky,2020-11-06,117505
1018,Kentucky,2020-11-19,148390
1019,Kentucky,2020-11-11,127344
1020,Kentucky,2020-11-27,171755
1021,Kentucky,2020-11-23,160232
1022,Kentucky,2020-11-18,144753
1023,Kentucky,2020-11-14,136137
1024,Kentucky,2020-11-17,142008
1025,Kentucky,2020-11-07,119661
1026,Kentucky,2020-11-03,111379
1027,Kentucky,2020-11-09,122567
1028,Kentucky,2020-11-28,174182
1029,Kentucky,2020-11-20,152206
1030,Kentucky,2020-11-08,120838
1031,Kentucky,2020-11-04,113009
1032,Kentucky,2020-11-10,124646
1033,Kentucky,2020-11-21,155908
1034,Kentucky,2020-11-05,115277
1035,Kentucky,2020-11-24,162838
1036,Kentucky,2020-11-25,166139
1037,Kentucky,2020-11-26,166139
1038,Kentucky,2020-11-16,139097
1039,Kentucky,2020-11-15,137586
1040,New York,2020-11-22,603360
1041,New York,2020-11-13,556344
1042,New York,2020-11-12,550678
1043,New York,2020-11-06,526318
1044,New York,2020-11-19,585635
1045,New York,2020-11-11,545453
1046,New York,2020-11-27,636302
1047,New York,2020-11-23,609797
1048,New York,2020-11-18,579811
1049,New York,2020-11-14,561921
1050,New York,2020-11-17,574935
1051,New York,2020-11-07,530218
1052,New York,2020-11-03,517822
1053,New York,2020-11-09,537243
1054,New York,2020-11-28,643163
1055,New York,2020-11-20,591368
1056,New York,2020-11-08,533797
1057,New York,2020-11-04,519890
1058,New York,2020-11-10,541200
1059,New York,2020-11-21,597680
1060,New York,2020-11-05,523107
1061,New York,2020-11-24,614679
1062,New York,2020-11-25,620712
1063,New York,2020-11-26,628024
1064,New York,2020-11-16,570323
1065,New York,2020-11-15,566113
1066,Illinois,2020-11-22,656298
1067,Illinois,2020-11-13,551957
1068,Illinois,2020-11-12,536542
1069,Illinois,2020-11-06,465540
1070,Illinois,2020-11-19,621383
1071,Illinois,2020-11-11,523840
1072,Illinois,2020-11-27,705063
1073,Illinois,2020-11-23,664620
1074,Illinois,2020-11-18,606771
1075,Illinois,2020-11-14,562985
1076,Illinois,2020-11-17,597849
1077,Illinois,2020-11-07,477978
1078,Illinois,2020-11-03,436265
1079,Illinois,2020-11-09,498560
1080,Illinois,2020-11-28,712936
1081,Illinois,2020-11-20,634395
1082,Illinois,2020-11-08,487987
1083,Illinois,2020-11-04,443803
1084,Illinois,2020-11-10,511183
1085,Illinois,2020-11-21,646286
1086,Illinois,2020-11-05,453738
1087,Illinois,2020-11-24,674089
1088,Illinois,2020-11-25,685467
1089,Illinois,2020-11-26,697489
1090,Illinois,2020-11-16,585248
1091,Illinois,2020-11-15,573616
1092,Florida,2020-11-22,938414
1093,Florida,2020-11-13,870552
1094,Florida,2020-11-12,863619
1095,Florida,2020-11-06,832625
1096,Florida,2020-11-19,914333
1097,Florida,2020-11-11,858012
1098,Florida,2020-11-27,979020
1099,Florida,2020-11-23,944745
1100,Florida,2020-11-18,905248
1101,Florida,2020-11-14,875096
1102,Florida,2020-11-17,897323
1103,Florida,2020-11-07,837077
1104,Florida,2020-11-03,816700
1105,Florida,2020-11-09,847821
1106,Florida,2020-11-28,985297
1107,Florida,2020-11-20,923418
1108,Florida,2020-11-08,843897
1109,Florida,2020-11-04,821123
1110,Florida,2020-11-10,852174
1111,Florida,2020-11-21,931827
1112,Florida,2020-11-05,827380
1113,Florida,2020-11-24,953300
1114,Florida,2020-11-25,961676
1115,Florida,2020-11-26,961676
1116,Florida,2020-11-16,889864
1117,Florida,2020-11-15,885201
1118,Idaho,2020-11-22,91653
1119,Idaho,2020-11-13,79798
1120,Idaho,2020-11-12,78279
1121,Idaho,2020-11-06,70909
1122,Idaho,2020-11-19,87978
1123,Idaho,2020-11-11,77121
1124,Idaho,2020-11-27,98500
1125,Idaho,2020-11-23,93090
1126,Idaho,2020-11-18,86435
1127,Idaho,2020-11-14,81317
1128,Idaho,2020-11-17,85125
1129,Idaho,2020-11-07,72312
1130,Idaho,2020-11-03,67024
1131,Idaho,2020-11-09,74227
1132,Idaho,2020-11-28,99660
1133,Idaho,2020-11-20,89764
1134,Idaho,2020-11-08,72961
1135,Idaho,2020-11-04,68314
1136,Idaho,2020-11-10,75428
1137,Idaho,2020-11-21,90834
1138,Idaho,2020-11-05,69579
1139,Idaho,2020-11-24,94730
1140,Idaho,2020-11-25,96503
1141,Idaho,2020-11-26,96503
1142,Idaho,2020-11-16,83344
1143,Idaho,2020-11-15,82245
1144,Oregon,2020-11-22,65170
1145,Oregon,2020-11-13,54937
1146,Oregon,2020-11-12,53879
1147,Oregon,2020-11-06,48608
1148,Oregon,2020-11-19,60873
1149,Oregon,2020-11-11,52770
1150,Oregon,2020-11-27,70832
1151,Oregon,2020-11-23,66333
1152,Oregon,2020-11-18,59669
1153,Oregon,2020-11-14,56018
1154,Oregon,2020-11-17,58570
1155,Oregon,2020-11-07,49587
1156,Oregon,2020-11-03,46460
1157,Oregon,2020-11-09,51155
1158,Oregon,2020-11-28,72506
1159,Oregon,2020-11-20,62175
1160,Oregon,2020-11-08,50448
1161,Oregon,2020-11-04,47049
1162,Oregon,2020-11-10,51909
1163,Oregon,2020-11-21,63668
1164,Oregon,2020-11-05,47839
1165,Oregon,2020-11-24,67333
1166,Oregon,2020-11-25,68503
1167,Oregon,2020-11-26,68503
1168,Oregon,2020-11-16,57646
1169,Oregon,2020-11-15,56880
1170,West Virginia,2020-11-22,40478
1171,West Virginia,2020-11-13,31639
1172,West Virginia,2020-11-12,30897
1173,West Virginia,2020-11-06,27087
1174,West Virginia,2020-11-19,37399
1175,West Virginia,2020-11-11,30201
1176,West Virginia,2020-11-27,45046
1177,West Virginia,2020-11-23,41114
1178,West Virginia,2020-11-18,36266
1179,West Virginia,2020-11-14,32792
1180,West Virginia,2020-11-17,35324
1181,West Virginia,2020-11-07,27609
1182,West Virginia,2020-11-03,25596
1183,West Virginia,2020-11-09,28805
1184,West Virginia,2020-11-28,45845
1185,West Virginia,2020-11-20,38480
1186,West Virginia,2020-11-08,28404
1187,West Virginia,2020-11-04,25988
1188,West Virginia,2020-11-10,29316
1189,West Virginia,2020-11-21,39598
1190,West Virginia,2020-11-05,26547
1191,West Virginia,2020-11-24,42083
1192,West Virginia,2020-11-25,43050
1193,West Virginia,2020-11-26,44180
1194,West Virginia,2020-11-16,34460
1195,West Virginia,2020-11-15,33659
1196,Nebraska,2020-11-22,114061
1197,Nebraska,2020-11-13,94922
1198,Nebraska,2020-11-12,92553
1199,Nebraska,2020-11-06,80693
1200,Nebraska,2020-11-19,109280
1201,Nebraska,2020-11-11,89942
1202,Nebraska,2020-11-27,124066
1203,Nebraska,2020-11-23,115921
1204,Nebraska,2020-11-18,106617
1205,Nebraska,2020-11-14,96834
1206,Nebraska,2020-11-17,103805
1207,Nebraska,2020-11-07,82395
1208,Nebraska,2020-11-03,74060
1209,Nebraska,2020-11-09,85551
1210,Nebraska,2020-11-28,125323
1211,Nebraska,2020-11-20,111661
1212,Nebraska,2020-11-08,83969
1213,Nebraska,2020-11-04,75888
1214,Nebraska,2020-11-10,87733
1215,Nebraska,2020-11-21,113029
1216,Nebraska,2020-11-05,78012
1217,Nebraska,2020-11-24,115921
1218,Nebraska,2020-11-25,117682
1219,Nebraska,2020-11-26,122952
1220,Nebraska,2020-11-16,101601
1221,Nebraska,2020-11-15,98161
1222,Michigan,2020-11-22,329021
1223,Michigan,2020-11-13,268362
1224,Michigan,2020-11-12,259183
1225,Michigan,2020-11-06,222509
1226,Michigan,2020-11-19,311041
1227,Michigan,2020-11-11,251872
1228,Michigan,2020-11-27,369801
1229,Michigan,2020-11-23,340964
1230,Michigan,2020-11-18,303058
1231,Michigan,2020-11-14,275792
1232,Michigan,2020-11-17,296840
1233,Michigan,2020-11-07,229073
1234,Michigan,2020-11-03,207763
1235,Michigan,2020-11-09,238308
1236,Michigan,2020-11-28,378152
1237,Michigan,2020-11-20,321181
1238,Michigan,2020-11-08,229073
1239,Michigan,2020-11-04,212160
1240,Michigan,2020-11-10,245252
1241,Michigan,2020-11-21,329021
1242,Michigan,2020-11-05,218263
1243,Michigan,2020-11-24,347746
1244,Michigan,2020-11-25,352433
1245,Michigan,2020-11-26,352433
1246,Michigan,2020-11-16,288954
1247,Michigan,2020-11-15,275792
