,state,date,knn,bilstm,mdp,rmdp,cases
0,Missouri,2020-10-14,152042.0,148611.0,149921.0,148656.06418352027,150794
1,Missouri,2020-10-13,149867.0,147052.0,148714.0,147138.8000688073,146359
2,Missouri,2020-10-20,165693.0,158541.0,160866.0,158016.6945452156,161849
3,Missouri,2020-10-09,141440.0,140668.0,142578.0,141168.18228135322,141003
4,Missouri,2020-10-19,163316.0,156823.0,158790.0,156425.4909417191,160437
5,Missouri,2020-10-29,188744.0,174883.0,176845.0,173053.0959260908,177707
6,Missouri,2020-10-22,170563.0,162030.0,163486.0,161230.79475943142,165210
7,Missouri,2020-10-27,183352.0,171097.0,172310.0,169581.19707271614,175130
8,Missouri,2020-11-02,200013.0,182723.0,183096.0,180174.13541208717,191223
9,Missouri,2020-10-11,145544.0,143823.0,146331.0,144153.20508400165,145938
10,Missouri,2020-10-21,168111.0,160277.0,162171.0,159615.09485286713,163275
11,Missouri,2020-11-01,197134.0,180728.0,181184.0,178347.5722434665,188325
12,Missouri,2020-10-08,139433.0,139199.0,140738.0,139700.26429030544,138987
13,Missouri,2020-10-15,154220.0,150191.0,151503.0,150185.1924092375,152662
14,Missouri,2020-10-10,143472.0,142210.0,144442.0,142652.4318247109,145682
15,Missouri,2020-10-26,180714.0,169238.0,170086.0,167873.43948593803,173514
16,Missouri,2020-10-17,158663.0,153452.0,154717.0,153294.18896368847,157108
17,Missouri,2020-10-25,178123.0,167401.0,168310.0,166185.54609549462,171796
18,Missouri,2020-10-31,194296.0,178757.0,179726.0,176563.7171419015,185992
19,Missouri,2020-10-18,160972.0,155127.0,156740.0,154851.3875879652,158955
20,Missouri,2020-10-16,156407.0,151799.0,153102.0,151731.1679796055,154923
21,Missouri,2020-10-23,173049.0,163797.0,164812.0,162863.99388225196,167193
22,Missouri,2020-10-30,191499.0,176809.0,178280.0,174798.96424120467,183129
23,Missouri,2020-10-24,175570.0,165588.0,166552.0,164515.8000168275,169829
24,Missouri,2020-10-12,147705.0,145501.0,147518.0,145637.90905240233,146154
25,Missouri,2020-10-28,186028.0,172979.0,174563.0,171307.67585037375,177319
26,Illinois,2020-10-14,324540.0,326299.0,325870.0,320956.7425748193,330637
27,Illinois,2020-10-13,322773.0,323869.0,323263.0,319074.049665795,327771
28,Illinois,2020-10-20,340384.0,342167.0,341958.0,332461.2617436026,354457
29,Illinois,2020-10-09,314025.0,314403.0,313814.0,311688.8915987002,316546
30,Illinois,2020-10-19,337491.0,339399.0,339222.0,330510.45430392894,350744
31,Illinois,2020-10-29,369360.0,369292.0,367590.0,350538.63795602886,400159
32,Illinois,2020-10-22,345020.0,347845.0,347495.0,336399.13347167545,363740
33,Illinois,2020-10-27,362126.0,362913.0,361733.0,346437.3050715942,387687
34,Illinois,2020-11-02,382282.0,382658.0,379591.0,358899.8522887091,429749
35,Illinois,2020-10-11,318444.0,319085.0,318112.0,315365.96345854364,322178
36,Illinois,2020-10-21,343210.0,344982.0,344715.0,334424.12898409204,358799
37,Illinois,2020-11-01,379320.0,379239.0,376555.0,356783.7480566058,423527
38,Illinois,2020-10-08,311989.0,312131.0,312070.0,309860.17940808163,313429
39,Illinois,2020-10-15,327373.0,328805.0,328498.0,322851.06879841204,334651
40,Illinois,2020-10-10,315726.0,316734.0,315568.0,313528.874853159,319451
41,Illinois,2020-10-26,359499.0,359798.0,358839.0,344400.5947360449,383687
42,Illinois,2020-10-17,332523.0,334000.0,333817.0,326663.1432661673,343386
43,Illinois,2020-10-25,357025.0,356734.0,355969.0,342376.4153177481,378958
44,Illinois,2020-10-31,375528.0,375872.0,373542.0,354680.69295417174,416547
45,Illinois,2020-10-18,334564.0,336677.0,336509.0,328580.9021113196,347631
46,Illinois,2020-10-16,330319.0,331368.0,331147.0,324757.1029875226,339757
47,Illinois,2020-10-23,348032.0,350757.0,350297.0,338379.332147466,368740
48,Illinois,2020-10-30,372477.0,372557.0,370554.0,352603.29966438777,408648
49,Illinois,2020-10-24,351017.0,353719.0,353122.0,340371.73342664604,374901
50,Illinois,2020-10-12,321191.0,321466.0,320678.0,317214.3311004995,324918
51,Illinois,2020-10-28,365875.0,366077.0,364650.0,348486.62689984206,393797
52,Iowa,2020-10-14,102237.0,100554.0,99977.0,99336.8998145627,102904
53,Iowa,2020-10-13,101183.0,99712.0,99177.0,98620.40710461568,101422
54,Iowa,2020-10-20,109785.0,106061.0,104913.0,103744.124437129,109202
55,Iowa,2020-10-09,96365.0,96356.0,96042.0,95782.34608293424,97881
56,Iowa,2020-10-19,108539.0,105110.0,104074.0,102991.75348142213,108060
57,Iowa,2020-10-29,119846.0,115271.0,112777.0,110734.45514801306,122950
58,Iowa,2020-10-22,111531.0,108001.0,106612.0,105256.85717080353,111733
59,Iowa,2020-10-27,116864.0,113120.0,110980.0,109144.3441719294,118563
60,Iowa,2020-11-02,124749.0,119758.0,116459.0,114008.48928406548,132516
61,Iowa,2020-10-11,98858.0,98050.0,97597.0,97194.93041088597,99943
62,Iowa,2020-10-21,110923.0,107024.0,105759.0,104502.35064128903,110250
63,Iowa,2020-11-01,123252.0,118613.0,115527.0,113178.8096661421,130974
64,Iowa,2020-10-08,95787.0,95499.0,95508.0,95069.66370044048,96657
65,Iowa,2020-10-15,103687.0,101424.0,100783.0,100058.94277837158,104056
66,Iowa,2020-10-10,97540.0,97206.0,96816.0,96485.92061260594,99042
67,Iowa,2020-10-26,115962.0,112066.0,110092.0,108351.18215025021,117198
68,Iowa,2020-10-17,106454.0,103240.0,102415.0,101510.87920752405,106698
69,Iowa,2020-10-25,115029.0,111026.0,109211.0,107564.15921900359,116238
70,Iowa,2020-10-31,121820.0,117484.0,114603.0,112355.55870413527,128510
71,Iowa,2020-10-18,107278.0,104170.0,103241.0,102245.18991081143,107334
72,Iowa,2020-10-16,105290.0,102321.0,101596.0,100782.14499332017,105746
73,Iowa,2020-10-23,112388.0,108994.0,107471.0,106017.13317074212,113376
74,Iowa,2020-10-30,120650.0,116370.0,113686.0,111538.68364943043,125722
75,Iowa,2020-10-24,113880.0,110002.0,108338.0,106783.225056252,114836
76,Iowa,2020-10-12,100133.0,98882.0,98384.0,97909.41945133479,100453
77,Iowa,2020-10-28,118376.0,114188.0,111875.0,109936.35836090184,120635
78,Oklahoma,2020-10-14,103223.0,102180.0,101064.0,100088.19821033864,102615
79,Oklahoma,2020-10-13,101697.0,101045.0,99760.0,99093.68538014794,101493
80,Oklahoma,2020-10-20,111935.0,109447.0,107391.0,106237.13742398102,109548
81,Oklahoma,2020-10-09,97031.0,96575.0,95889.0,95176.3918534919,97088
82,Oklahoma,2020-10-19,110567.0,108208.0,106269.0,105194.93437884285,108073
83,Oklahoma,2020-10-29,125472.0,121275.0,118058.0,116107.34628659881,120193
84,Oklahoma,2020-10-22,114991.0,111969.0,109669.0,108355.21447987901,112483
85,Oklahoma,2020-10-27,123068.0,118540.0,115885.0,113836.93442889256,118409
86,Oklahoma,2020-11-02,132706.0,126936.0,123737.0,120788.49111336356,125195
87,Oklahoma,2020-10-11,99127.0,98796.0,97687.0,97132.48687873702,99387
88,Oklahoma,2020-10-21,113183.0,110701.0,108524.0,107290.52125370117,110855
89,Oklahoma,2020-11-01,130820.0,125496.0,122140.0,119591.53115153595,124111
90,Oklahoma,2020-10-08,95521.0,95481.0,95118.0,94196.16154856385,95564
91,Oklahoma,2020-10-15,104659.0,103377.0,102386.0,101093.51281019348,103836
92,Oklahoma,2020-10-10,98521.0,97679.0,96667.0,96167.48326409506,98621
93,Oklahoma,2020-10-26,121082.0,117196.0,114953.0,112710.6514348415,117399
94,Oklahoma,2020-10-17,107578.0,105772.0,104566.0,103127.08536739854,106468
95,Oklahoma,2020-10-25,119198.0,115867.0,114028.0,111596.49692390965,116736
96,Oklahoma,2020-10-31,129296.0,124073.0,120563.0,118407.47093660121,122762
97,Oklahoma,2020-10-18,109217.0,106983.0,105414.0,104155.4356481169,107299
98,Oklahoma,2020-10-16,106222.0,104576.0,103725.0,102109.75483219195,105308
99,Oklahoma,2020-10-23,116720.0,113253.0,111103.0,109424.1467947938,113856
100,Oklahoma,2020-10-30,127384.0,122666.0,119304.0,117251.29421401753,121495
101,Oklahoma,2020-10-24,117547.0,114552.0,112556.0,110504.53028328174,115685
102,Oklahoma,2020-10-12,100316.0,99918.0,98718.0,98107.84827358335,100184
103,Oklahoma,2020-10-28,123700.0,119899.0,116825.0,114975.48848562904,119152
104,Washington,2020-10-14,97151.0,97944.0,98980.0,96932.07366142698,97938
105,Washington,2020-10-13,96639.0,97247.0,98189.0,96398.14482625527,97240
106,Washington,2020-10-20,100661.0,102507.0,103867.0,100202.35858232962,101864
107,Washington,2020-10-09,94287.0,94583.0,95084.0,94289.23967398489,94691
108,Washington,2020-10-19,100002.0,101710.0,103036.0,99650.04042535266,101064
109,Washington,2020-10-29,106004.0,110370.0,111652.0,105321.10521103103,108954
110,Washington,2020-10-22,101863.0,104147.0,105549.0,101317.76656460212,103379
111,Washington,2020-10-27,104825.0,108516.0,109873.0,104160.64393919588,106963
112,Washington,2020-11-02,108425.0,114264.0,115298.0,107679.65707699976,112593
113,Washington,2020-10-11,95530.0,95901.0,96624.0,95339.27042889893,95914
114,Washington,2020-10-21,101305.0,103319.0,104704.0,100758.48430947935,102567
115,Washington,2020-11-01,107848.0,113267.0,114375.0,107084.24048573335,111848
116,Washington,2020-10-08,93844.0,93938.0,94324.0,93768.66894956802,94143
117,Washington,2020-10-15,97721.0,98663.0,99778.0,97469.89274018054,98713
118,Washington,2020-10-10,94876.0,95239.0,95851.0,94812.76776861673,95539
119,Washington,2020-10-26,104293.0,107611.0,108994.0,103585.32521609907,106212
120,Washington,2020-10-17,99020.0,100157.0,101394.0,98554.70412298311,100105
121,Washington,2020-10-25,103624.0,106722.0,108123.0,103013.74672342741,105665
122,Washington,2020-10-31,107297.0,112286.0,113460.0,106493.20748182482,110808
123,Washington,2020-10-18,99477.0,100927.0,102212.0,99100.82820748974,100572
124,Washington,2020-10-16,98403.0,99402.0,100583.0,98010.76365591476,99539
125,Washington,2020-10-23,102385.0,104989.0,106400.0,101880.22367440173,104328
126,Washington,2020-10-30,106693.0,111320.0,112553.0,105905.50208927202,109932
127,Washington,2020-10-24,102979.0,105848.0,107258.0,102445.38569688356,105069
128,Washington,2020-10-12,96135.0,96569.0,97403.0,95867.21614349763,96521
129,Washington,2020-10-28,105354.0,109435.0,110759.0,104739.23093953692,107843
130,Pennsylvania,2020-10-14,178893.0,180533.0,187199.0,178588.30068196636,180935
131,Pennsylvania,2020-10-13,177829.0,179122.0,184783.0,177508.50438534474,179651
132,Pennsylvania,2020-10-20,185257.0,189384.0,197928.0,185199.63177209097,189970
133,Pennsylvania,2020-10-09,173620.0,173914.0,176303.0,173256.46148291414,174329
134,Pennsylvania,2020-10-19,184190.0,187840.0,195861.0,184080.24141117,188381
135,Pennsylvania,2020-10-29,195145.0,204512.0,217589.0,195574.62375247883,208087
136,Pennsylvania,2020-10-22,187413.0,192554.0,203138.0,187457.78221019942,193401
137,Pennsylvania,2020-10-27,192905.0,200958.0,213068.0,193218.92975237346,203520
138,Pennsylvania,2020-11-02,199704.0,211958.0,228071.0,200376.3468508906,217243
139,Pennsylvania,2020-10-11,175712.0,176459.0,180044.0,175368.96497308768,176781
140,Pennsylvania,2020-10-21,186332.0,190955.0,200516.0,186325.19074471967,191333
141,Pennsylvania,2020-11-01,198554.0,210054.0,226236.0,199165.02603359608,214416
142,Pennsylvania,2020-10-08,172571.0,172657.0,174462.0,172210.03523868008,172948
143,Pennsylvania,2020-10-15,179944.0,181934.0,188718.0,179672.83140674233,182486
144,Pennsylvania,2020-10-10,174658.0,175171.0,178164.0,174309.42411200862,175797
145,Pennsylvania,2020-10-26,191794.0,199222.0,210843.0,192052.04262842546,201248
146,Pennsylvania,2020-10-17,182067.0,184833.0,191792.0,181862.24869244944,185668
147,Pennsylvania,2020-10-25,190690.0,197514.0,209146.0,190893.34979087304,198713
148,Pennsylvania,2020-10-31,197411.0,208178.0,223316.0,197960.7682197518,212791
149,Pennsylvania,2020-10-18,183126.0,186324.0,193816.0,182967.79508494417,186754
150,Pennsylvania,2020-10-16,180998.0,183369.0,190248.0,180764.13296749146,184165
151,Pennsylvania,2020-10-23,188499.0,194180.0,205794.0,188597.45120652008,195655
152,Pennsylvania,2020-10-30,196275.0,206331.0,220434.0,196763.98328492572,210586
153,Pennsylvania,2020-10-24,189592.0,195834.0,207463.0,189741.8344965045,197370
154,Pennsylvania,2020-10-12,176782.0,177779.0,182398.0,176435.40665912925,177819
155,Pennsylvania,2020-10-28,194022.0,202721.0,215316.0,194393.1078905814,205852
156,Virginia,2020-10-14,160357.0,161583.0,157109.0,158058.880517336,161610
157,Virginia,2020-10-13,159380.0,160457.0,156740.0,157346.70425495424,160805
158,Virginia,2020-10-20,166309.0,168921.0,160224.0,162413.5460057743,167754
159,Virginia,2020-10-09,155569.0,156157.0,154416.0,154522.81324876117,156649
160,Virginia,2020-10-19,165303.0,167631.0,159848.0,161677.41919701395,166828
161,Virginia,2020-10-29,175639.0,181670.0,164862.0,169192.89748368584,178183
162,Virginia,2020-10-22,168344.0,171577.0,160980.0,163896.6408280852,170104
163,Virginia,2020-10-27,173523.0,178658.0,163787.0,167659.310778631,175409
164,Virginia,2020-11-02,179944.0,187999.0,167035.0,172305.62477442637,183418
165,Virginia,2020-10-11,157427.0,158248.0,155430.0,155923.80068823934,158716
166,Virginia,2020-10-21,167320.0,170236.0,160601.0,163153.2802578002,168772
167,Virginia,2020-11-01,178858.0,186378.0,166642.0,171524.2131685242,182392
168,Virginia,2020-10-08,154636.0,155140.0,154053.0,153831.4113896046,155535
169,Virginia,2020-10-15,161328.0,162726.0,157478.0,158774.523814867,162941
170,Virginia,2020-10-10,156498.0,157190.0,154779.0,155217.55605504935,157905
171,Virginia,2020-10-26,172475.0,177190.0,163402.0,166900.5697577711,174275
172,Virginia,2020-10-17,163312.0,165123.0,158513.0,160218.02353101622,165238
173,Virginia,2020-10-25,171434.0,175748.0,163018.0,166145.51882392986,173371
174,Virginia,2020-10-31,177778.0,184783.0,166251.0,170746.6096452737,181190
175,Virginia,2020-10-18,164305.0,166365.0,159179.0,160945.93969184358,166138
176,Virginia,2020-10-16,162316.0,163906.0,157849.0,159493.65216427174,164124
177,Virginia,2020-10-23,169368.0,172942.0,161656.0,164642.60246777473,171284
178,Virginia,2020-10-30,176705.0,183213.0,165555.0,169967.8402847797,179639
179,Virginia,2020-10-24,170400.0,174332.0,162336.0,165392.22207151557,172372
180,Virginia,2020-10-12,158392.0,159344.0,156083.0,156633.51069459046,159570
181,Virginia,2020-10-28,174577.0,180151.0,164172.0,168421.76114381352,176754
182,Delaware,2020-10-14,22483.0,22755.0,22030.0,22246.661142858287,22465
183,Delaware,2020-10-13,22340.0,22587.0,21978.0,22132.340307623203,22394
184,Delaware,2020-10-20,23336.0,23854.0,22467.0,22944.232249792778,23325
185,Delaware,2020-10-09,21846.0,21931.0,21652.0,21682.261607353117,21827
186,Delaware,2020-10-19,23151.0,23662.0,22414.0,22826.339628077392,23196
187,Delaware,2020-10-29,24675.0,25737.0,23117.0,24034.036630567407,24553
188,Delaware,2020-10-22,23562.0,24248.0,22572.0,23181.942018047193,23528
189,Delaware,2020-10-27,24343.0,25294.0,22966.0,23787.398484554313,24249
190,Delaware,2020-11-02,25136.0,26666.0,23421.0,24535.69989459066,25311
191,Delaware,2020-10-11,22109.0,22254.0,21794.0,21906.48614672989,22130
192,Delaware,2020-10-21,23428.0,24050.0,22519.0,23062.765170167757,23375
193,Delaware,2020-11-01,24992.0,26428.0,23366.0,24408.99674428148,25126
194,Delaware,2020-10-08,21680.0,21773.0,21601.0,21570.662124276205,21682
195,Delaware,2020-10-15,22600.0,22928.0,22081.0,22361.602999164275,22560
196,Delaware,2020-10-10,21961.0,22090.0,21703.0,21794.468545611497,21998
197,Delaware,2020-10-26,24164.0,25078.0,22912.0,23664.892758931623,24168
198,Delaware,2020-10-17,22887.0,23288.0,22226.0,22592.93176675285,22942
199,Delaware,2020-10-25,24044.0,24865.0,22858.0,23543.049981753815,23961
200,Delaware,2020-10-31,24887.0,26194.0,23312.0,24282.980944728708,24951
201,Delaware,2020-10-18,23023.0,23474.0,22320.0,22709.320666768082,23093
202,Delaware,2020-10-16,22790.0,23105.0,22133.0,22477.169396080913,22724
203,Delaware,2020-10-23,23718.0,24451.0,22667.0,23301.660582731052,23687
204,Delaware,2020-10-30,24782.0,25964.0,23214.0,24158.17204373495,24751
205,Delaware,2020-10-24,23832.0,24656.0,22763.0,23422.028680788786,23847
206,Delaware,2020-10-12,22234.0,22419.0,21886.0,22019.10893199181,22289
207,Delaware,2020-10-28,24444.0,25514.0,23020.0,23910.570922007908,24392
208,Massachusetts,2020-10-14,140788.0,142782.0,139527.0,139801.10579784354,140992
209,Massachusetts,2020-10-13,140139.0,141858.0,139199.0,139246.50118197224,140412
210,Massachusetts,2020-10-20,144470.0,148904.0,142294.0,143180.62649110358,145464
211,Massachusetts,2020-10-09,137632.0,138366.0,137136.0,137051.42859983997,137701
212,Massachusetts,2020-10-19,143868.0,147823.0,141960.0,142611.56464971646,144488
213,Massachusetts,2020-10-29,150235.0,159677.0,146413.0,148415.78033155127,155564
214,Massachusetts,2020-10-22,145712.0,151134.0,142965.0,144326.10306685645,147215
215,Massachusetts,2020-10-27,148943.0,157121.0,145458.0,147234.78440161303,153037
216,Massachusetts,2020-11-02,152846.0,165065.0,148343.0,150808.49735859255,160549
217,Massachusetts,2020-10-11,138841.0,140076.0,138037.0,138143.437942834,138903
218,Massachusetts,2020-10-21,145086.0,150008.0,142629.0,143752.13557230058,146166
219,Massachusetts,2020-11-01,152168.0,163683.0,147994.0,150206.72227654103,159707
220,Massachusetts,2020-10-08,137073.0,137544.0,136814.0,136509.72820309878,136936
221,Massachusetts,2020-10-15,141385.0,143732.0,139856.0,140358.09170406286,141579
222,Massachusetts,2020-10-10,138207.0,139209.0,137459.0,137595.44498526579,138340
223,Massachusetts,2020-10-26,148255.0,155877.0,145116.0,146648.34950608257,151777
224,Massachusetts,2020-10-17,142643.0,145728.0,140774.0,141479.74357724458,142930
225,Massachusetts,2020-10-25,147623.0,154656.0,144775.0,146064.42971974573,150565
226,Massachusetts,2020-10-31,151515.0,162325.0,147647.0,149607.53215125194,158576
227,Massachusetts,2020-10-18,143270.0,146764.0,141366.0,142044.43818100455,143660
228,Massachusetts,2020-10-16,141988.0,144714.0,140185.0,140917.46975831946,142346
229,Massachusetts,2020-10-23,146382.0,152285.0,143566.0,144903.053531858,148285
230,Massachusetts,2020-10-30,150869.0,160989.0,147029.0,149010.3718348297,157146
231,Massachusetts,2020-10-24,147002.0,153458.0,144169.0,145482.4919484226,149488
232,Massachusetts,2020-10-12,139489.0,140958.0,138617.0,138693.7864195503,139663
233,Massachusetts,2020-10-28,149605.0,158387.0,145800.0,147823.74590532476,154218
234,Colorado,2020-10-14,79034.0,79482.0,81589.0,78912.10558292037,80777
235,Colorado,2020-10-13,78449.0,78792.0,80536.0,78312.51994569068,80085
236,Colorado,2020-10-20,82674.0,83895.0,86265.0,82590.94170879082,87582
237,Colorado,2020-10-09,76062.0,76102.0,76840.0,75956.27816878963,76619
238,Colorado,2020-10-19,82062.0,83132.0,85364.0,81963.71045470674,86374
239,Colorado,2020-10-29,88378.0,91276.0,94834.0,88432.09154658308,102014
240,Colorado,2020-10-22,83913.0,85454.0,88536.0,83849.94234102928,90222
241,Colorado,2020-10-27,87080.0,89554.0,92864.0,87101.17143637358,98733
242,Colorado,2020-11-02,91032.0,94865.0,99403.0,91169.06367274091,112147
243,Colorado,2020-10-11,77248.0,77435.0,78471.0,77127.30492217472,78461
244,Colorado,2020-10-21,83292.0,84669.0,87393.0,83218.00368387047,88849
245,Colorado,2020-11-01,90361.0,93950.0,98603.0,90479.7399968374,109910
246,Colorado,2020-10-08,75488.0,75451.0,76038.0,75377.58381424256,75785
247,Colorado,2020-10-15,79626.0,80186.0,82251.0,79511.34788059456,81918
248,Colorado,2020-10-10,76643.0,76762.0,77651.0,76539.50646553552,77642
249,Colorado,2020-10-26,86437.0,88710.0,91894.0,86443.42238353718,97300
250,Colorado,2020-10-17,80850.0,81638.0,83591.0,80723.85662328426,84369
251,Colorado,2020-10-25,85800.0,87878.0,91155.0,85786.10415488397,95089
252,Colorado,2020-10-31,89695.0,93046.0,97331.0,89791.84524352445,107350
253,Colorado,2020-10-18,81454.0,82380.0,84473.0,81341.36172932589,85302
254,Colorado,2020-10-16,80238.0,80908.0,82918.0,80115.25252489252,83230
255,Colorado,2020-10-23,84538.0,86250.0,89694.0,84486.79646954201,91572
256,Colorado,2020-10-30,89034.0,92155.0,96074.0,89109.3100072728,104426
257,Colorado,2020-10-24,85167.0,87058.0,90421.0,85133.90914302292,93400
258,Colorado,2020-10-12,77853.0,78111.0,79497.0,77717.59876469531,79037
259,Colorado,2020-10-28,87727.0,90409.0,93844.0,87764.0475324042,100208
260,Vermont,2020-10-14,1885.0,1929.0,1931.0,1900.587109711021,1889
261,Vermont,2020-10-13,1878.0,1914.0,1916.0,1889.7182731349312,1886
262,Vermont,2020-10-20,1939.0,2024.0,2027.0,1967.1394782657849,1956
263,Vermont,2020-10-09,1846.0,1858.0,1855.0,1846.6669325921766,1846
264,Vermont,2020-10-19,1933.0,2007.0,2010.0,1955.8652486899725,1946
265,Vermont,2020-10-29,2009.0,2186.0,2178.0,2071.6107387597617,2141
266,Vermont,2020-10-22,1947.0,2058.0,2059.0,1989.8555272768617,1987
267,Vermont,2020-10-27,1990.0,2148.0,2144.0,2047.9427384540472,2113
268,Vermont,2020-11-02,2042.0,2266.0,2250.0,2119.9518188427146,2219
269,Vermont,2020-10-11,1859.0,1885.0,1885.0,1868.1001965528549,1868
270,Vermont,2020-10-21,1944.0,2041.0,2043.0,1978.4828752203086,1971
271,Vermont,2020-11-01,2028.0,2245.0,2232.0,2107.7445706646886,2196
272,Vermont,2020-10-08,1841.0,1845.0,1845.0,1835.934247666021,1838
273,Vermont,2020-10-15,1895.0,1945.0,1947.0,1911.5225126387036,1903
274,Vermont,2020-10-10,1851.0,1871.0,1870.0,1857.3507878585829,1857
275,Vermont,2020-10-26,1984.0,2129.0,2127.0,2036.1599454985258,2083
276,Vermont,2020-10-17,1914.0,1975.0,1978.0,1933.546596964531,1926
277,Vermont,2020-10-25,1982.0,2111.0,2110.0,2024.449188840234,2073
278,Vermont,2020-10-31,2020.0,2225.0,2214.0,2095.6120083010956,2179
279,Vermont,2020-10-18,1919.0,1991.0,1994.0,1944.6597451785133,1937
280,Vermont,2020-10-16,1903.0,1960.0,1963.0,1922.5009959130268,1915
281,Vermont,2020-10-23,1967.0,2075.0,2076.0,2001.2977563470597,2016
282,Vermont,2020-10-30,2013.0,2205.0,2196.0,2083.553653837507,2155
283,Vermont,2020-10-24,1971.0,2093.0,2093.0,2012.8100079446272,2043
284,Vermont,2020-10-12,1863.0,1899.0,1900.0,1878.9155788118153,1876
285,Vermont,2020-10-28,1998.0,2167.0,2161.0,2059.740588174032,2120
286,Wisconsin,2020-10-14,157531.0,156102.0,150063.0,153811.07773290822,158578
287,Wisconsin,2020-10-13,155831.0,153630.0,148803.0,151403.0101304026,155471
288,Wisconsin,2020-10-20,175586.0,171906.0,158761.0,169036.85561104497,187828
289,Wisconsin,2020-10-09,143742.0,143695.0,143044.0,142136.37157417368,144818
290,Wisconsin,2020-10-19,172104.0,169197.0,157428.0,166403.56468721744,183142
291,Wisconsin,2020-10-29,212158.0,197680.0,172928.0,194554.7143844456,226704
292,Wisconsin,2020-10-22,182993.0,177407.0,161771.0,174416.21183035162,195823
293,Wisconsin,2020-10-27,203198.0,191724.0,169386.0,188581.71709812156,217429
294,Wisconsin,2020-11-02,229179.0,209994.0,179204.0,207148.76517855638,244927
295,Wisconsin,2020-10-11,148747.0,148672.0,146034.0,146697.12103290952,150236
296,Wisconsin,2020-10-21,180115.0,174643.0,160106.0,171714.65547413845,192191
297,Wisconsin,2020-11-01,224156.0,206864.0,177699.0,203917.68154043102,241422
298,Wisconsin,2020-10-08,141124.0,141222.0,141185.0,139878.1961683213,141830
299,Wisconsin,2020-10-15,160509.0,158629.0,151335.0,156259.75726012333,162325
300,Wisconsin,2020-10-10,145617.0,146177.0,144531.0,144397.84790630112,147560
301,Wisconsin,2020-10-26,199259.0,188794.0,167963.0,185658.4113370014,211928
302,Wisconsin,2020-10-17,167254.0,163854.0,154499.0,161253.80431082242,166186
303,Wisconsin,2020-10-25,195155.0,185896.0,166552.0,182783.54579324936,208917
304,Wisconsin,2020-10-31,221399.0,203769.0,176206.0,200740.69694411688,237869
305,Wisconsin,2020-10-18,169133.0,166512.0,156105.0,163814.00573066797,166186
306,Wisconsin,2020-10-16,163934.0,161219.0,152908.0,158735.9658808679,166186
307,Wisconsin,2020-10-23,186092.0,180203.0,163454.0,177163.1520818438,200466
308,Wisconsin,2020-10-30,217277.0,200708.0,174726.0,197616.85897860452,232061
309,Wisconsin,2020-10-24,190241.0,183032.0,165153.0,179956.27726423394,205139
310,Wisconsin,2020-10-12,152583.0,151152.0,147553.0,149034.84912736094,152192
311,Wisconsin,2020-10-28,207552.0,194686.0,171148.0,191543.29433665797,221559
312,South Dakota,2020-10-14,28710.0,28124.0,29896.0,28410.00997261767,30215
313,South Dakota,2020-10-13,28333.0,27722.0,29390.0,27915.992611954454,29339
314,South Dakota,2020-10-20,31243.0,30693.0,33916.0,31547.384617031385,34457
315,South Dakota,2020-10-09,26630.0,26083.0,26806.0,26030.6401422622,27215
316,South Dakota,2020-10-19,30823.0,30252.0,33343.0,31001.615919694297,33836
317,South Dakota,2020-10-29,35020.0,34877.0,40821.0,36938.218238829555,43000
318,South Dakota,2020-10-22,32165.0,31586.0,35094.0,32671.210712927812,36017
319,South Dakota,2020-10-27,34235.0,33910.0,39139.0,35662.0654867316,40730
320,South Dakota,2020-11-02,36553.0,36873.0,44403.0,39648.61587235272,47850
321,South Dakota,2020-10-11,27460.0,26919.0,27957.0,26960.20204507017,28564
322,South Dakota,2020-10-21,31693.0,31138.0,34500.0,32103.84081121918,35044
323,South Dakota,2020-11-01,36173.0,36366.0,43651.0,38944.709758142984,47324
324,South Dakota,2020-10-08,26286.0,25673.0,26352.0,25574.34073690314,26441
325,South Dakota,2020-10-15,29060.0,28529.0,30410.0,28913.77101518084,31012
326,South Dakota,2020-10-10,26999.0,26501.0,27267.0,26495.74123983613,27947
327,South Dakota,2020-10-26,33794.0,33435.0,38477.0,35037.67660500589,39741
328,South Dakota,2020-10-17,30043.0,29380.0,31717.0,29942.131015965133,32611
329,South Dakota,2020-10-25,33343.0,32964.0,37826.0,34425.46179736412,39203
330,South Dakota,2020-10-31,35776.0,35864.0,42913.0,38254.715744431895,45992
331,South Dakota,2020-10-18,30460.0,29814.0,32519.0,30466.771392851322,33269
332,South Dakota,2020-10-16,29582.0,28950.0,30934.0,29427.484412424365,31805
333,South Dakota,2020-10-23,32564.0,32040.0,35982.0,33244.604894198215,37202
334,South Dakota,2020-10-30,35385.0,35368.0,41854.0,37590.071012222055,44559
335,South Dakota,2020-10-24,32945.0,32499.0,36893.0,33829.27457446032,38141
336,South Dakota,2020-10-12,27898.0,27319.0,28665.0,27433.558603199304,28925
337,South Dakota,2020-10-28,34662.0,34391.0,39813.0,36298.89122155287,42000
338,North Carolina,2020-10-14,233667.0,235697.0,235113.0,231973.4318929091,236407
339,North Carolina,2020-10-13,231868.0,233789.0,233232.0,230516.54354705187,234481
340,North Carolina,2020-10-20,243838.0,248014.0,246720.0,240885.9542048502,248750
341,North Carolina,2020-10-09,225083.0,226313.0,225859.0,224744.4510986277,227431
342,North Carolina,2020-10-19,241909.0,245874.0,244747.0,239371.6041195855,247172
343,North Carolina,2020-10-29,257684.0,268807.0,265214.0,254911.1015407134,269021
344,North Carolina,2020-10-22,246259.0,252392.0,250715.0,243933.25609739803,252992
345,North Carolina,2020-10-27,254594.0,263939.0,260988.0,251728.73226991712,263883
346,North Carolina,2020-11-02,264354.0,278976.0,273872.0,261427.24803082633,278028
347,North Carolina,2020-10-11,228768.0,230005.0,229516.0,227618.04377060433,231471
348,North Carolina,2020-10-21,244846.0,250187.0,248710.0,242410.2987344848,250592
349,North Carolina,2020-11-01,263267.0,276379.0,271682.0,259780.02519675103,276692
350,North Carolina,2020-10-08,223846.0,224575.0,224604.0,223291.39614169273,225397
351,North Carolina,2020-10-15,235633.0,237682.0,237009.0,233439.9359850696,238939
352,North Carolina,2020-10-10,227419.0,228115.0,227680.0,226176.48100890717,229752
353,North Carolina,2020-10-26,252633.0,261559.0,258900.0,250145.1801063019,261742
354,North Carolina,2020-10-17,238668.0,241701.0,240847.0,236381.79101073457,243725
355,North Carolina,2020-10-25,251183.0,259215.0,256829.0,248572.0187804914,260099
356,North Carolina,2020-10-31,261183.0,273819.0,269508.0,258143.62746913545,274635
357,North Carolina,2020-10-18,240046.0,243770.0,242789.0,237867.1804000033,246028
358,North Carolina,2020-10-16,237686.0,239670.0,238920.0,234906.06461255712,241623
359,North Carolina,2020-10-23,248170.0,254631.0,252737.0,245466.19302786898,255708
360,North Carolina,2020-10-30,259172.0,271295.0,267353.0,256517.980921661,271830
361,North Carolina,2020-10-24,250150.0,256905.0,254775.0,247009.17743364174,258292
362,North Carolina,2020-10-12,230537.0,231887.0,231367.0,229069.2054027422,232747
363,North Carolina,2020-10-28,256624.0,266355.0,263093.0,253314.7089897268,266136
364,Wyoming,2020-10-14,7874.0,7941.0,8023.0,7853.528738393005,8177
365,Wyoming,2020-10-13,7728.0,7788.0,7888.0,7698.207080011227,7964
366,Wyoming,2020-10-20,8749.0,8902.0,9102.0,8850.084318555166,9526
367,Wyoming,2020-10-09,7166.0,7191.0,7194.0,7111.966577620643,7335
368,Wyoming,2020-10-19,8599.0,8736.0,8948.0,8675.890423272822,9311
369,Wyoming,2020-10-29,10111.0,10485.0,11042.0,10579.296653880543,12507
370,Wyoming,2020-10-22,9053.0,9239.0,9493.0,9208.485945142516,10119
371,Wyoming,2020-10-27,9806.0,10118.0,10504.0,10170.10694208723,11806
372,Wyoming,2020-11-02,10691.0,11245.0,11916.0,11459.243335830055,14167
373,Wyoming,2020-10-11,7445.0,7486.0,7563.0,7398.425374155392,7611
374,Wyoming,2020-10-21,8901.0,9069.0,9259.0,9027.955488728909,9848
375,Wyoming,2020-11-01,10551.0,11052.0,11715.0,11231.517528479597,13723
376,Wyoming,2020-10-08,7029.0,7049.0,7072.0,6971.898216931889,7092
377,Wyoming,2020-10-15,8015.0,8096.0,8161.0,8012.127125654073,8375
378,Wyoming,2020-10-10,7305.0,7337.0,7376.0,7253.7378050275975,7455
379,Wyoming,2020-10-26,9652.0,9938.0,10326.0,9969.619749552043,11477
380,Wyoming,2020-10-17,8307.0,8412.0,8580.0,8337.44328106657,8816
381,Wyoming,2020-10-25,9501.0,9760.0,10151.0,9773.300003152925,11041
382,Wyoming,2020-10-31,10406.0,10860.0,11516.0,11008.595977976469,13298
383,Wyoming,2020-10-18,8452.0,8573.0,8797.0,8505.293821238813,9025
384,Wyoming,2020-10-16,8160.0,8253.0,8368.0,8173.079941322601,8665
385,Wyoming,2020-10-23,9207.0,9410.0,9733.0,9392.824649838429,10545
386,Wyoming,2020-10-30,10259.0,10671.0,11322.0,10790.371313892374,13028
387,Wyoming,2020-10-24,9354.0,9584.0,9980.0,9581.05650422416,10805
388,Wyoming,2020-10-12,7583.0,7636.0,7754.0,7546.091251789464,7802
389,Wyoming,2020-10-28,9960.0,10300.0,10770.0,10372.573321229282,12146
390,Alabama,2020-10-14,169364.0,169842.0,170195.0,166922.96077588908,168620
391,Alabama,2020-10-13,167941.0,168616.0,168834.0,166036.17254626192,167396
392,Alabama,2020-10-20,177881.0,177903.0,178598.0,172349.43461570932,175210
393,Alabama,2020-10-09,162993.0,163892.0,163496.0,162540.04133822286,163897
394,Alabama,2020-10-19,176205.0,176497.0,177169.0,171429.72139899526,174078
395,Alabama,2020-10-29,188758.0,191728.0,191985.0,180834.02686648798,190113
396,Alabama,2020-10-22,180028.0,180789.0,181490.0,174198.2699117088,180437
397,Alabama,2020-10-27,186021.0,188471.0,188926.0,178912.11696985285,187267
398,Alabama,2020-11-02,194672.0,198561.0,198253.0,184745.64564681967,195692
399,Alabama,2020-10-11,165191.0,166231.0,166144.0,164278.03968582104,165414
400,Alabama,2020-10-21,178951.0,179333.0,180038.0,173274.3309199934,176605
401,Alabama,2020-11-01,192875.0,196813.0,196667.0,183759.271227788,194458
402,Alabama,2020-10-08,162149.0,162733.0,162588.0,161673.21044047296,162683
403,Alabama,2020-10-15,170837.0,171114.0,171568.0,167814.7249631282,169845
404,Alabama,2020-10-10,164126.0,165057.0,164815.0,163406.61920045785,164698
405,Alabama,2020-10-26,185040.0,186882.0,187415.0,177956.62131915335,185938
406,Alabama,2020-10-17,173503.0,173758.0,174346.0,169609.9906996743,172137
407,Alabama,2020-10-25,183900.0,185319.0,185915.0,177006.4841679805,184723
408,Alabama,2020-10-31,191685.0,195091.0,195094.0,182778.4281010134,193613
409,Alabama,2020-10-18,175215.0,175116.0,175752.0,170515.16077008148,173002
410,Alabama,2020-10-16,172436.0,172423.0,172951.0,168709.85519547726,171157
411,Alabama,2020-10-23,181294.0,182271.0,182953.0,175127.3741743651,182567
412,Alabama,2020-10-30,190557.0,193396.0,193533.0,181803.08366250296,191932
413,Alabama,2020-10-24,182401.0,183781.0,184428.0,176061.67394671196,183831
414,Alabama,2020-10-12,166438.0,167427.0,167483.0,165154.33110835176,166514
415,Alabama,2020-10-28,187713.0,190087.0,190449.0,179870.38184222314,188775
416,Kentucky,2020-10-14,83116.0,81734.0,82256.0,81335.0174848406,83013
417,Kentucky,2020-10-13,81646.0,80780.0,81565.0,80395.3887430862,81691
418,Kentucky,2020-10-20,89581.0,87837.0,87024.0,87168.33290016591,89544
419,Kentucky,2020-10-09,77818.0,76951.0,78408.0,76718.45847444894,78456
420,Kentucky,2020-10-19,88440.0,86792.0,86293.0,86182.86741473261,88247
421,Kentucky,2020-10-29,104581.0,97781.0,94789.0,96597.8091373753,103305
422,Kentucky,2020-10-22,91823.0,89960.0,88674.0,89175.80228478806,92299
423,Kentucky,2020-10-27,101247.0,95483.0,92848.0,94421.25969409462,99637
424,Kentucky,2020-11-02,109867.0,102533.0,98229.0,101114.21861944864,109670
425,Kentucky,2020-10-11,80354.0,78856.0,80048.0,78539.63338205936,80292
426,Kentucky,2020-10-21,90198.0,88893.0,87761.0,88165.89075877846,90996
427,Kentucky,2020-11-01,108258.0,101325.0,97404.0,99964.20157954979,108642
428,Kentucky,2020-10-08,77158.0,76003.0,77389.0,75795.61275926406,77455
429,Kentucky,2020-10-15,84293.0,82713.0,82953.0,82286.32019245901,84195
430,Kentucky,2020-10-10,79219.0,77903.0,79224.0,77623.40779545701,79445
431,Kentucky,2020-10-26,99716.0,94353.0,92068.0,93345.38188716056,97866
432,Kentucky,2020-10-17,85648.0,84734.0,84687.0,84222.88099884528,86797
433,Kentucky,2020-10-25,97861.0,93236.0,91294.0,92282.72372109392,96942
434,Kentucky,2020-10-31,108258.0,100130.0,96586.0,98828.28304953591,107219
435,Kentucky,2020-10-18,87191.0,85757.0,85568.0,85209.3387304698,87607
436,Kentucky,2020-10-16,84921.0,83722.0,83816.0,83248.5944256902,85506
437,Kentucky,2020-10-23,93138.0,91039.0,89596.0,90198.15510698454,93748
438,Kentucky,2020-10-30,106183.0,98949.0,95775.0,97706.2791964288,105242
439,Kentucky,2020-10-24,94804.0,92131.0,90528.0,91233.11214631294,95480
440,Kentucky,2020-10-12,80953.0,79817.0,80880.0,79467.2828834499,80930
441,Kentucky,2020-10-28,102979.0,96626.0,93813.0,95502.8610115448,101494
442,Tennessee,2020-10-14,219901.0,219566.0,225924.0,218292.02667834584,220538
443,Tennessee,2020-10-13,217958.0,217626.0,224106.0,216634.61461221203,218829
444,Tennessee,2020-10-20,230177.0,231634.0,242419.0,228478.7643754987,233569
445,Tennessee,2020-10-09,210866.0,210344.0,214859.0,210074.1002323559,211003
446,Tennessee,2020-10-19,228320.0,229545.0,239290.0,226748.23062130253,232061
447,Tennessee,2020-10-29,247195.0,251873.0,266499.0,244567.85840275546,256880
448,Tennessee,2020-10-22,233853.0,235910.0,246367.0,231951.1186133131,237907
449,Tennessee,2020-10-27,243445.0,247150.0,259664.0,240904.0779778988,251774
450,Tennessee,2020-11-02,255147.0,261722.0,275918.0,252078.77127715474,264587
451,Tennessee,2020-10-11,214336.0,213897.0,220514.0,213359.1784109428,214717
452,Tennessee,2020-10-21,232033.0,233756.0,244385.0,230208.1188766676,235861
453,Tennessee,2020-11-01,253067.0,259209.0,273036.0,250173.80034622687,261426
454,Tennessee,2020-10-08,209214.0,208642.0,212086.0,208451.51577733134,209447
455,Tennessee,2020-10-15,221420.0,221531.0,228308.0,219957.46739470478,222827
456,Tennessee,2020-10-10,212575.0,212105.0,217668.0,211709.94938027978,212649
457,Tennessee,2020-10-26,241531.0,244839.0,256312.0,239093.72087189785,249866
458,Tennessee,2020-10-17,224818.0,225470.0,233153.0,223328.28205757134,226139
459,Tennessee,2020-10-25,239570.0,242560.0,253636.0,237284.1377957508,247587
460,Tennessee,2020-10-31,251093.0,256730.0,270840.0,248290.3708541729,260672
461,Tennessee,2020-10-18,226487.0,227489.0,236201.0,225031.4414723459,228744
462,Tennessee,2020-10-16,223142.0,223485.0,230718.0,221636.1823438999,223493
463,Tennessee,2020-10-23,235815.0,238096.0,248366.0,233707.87559237858,241513
464,Tennessee,2020-10-30,249128.0,254285.0,268660.0,246421.76413372433,259488
465,Tennessee,2020-10-24,237722.0,240313.0,250987.0,235488.8957298837,244087
466,Tennessee,2020-10-12,216120.0,215733.0,222303.0,214990.36844809385,217682
467,Tennessee,2020-10-28,245259.0,249495.0,263059.0,242728.7511476683,254220
468,Louisiana,2020-10-14,178115.0,178145.0,182479.0,,176209
469,Louisiana,2020-10-13,177034.0,177076.0,181019.0,,175329
470,Louisiana,2020-10-20,181868.0,185295.0,191487.0,,179769
471,Louisiana,2020-10-09,173464.0,173157.0,175296.0,,173406
472,Louisiana,2020-10-19,181090.0,184024.0,189956.0,,179070
473,Louisiana,2020-10-29,189221.0,198113.0,205841.0,,186216
474,Louisiana,2020-10-22,183396.0,187931.0,194588.0,,181904
475,Louisiana,2020-10-27,186155.0,195055.0,202561.0,,184724
476,Louisiana,2020-11-02,190381.0,204580.0,212561.0,,187995
477,Louisiana,2020-10-11,174823.0,175062.0,178135.0,,174587
478,Louisiana,2020-10-21,182508.0,186598.0,193032.0,,181132
479,Louisiana,2020-11-01,189786.0,202919.0,210861.0,,187720
480,Louisiana,2020-10-08,173464.0,172241.0,173894.0,,173149
481,Louisiana,2020-10-15,178647.0,179240.0,183950.0,,176952
482,Louisiana,2020-10-10,174209.0,174097.0,176710.0,,173406
483,Louisiana,2020-10-26,185544.0,193570.0,200941.0,,183802
484,Louisiana,2020-10-17,179684.0,181569.0,186929.0,,177726
485,Louisiana,2020-10-25,185306.0,192115.0,199333.0,,183575
486,Louisiana,2020-10-31,189786.0,201288.0,209174.0,,186649
487,Louisiana,2020-10-18,180455.0,182782.0,188436.0,,178869
488,Louisiana,2020-10-16,179684.0,180384.0,185434.0,,177726
489,Louisiana,2020-10-23,184042.0,189295.0,196157.0,,182603
490,Louisiana,2020-10-30,189221.0,199685.0,207501.0,,186649
491,Louisiana,2020-10-24,184714.0,190690.0,197739.0,,182603
492,Louisiana,2020-10-12,177034.0,176056.0,179571.0,,174647
493,Louisiana,2020-10-28,188509.0,196569.0,204195.0,,185822
494,Georgia,2020-10-14,334313.0,339583.0,333394.0,332085.04756164365,334601
495,Georgia,2020-10-13,332904.0,337547.0,332611.0,331036.3206859877,333304
496,Georgia,2020-10-20,343066.0,353370.0,340006.0,338446.8158916985,342438
497,Georgia,2020-10-09,327935.0,329914.0,327680.0,326887.8746039897,329032
498,Georgia,2020-10-19,341841.0,350922.0,339207.0,337375.96932358405,341310
499,Georgia,2020-10-29,353353.0,377984.0,349847.0,348243.51280631655,356848
500,Georgia,2020-10-22,345714.0,358436.0,341608.0,340599.7495334602,345535
501,Georgia,2020-10-27,351215.0,372117.0,347565.0,346040.13044346485,353372
502,Georgia,2020-11-02,358019.0,390387.0,354458.0,352696.6796194681,362921
503,Georgia,2020-10-11,330203.0,333637.0,329832.0,328954.83338642283,331409
504,Georgia,2020-10-21,344519.0,355874.0,340806.0,339521.4045920145,343750
505,Georgia,2020-11-01,356921.0,387202.0,353625.0,351576.1563916549,361982
506,Georgia,2020-10-08,327078.0,328114.0,326910.0,325859.82768584986,327407
507,Georgia,2020-10-15,335768.0,341703.0,334178.0,333137.4332962161,336241
508,Georgia,2020-10-10,328897.0,331760.0,328451.0,327919.4873606654,330269
509,Georgia,2020-10-26,350109.0,369267.0,346749.0,344942.8333106835,351881
510,Georgia,2020-10-17,338925.0,346193.0,336373.0,335250.63743755675,339384
511,Georgia,2020-10-25,349228.0,366472.0,345934.0,343849.36359227065,350923
512,Georgia,2020-10-31,355423.0,384074.0,352795.0,350459.5479199454,360790
513,Georgia,2020-10-18,340411.0,348530.0,337787.0,336311.45873537957,340558
514,Georgia,2020-10-16,337345.0,343907.0,334965.0,334193.49166626745,337850
515,Georgia,2020-10-23,347089.0,361056.0,343044.0,341679.19044025027,347759
516,Georgia,2020-10-30,354369.0,381001.0,351318.0,349349.60082121874,358225
517,Georgia,2020-10-24,347972.0,363735.0,344486.0,342762.39042811294,349605
518,Georgia,2020-10-12,331568.0,335563.0,331218.0,329993.7733479943,332311
519,Georgia,2020-10-28,352246.0,375023.0,348383.0,347141.26944029593,355025
520,Montana,2020-10-14,19389.0,18594.0,18855.0,19142.506440951955,20210
521,Montana,2020-10-13,18878.0,18174.0,18390.0,18628.58272994732,19611
522,Montana,2020-10-20,22709.0,21290.0,21391.0,22538.61637842903,24093
523,Montana,2020-10-09,16859.0,16519.0,16906.0,16705.291164645925,17399
524,Montana,2020-10-19,22129.0,20826.0,20863.0,21934.13502105854,23390
525,Montana,2020-10-29,28806.0,25765.0,25542.0,28793.703289647234,30853
526,Montana,2020-10-22,23950.0,22237.0,22133.0,23796.911714646794,25640
527,Montana,2020-10-27,27333.0,24723.0,24685.0,27268.84032074667,29346
528,Montana,2020-11-02,31939.0,27933.0,28004.0,32106.267618794536,34252
529,Montana,2020-10-11,17723.0,17340.0,17493.0,17642.493359647917,18702
530,Montana,2020-10-21,23361.0,21761.0,21759.0,23159.047541695665,24712
531,Montana,2020-11-01,31107.0,27380.0,27531.0,31242.033645411055,33495
532,Montana,2020-10-08,16328.0,16119.0,16620.0,16255.862625161823,16677
533,Montana,2020-10-15,19854.0,19025.0,19180.0,19671.485645334942,20933
534,Montana,2020-10-10,17249.0,16927.0,17197.0,17167.380192748533,18117
535,Montana,2020-10-26,26646.0,24213.0,24267.0,26537.623342653147,28501
536,Montana,2020-10-17,20987.0,19916.0,19845.0,20774.508688763482,22225
537,Montana,2020-10-25,25982.0,23708.0,23668.0,25823.176861508135,27880
538,Montana,2020-10-31,30308.0,26835.0,26851.0,30403.109932097916,32801
539,Montana,2020-10-18,21514.0,20367.0,20348.0,21346.254911886994,22821
540,Montana,2020-10-16,20390.0,19470.0,19510.0,20215.34433159074,21595
541,Montana,2020-10-23,24563.0,22721.0,22514.0,24452.708816478138,26503
542,Montana,2020-10-30,29567.0,26296.0,26188.0,29587.215004076497,31916
543,Montana,2020-10-24,25320.0,23211.0,23084.0,25128.3895131539,27142
544,Montana,2020-10-12,18173.0,17754.0,17936.0,18128.708772565842,19125
545,Montana,2020-10-28,28070.0,25241.0,25110.0,28020.66897557847,29966
546,Florida,2020-10-14,741925.0,752544.0,738775.0,734681.700011879,741632
547,Florida,2020-10-13,739146.0,748078.0,737040.0,732598.7638557146,738749
548,Florida,2020-10-20,758889.0,782773.0,753427.0,747315.2625868581,760389
549,Florida,2020-10-09,728107.0,731491.0,726114.0,724331.0514098124,728921
550,Florida,2020-10-19,756032.0,777400.0,751657.0,745193.3767742332,756727
551,Florida,2020-10-29,785116.0,836920.0,775236.0,766710.4236980377,794624
552,Florida,2020-10-22,764640.0,793906.0,756978.0,751578.7589346984,768091
553,Florida,2020-10-27,779210.0,824003.0,770178.0,762353.5890489148,786311
554,Florida,2020-11-02,797063.0,864242.0,785452.0,775505.487140615,812063
555,Florida,2020-10-11,733571.0,739541.0,730883.0,728452.1192447126,734491
556,Florida,2020-10-21,761759.0,788275.0,755201.0,749443.716000777,762533
557,Florida,2020-11-01,794060.0,857225.0,783607.0,773296.4902771217,807412
558,Florida,2020-10-08,725431.0,727599.0,724409.0,722280.0466939746,726013
559,Florida,2020-10-15,744711.0,757185.0,740515.0,736771.073882627,744988
560,Florida,2020-10-10,730815.0,735455.0,727824.0,726388.3682580385,728921
561,Florida,2020-10-26,776274.0,817730.0,768369.0,760185.2669873886,782013
562,Florida,2020-10-17,750348.0,767028.0,745378.0,740969.2206672055,752481
563,Florida,2020-10-25,773349.0,811580.0,766564.0,758023.6452181633,778636
564,Florida,2020-10-31,791067.0,850333.0,781767.0,771094.3292654863,802547
565,Florida,2020-10-18,753187.0,772152.0,748511.0,743078.0367220871,755020
566,Florida,2020-10-16,747521.0,762022.0,742258.0,738866.9069236818,748437
567,Florida,2020-10-23,767533.0,799667.0,760160.0,753720.4133855192,771780
568,Florida,2020-10-30,788086.0,843564.0,778495.0,768898.9813104713,800216
569,Florida,2020-10-24,770435.0,805559.0,763356.0,755868.7014286203,776251
570,Florida,2020-10-12,736354.0,743746.0,733955.0,730522.2440345618,736024
571,Florida,2020-10-28,782158.0,830400.0,771991.0,764528.6337950389,790426
572,New York,2020-10-14,479276.0,490860.0,481684.0,478473.9378478906,481227
573,New York,2020-10-13,478547.0,487966.0,480553.0,477255.03695110505,480129
574,New York,2020-10-20,486388.0,510424.0,491237.0,485858.6294958819,490166
575,New York,2020-10-09,473301.0,477247.0,473429.0,472413.00878899364,474894
576,New York,2020-10-19,485160.0,506941.0,490083.0,484619.31017597136,488928
577,New York,2020-10-29,497482.0,545566.0,505456.0,497168.4972049087,507040
578,New York,2020-10-22,488923.0,517646.0,493552.0,488347.59505018604,493774
579,New York,2020-10-27,494941.0,537178.0,502158.0,494630.7329833163,502978
580,New York,2020-11-02,501824.0,563316.0,512117.0,502286.5057526504,515753
581,New York,2020-10-11,475641.0,482439.0,476538.0,474827.3278439174,477671
582,New York,2020-10-21,487610.0,513993.0,492393.0,487101.3876821849,491882
583,New York,2020-11-01,500842.0,558756.0,510914.0,501001.6669921874,513883
584,New York,2020-10-08,472092.0,474767.0,472317.0,471210.8455779316,473285
585,New York,2020-10-15,480621.0,493861.0,482818.0,479696.2164105711,482765
586,New York,2020-10-10,474478.0,479800.0,474543.0,473618.49955856666,476397
587,New York,2020-10-26,494123.0,533105.0,500979.0,493367.12381046155,501197
588,New York,2020-10-17,482969.0,500221.0,485989.0,482150.9470395351,486207
589,New York,2020-10-25,492645.0,529114.0,499802.0,492107.01589645323,499652
590,New York,2020-10-31,500057.0,554279.0,509714.0,499720.3930997384,511761
591,New York,2020-10-18,483617.0,503540.0,488032.0,483383.4194402562,487719
592,New York,2020-10-16,481947.0,496980.0,483954.0,480921.8827574894,484512
593,New York,2020-10-23,489994.0,521383.0,495627.0,489597.26194841316,495608
594,New York,2020-10-30,499142.0,549882.0,507581.0,498442.6733882148,509368
595,New York,2020-10-24,490821.0,525206.0,497710.0,490850.39875873056,497732
596,New York,2020-10-12,476988.0,485162.0,478541.0,476039.5036343079,478925
597,New York,2020-10-28,495639.0,541332.0,503340.0,495897.8539313755,504689
598,Maryland,2020-10-14,132769.0,134489.0,131599.0,132113.4633788361,132918
599,Maryland,2020-10-13,132195.0,133638.0,131290.0,131590.03773788136,132343
600,Maryland,2020-10-20,136311.0,140167.0,134209.0,135300.09968919592,136744
601,Maryland,2020-10-09,129807.0,130422.0,129344.0,129518.36098996761,130159
602,Maryland,2020-10-19,135704.0,139163.0,133894.0,134762.11005544016,136154
603,Maryland,2020-10-29,141909.0,150197.0,138349.0,140234.5512604255,143387
604,Maryland,2020-10-22,137529.0,142240.0,135090.0,136380.8589798263,137979
605,Maryland,2020-10-27,140634.0,147814.0,137193.0,139121.10374307315,141741
606,Maryland,2020-11-02,144479.0,155225.0,139914.0,142490.05718509373,146995
607,Maryland,2020-10-11,130988.0,131998.0,130433.0,130549.81133639698,131357
608,Maryland,2020-10-21,136918.0,141193.0,134525.0,135840.38841611246,137236
609,Maryland,2020-11-01,143820.0,153935.0,139585.0,141922.575244065,146145
610,Maryland,2020-10-08,129238.0,129667.0,129040.0,129006.97491068018,129425
611,Maryland,2020-10-15,133368.0,135369.0,131909.0,132639.11606238742,133548
612,Maryland,2020-10-10,130383.0,131198.0,129887.0,130032.99190208438,130795
613,Maryland,2020-10-26,140020.0,146655.0,136871.0,138567.9576374966,140844
614,Maryland,2020-10-17,134492.0,137219.0,133020.0,133695.06746219538,135127
615,Maryland,2020-10-25,139405.0,145518.0,136549.0,138017.16196509852,140279
616,Maryland,2020-10-31,143181.0,152667.0,139257.0,141357.5082782789,145281
617,Maryland,2020-10-18,135100.0,138180.0,133579.0,134226.4091544371,135657
618,Maryland,2020-10-16,133928.0,136278.0,132463.0,133165.97311718826,134329
619,Maryland,2020-10-23,138144.0,143310.0,135658.0,136923.62811176872,138691
620,Maryland,2020-10-30,142556.0,151421.0,138930.0,140794.8454155298,144314
621,Maryland,2020-10-24,138774.0,144403.0,136228.0,137468.7061588037,139487
622,Maryland,2020-10-12,131600.0,132810.0,130982.0,131068.82915408237,131861
623,Maryland,2020-10-28,141264.0,148995.0,137769.0,139676.64094857563,142425
624,Idaho,2020-10-14,49327.0,49464.0,49492.0,48639.02741538538,49892
625,Idaho,2020-10-13,48767.0,48901.0,49094.0,48123.876600896554,49247
626,Idaho,2020-10-20,52782.0,53044.0,52586.0,51812.60688564712,54663
627,Idaho,2020-10-09,46553.0,46689.0,46724.0,46084.89664924883,47088
628,Idaho,2020-10-19,52149.0,52433.0,51908.0,51274.98119686122,53790
629,Idaho,2020-10-29,58332.0,58872.0,57810.0,56916.20242505785,62746
630,Idaho,2020-10-22,53990.0,54287.0,53971.0,52906.31355417509,56600
631,Idaho,2020-10-27,57030.0,57525.0,56468.0,55739.11469238767,60923
632,Idaho,2020-11-02,60804.0,61660.0,60298.0,59344.33561614854,65845
633,Idaho,2020-10-11,47685.0,47791.0,47835.0,47097.639958694,48066
634,Idaho,2020-10-21,53386.0,53662.0,53274.0,52356.35924712863,55650
635,Idaho,2020-11-01,60199.0,60951.0,59813.0,58726.16530356972,65088
636,Idaho,2020-10-08,46059.0,46141.0,46236.0,45582.364849405894,46426
637,Idaho,2020-10-15,49871.0,50047.0,49894.0,49160.15708134417,50610
638,Idaho,2020-10-10,47136.0,47240.0,47217.0,46593.33462383634,47701
639,Idaho,2020-10-26,56421.0,56863.0,55878.0,55158.00562438429,60041
640,Idaho,2020-10-17,51103.0,51230.0,50829.0,50210.532158876056,52582
641,Idaho,2020-10-25,55811.0,56208.0,55294.0,54583.50464796773,59344
642,Idaho,2020-10-31,59587.0,60250.0,59332.0,58115.01980709952,64608
643,Idaho,2020-10-18,51612.0,51828.0,51366.0,50739.72109828056,53092
644,Idaho,2020-10-16,50443.0,50639.0,50298.0,49687.34015454631,51704
645,Idaho,2020-10-23,54485.0,54920.0,54408.0,53459.07208778891,57673
646,Idaho,2020-10-30,58894.0,59557.0,58566.0,57512.21005504139,63810
647,Idaho,2020-10-24,55229.0,55560.0,54850.0,54018.110132840826,58694
648,Idaho,2020-10-12,48230.0,48347.0,48460.0,47607.796516647584,48663
649,Idaho,2020-10-28,57711.0,58195.0,57064.0,56326.91416726742,61785
650,Indiana,2020-10-14,136308.0,136634.0,135054.0,134812.87704175862,139269
651,Indiana,2020-10-13,135191.0,135390.0,133974.0,133763.24024950116,138104
652,Indiana,2020-10-20,142907.0,144591.0,141721.0,141255.97105497125,150664
653,Indiana,2020-10-09,130530.0,130448.0,129738.0,129641.13047111625,131493
654,Indiana,2020-10-19,142084.0,143215.0,140588.0,140157.61420598917,149166
655,Indiana,2020-10-29,154638.0,157832.0,152345.0,151497.67529456507,172730
656,Indiana,2020-10-22,145870.0,147396.0,144016.0,143470.07579846133,155246
657,Indiana,2020-10-27,152149.0,154749.0,149917.0,149165.2508237399,166564
658,Indiana,2020-11-02,160543.0,164245.0,157318.0,156299.7297199566,185185
659,Indiana,2020-10-11,132490.0,132903.0,131839.0,131686.776921249,134981
660,Indiana,2020-10-21,144235.0,145984.0,142864.0,142363.26783054165,152396
661,Indiana,2020-11-01,159158.0,162610.0,156060.0,155082.68884550867,182108
662,Indiana,2020-10-08,129386.0,129259.0,129017.0,128597.51620827828,129677
663,Indiana,2020-10-15,137053.0,137897.0,136143.0,135871.05940299292,141212
664,Indiana,2020-10-10,131464.0,131666.0,130784.0,130659.81768591661,133411
665,Indiana,2020-10-26,150902.0,153237.0,148718.0,148004.32225479785,164581
666,Indiana,2020-10-17,139601.0,140516.0,138348.0,137993.86070443573,145977
667,Indiana,2020-10-25,149136.0,151746.0,147528.0,146852.7747239532,162607
668,Indiana,2020-10-31,157591.0,160996.0,154811.0,153875.48621873357,179358
669,Indiana,2020-10-18,140833.0,141856.0,139463.0,139068.12249767024,147582
670,Indiana,2020-10-16,138626.0,139194.0,137241.0,136928.19673877882,143495
671,Indiana,2020-10-23,147115.0,148826.0,145177.0,144585.80492121069,157713
672,Indiana,2020-10-30,155969.0,159404.0,153573.0,152678.03940622477,175893
673,Indiana,2020-10-24,148184.0,150276.0,146348.0,145710.52966303003,160454
674,Indiana,2020-10-12,133858.0,134148.0,132902.0,132722.0775513131,136555
675,Indiana,2020-10-28,153477.0,156280.0,151126.0,150326.77193750223,169112
676,Kansas,2020-10-14,72191.0,71134.0,70823.0,69363.27070947897,70772
677,Kansas,2020-10-13,71262.0,70330.0,69909.0,68764.40676349602,70507
678,Kansas,2020-10-20,78323.0,76019.0,75069.0,73032.30598677821,76048
679,Kansas,2020-10-09,66892.0,67371.0,66868.0,66404.2534988442,67276
680,Kansas,2020-10-19,77305.0,75184.0,74285.0,72408.75871182172,74691
681,Kansas,2020-10-29,89393.0,84014.0,82526.0,78841.55109277055,86438
682,Kansas,2020-10-22,80918.0,77723.0,76854.0,74287.97401034007,77905
683,Kansas,2020-10-27,86158.0,82165.0,80812.0,77520.76925042138,83361
684,Kansas,2020-11-02,94018.0,87845.0,86712.0,81573.56708147378,90738
685,Kansas,2020-10-11,68557.0,68834.0,68286.0,67576.70002951728,68984
686,Kansas,2020-10-21,79481.0,76866.0,75862.0,73661.47749369126,76464
687,Kansas,2020-11-01,93300.0,86871.0,85592.0,80879.77880647179,90290
688,Kansas,2020-10-08,66682.0,66647.0,66330.0,65796.87905312078,67006
689,Kansas,2020-10-15,72693.0,71922.0,71750.0,69967.58447441626,72294
690,Kansas,2020-10-10,68027.0,68087.0,67573.0,66987.82070108085,67359
691,Kansas,2020-10-26,85121.0,81257.0,80161.0,76860.51756996792,80632
692,Kansas,2020-10-17,75422.0,73546.0,72918.0,71177.61127017833,72649
693,Kansas,2020-10-25,83728.0,80359.0,79516.0,76206.17454087098,80229
694,Kansas,2020-10-31,92068.0,85907.0,84488.0,80192.18459022824,86943
695,Kansas,2020-10-18,76330.0,74360.0,73510.0,71790.78325327895,74235
696,Kansas,2020-10-16,74109.0,72742.0,72332.0,70569.89515239076,72531
697,Kansas,2020-10-23,81423.0,78592.0,77859.0,74920.02605755832,78333
698,Kansas,2020-10-30,91000.0,84955.0,83397.0,79510.72662316194,86900
699,Kansas,2020-10-24,82490.0,79471.0,78877.0,75557.68479014069,78405
700,Kansas,2020-10-12,69561.0,69565.0,69007.0,68170.94147097085,69304
701,Kansas,2020-10-28,88140.0,83084.0,81664.0,78178.24982430175,83685
702,Nebraska,2020-10-14,52758.0,53229.0,53256.0,52520.64751529046,54467
703,Nebraska,2020-10-13,52273.0,52660.0,52568.0,52022.36442372066,53543
704,Nebraska,2020-10-20,55832.0,56841.0,56448.0,55570.74029707983,59409
705,Nebraska,2020-10-09,50310.0,50411.0,50281.0,50050.00015869948,50059
706,Nebraska,2020-10-19,55311.0,56221.0,55859.0,55049.60932450144,58817
707,Nebraska,2020-10-29,60747.0,62751.0,62055.0,60435.39160192079,68150
708,Nebraska,2020-10-22,56889.0,58100.0,57790.0,56617.83371979056,61285
709,Nebraska,2020-10-27,59618.0,61383.0,60766.0,59323.03968672214,65376
710,Nebraska,2020-11-02,63071.0,65586.0,65203.0,62745.141070383295,72620
711,Nebraska,2020-10-11,51285.0,51538.0,51348.0,51031.0297201414,52382
712,Nebraska,2020-10-21,56358.0,57467.0,57044.0,56097.09798795682,60308
713,Nebraska,2020-11-01,62482.0,64864.0,64361.0,62157.57226345544,71666
714,Nebraska,2020-10-08,49852.0,49855.0,49876.0,49541.07269455193,50059
715,Nebraska,2020-10-15,53257.0,53810.0,53952.0,53023.93340519832,55428
716,Nebraska,2020-10-10,50790.0,50972.0,50812.0,50538.03651068603,51887
717,Nebraska,2020-10-26,59063.0,60710.0,60277.0,58768.11336767248,64499
718,Nebraska,2020-10-17,54285.0,55002.0,54831.0,54025.44031681756,57332
719,Nebraska,2020-10-25,58511.0,60046.0,59792.0,58218.67731695494,63797
720,Nebraska,2020-10-31,61898.0,64152.0,63530.0,61575.82947433644,70732
721,Nebraska,2020-10-18,54795.0,55609.0,55275.0,54533.65029168036,58068
722,Nebraska,2020-10-16,53766.0,54402.0,54390.0,53522.21848347368,56714
723,Nebraska,2020-10-23,57424.0,58740.0,58546.0,57143.675007778875,62510
724,Nebraska,2020-10-30,61320.0,63447.0,62710.0,60999.851885508,69645
725,Nebraska,2020-10-24,57965.0,59389.0,59311.0,57674.67444860442,63215
726,Nebraska,2020-10-12,51791.0,52103.0,51890.0,51529.03225228414,52839
727,Nebraska,2020-10-28,60180.0,62063.0,61407.0,59876.47336954797,66545
728,Oregon,2020-10-14,38091.0,37944.0,38852.0,37732.79722805542,38160
729,Oregon,2020-10-13,37729.0,37605.0,38350.0,37429.54123896405,37780
730,Oregon,2020-10-20,40351.0,40107.0,41078.0,39594.6994570512,40136
731,Oregon,2020-10-09,36314.0,36278.0,36590.0,36237.837480311726,36526
732,Oregon,2020-10-19,39964.0,39733.0,40649.0,39278.226182033046,39794
733,Oregon,2020-10-29,44020.0,43714.0,45159.0,42554.935248904054,43793
734,Oregon,2020-10-22,41138.0,40870.0,42160.0,40233.145552047434,40443
735,Oregon,2020-10-27,43176.0,42873.0,44220.0,41878.03715455799,42808
736,Oregon,2020-11-02,45760.0,45464.0,47334.0,43942.3452645824,45978
737,Oregon,2020-10-11,37012.0,36935.0,37367.0,36830.52321004345,37255
738,Oregon,2020-10-21,40742.0,40486.0,41615.0,39912.61508349644,40443
739,Oregon,2020-11-01,45318.0,45018.0,46953.0,43591.09802846549,45429
740,Oregon,2020-10-08,35974.0,35957.0,36208.0,35945.159869424795,36116
741,Oregon,2020-10-15,38457.0,38291.0,39167.0,38037.03064929407,38525
742,Oregon,2020-10-10,36661.0,36603.0,36976.0,36532.95168644322,36924
743,Oregon,2020-10-26,42760.0,42462.0,43759.0,41543.733114379924,42436
744,Oregon,2020-10-17,39201.0,39001.0,39805.0,38653.05506278146,39315
745,Oregon,2020-10-25,42348.0,42055.0,43407.0,41211.87522505665,42101
746,Oregon,2020-10-31,44881.0,44577.0,46347.0,43242.85834653089,44921
747,Oregon,2020-10-18,39580.0,39365.0,40225.0,38964.352025988585,39532
748,Oregon,2020-10-16,38827.0,38643.0,39484.0,38343.776194908394,38935
749,Oregon,2020-10-23,41537.0,41260.0,42711.0,40556.31285064606,41348
750,Oregon,2020-10-30,44449.0,44143.0,45749.0,42897.47880167812,44388
751,Oregon,2020-10-24,41941.0,41655.0,43057.0,40882.74280553164,41739
752,Oregon,2020-10-12,37368.0,37268.0,37855.0,37128.79032584749,37467
753,Oregon,2020-10-28,43596.0,43291.0,44687.0,42215.09679288192,43228
754,South Carolina,2020-10-14,163861.0,161397.0,162312.0,159363.82182873407,159809
755,South Carolina,2020-10-13,162375.0,160281.0,161014.0,158502.68813428195,158883
756,South Carolina,2020-10-20,173014.0,168775.0,170325.0,164632.95893052165,165493
757,South Carolina,2020-10-09,156530.0,155948.0,155923.0,155084.0328557258,155676
758,South Carolina,2020-10-19,171446.0,167480.0,168963.0,163742.5179922775,164609
759,South Carolina,2020-10-29,187788.0,181568.0,183092.0,172874.99363879793,174591
760,South Carolina,2020-10-22,176193.0,171442.0,173083.0,166430.24949462674,167485
761,South Carolina,2020-10-27,184398.0,178547.0,180175.0,170998.41342269548,172579
762,South Carolina,2020-11-02,194756.0,187914.0,189070.0,176668.49718499903,178917
763,South Carolina,2020-10-11,159403.0,158043.0,158448.0,156787.41531781518,157406
764,South Carolina,2020-10-21,174596.0,170096.0,171699.0,165528.39005028707,166357
765,South Carolina,2020-11-01,192990.0,186289.0,187557.0,175714.10589543582,178023
766,South Carolina,2020-10-08,155107.0,154930.0,155057.0,154248.30109993374,154755
767,South Carolina,2020-10-15,165345.0,162550.0,163621.0,160229.79378562432,161106
768,South Carolina,2020-10-10,157964.0,156974.0,157181.0,155933.3142246034,156621
769,South Carolina,2020-10-26,182727.0,177075.0,178734.0,170076.89870946747,171501
770,South Carolina,2020-10-17,168349.0,164963.0,166270.0,161976.39209965203,163214
771,South Carolina,2020-10-25,181072.0,175628.0,177304.0,169160.50145893588,170678
772,South Carolina,2020-10-31,191240.0,184690.0,186057.0,174765.0271152667,176612
773,South Carolina,2020-10-18,169891.0,166209.0,167611.0,162857.0385404265,163990
774,South Carolina,2020-10-16,166839.0,163741.0,164940.0,161100.6532541594,162253
775,South Carolina,2020-10-23,177806.0,172812.0,174479.0,167337.1738023825,168549
776,South Carolina,2020-10-30,189507.0,183116.0,184569.0,173821.2303152974,175594
777,South Carolina,2020-10-24,179432.0,174207.0,175886.0,168249.19232752544,169341
778,South Carolina,2020-10-12,160867.0,159152.0,159726.0,157646.3646472896,158055
779,South Carolina,2020-10-28,186086.0,180045.0,181628.0,171934.0649109342,173491
780,Mississippi,2020-10-14,105621.0,107356.0,108351.0,105816.68471913693,106817
781,Mississippi,2020-10-13,105087.0,106593.0,107484.0,105270.27000081386,105941
782,Mississippi,2020-10-20,109514.0,112375.0,113700.0,109178.97431147884,111322
783,Mississippi,2020-10-09,102865.0,103684.0,104086.0,103102.90066076597,103681
784,Mississippi,2020-10-19,108732.0,111500.0,112790.0,108613.13704158348,110592
785,Mississippi,2020-10-29,115015.0,121008.0,122222.0,114427.8882989317,118587
786,Mississippi,2020-10-22,110702.0,114176.0,115541.0,110323.77451891617,113081
787,Mississippi,2020-10-27,113507.0,118973.0,120275.0,113236.07408217028,116617
788,Mississippi,2020-11-02,117476.0,125282.0,126212.0,116832.76448464284,120865
789,Mississippi,2020-10-11,104259.0,105115.0,105771.0,104186.05908733953,104932
790,Mississippi,2020-10-21,110430.0,113267.0,114616.0,109749.85164586999,112123
791,Mississippi,2020-11-01,116831.0,124188.0,125203.0,116222.13293443763,120500
792,Mississippi,2020-10-08,102451.0,102989.0,103253.0,102565.63672756204,102819
793,Mississippi,2020-10-15,106295.0,108149.0,109224.0,106371.62148660974,108139
794,Mississippi,2020-10-10,103500.0,104392.0,104925.0,103643.03623196046,104638
795,Mississippi,2020-10-26,113057.0,117980.0,119313.0,112644.92357309692,115763
796,Mississippi,2020-10-17,107707.0,109799.0,110993.0,107490.4206127923,110006
797,Mississippi,2020-10-25,112781.0,117004.0,118358.0,112060.4472964904,115088
798,Mississippi,2020-10-31,115947.0,123111.0,124201.0,115620.88460685959,120160
799,Mississippi,2020-10-18,108036.0,110641.0,111888.0,108050.2911806268,110006
800,Mississippi,2020-10-16,107021.0,108974.0,110105.0,106929.52805038184,109255
801,Mississippi,2020-10-23,111164.0,115101.0,116472.0,110900.7594941943,113876
802,Mississippi,2020-10-30,115491.0,122051.0,123208.0,115022.8087479545,119336
803,Mississippi,2020-10-24,111907.0,116044.0,117412.0,111479.0648334111,115088
804,Mississippi,2020-10-12,104681.0,105848.0,106624.0,104726.73327292239,105228
805,Mississippi,2020-10-28,114265.0,119982.0,121245.0,113830.38989861497,117617
806,Minnesota,2020-10-14,114080.0,114868.0,115238.0,113227.20740270625,115943
807,Minnesota,2020-10-13,113129.0,113692.0,113751.0,112226.72617369912,114574
808,Minnesota,2020-10-20,120990.0,122299.0,122147.0,119380.54113551056,125531
809,Minnesota,2020-10-09,108873.0,109036.0,108801.0,108252.75410874648,109312
810,Minnesota,2020-10-19,119947.0,121019.0,120871.0,118332.30695795959,124439
811,Minnesota,2020-10-29,132216.0,134538.0,134280.0,129216.79780605831,142311
812,Minnesota,2020-10-22,123644.0,124905.0,125050.0,121501.39032126084,128152
813,Minnesota,2020-10-27,129771.0,131701.0,131490.0,126956.74771955822,137536
814,Minnesota,2020-11-02,137518.0,140422.0,141090.0,133857.76052749722,153620
815,Minnesota,2020-10-11,110702.0,111337.0,111110.0,110231.87462331755,112268
816,Minnesota,2020-10-21,122342.0,123595.0,123436.0,120438.63937632738,126591
817,Minnesota,2020-11-01,136272.0,138924.0,139269.0,132681.82022827605,150672
818,Minnesota,2020-10-08,107874.0,107922.0,107926.0,107245.27323667447,107922
819,Minnesota,2020-10-15,115157.0,116059.0,116745.0,114237.06467401917,117106
820,Minnesota,2020-10-10,109697.0,110172.0,109949.0,109237.64689276827,110828
821,Minnesota,2020-10-26,128474.0,130308.0,130432.0,125846.51199560681,135372
822,Minnesota,2020-10-17,117562.0,118505.0,118646.0,116265.39195275817,121090
823,Minnesota,2020-10-25,127184.0,128932.0,129382.0,124746.57003050571,133802
824,Minnesota,2020-10-31,135032.0,137445.0,137471.0,131516.8789463694,148472
825,Minnesota,2020-10-18,118839.0,119754.0,119609.0,117293.83933672939,122812
826,Minnesota,2020-10-16,116397.0,117271.0,117692.0,115246.49835175338,119396
827,Minnesota,2020-10-23,124798.0,126231.0,126685.0,122574.08472458158,129863
828,Minnesota,2020-10-30,133478.0,135983.0,135697.0,130362.82738716513,145465
829,Minnesota,2020-10-24,125904.0,127573.0,128341.0,123656.82100826773,132122
830,Minnesota,2020-10-12,111867.0,112512.0,112282.0,111235.52954290122,113439
831,Minnesota,2020-10-28,131008.0,133111.0,132877.0,128081.47324049778,139444
832,Rhode Island,2020-10-14,26204.0,27082.0,28140.0,26620.98003154431,27164
833,Rhode Island,2020-10-13,26101.0,26876.0,27777.0,26480.51652969957,26960
834,Rhode Island,2020-10-20,26582.0,28395.0,29753.0,27480.10367625556,28649
835,Rhode Island,2020-10-09,25811.0,26119.0,26502.0,25927.19028109634,26294
836,Rhode Island,2020-10-19,26462.0,28167.0,29442.0,27334.711568693107,28347
837,Rhode Island,2020-10-29,27443.0,30635.0,32708.0,28821.67069857365,32312
838,Rhode Island,2020-10-22,26741.0,28863.0,30536.0,27771.890273609544,29594
839,Rhode Island,2020-10-27,27041.0,30108.0,32029.0,28517.97681229247,31445
840,Rhode Island,2020-11-02,27973.0,31739.0,34284.0,29440.051317190108,34120
841,Rhode Island,2020-10-11,26031.0,26490.0,27065.0,26201.89659074957,26294
842,Rhode Island,2020-10-21,26741.0,28627.0,30142.0,27625.596972751424,29123
843,Rhode Island,2020-11-01,27677.0,31457.0,34008.0,29284.376178042512,32874
844,Rhode Island,2020-10-08,25776.0,25938.0,26225.0,25790.960637780638,26045
845,Rhode Island,2020-10-15,26283.0,27298.0,28368.0,26761.983266104176,27438
846,Rhode Island,2020-10-10,25921.0,26303.0,26782.0,26064.167518292128,26294
847,Rhode Island,2020-10-26,27041.0,29851.0,31694.0,28367.377431411103,31024
848,Rhode Island,2020-10-17,26386.0,27724.0,28830.0,27046.321295141894,27691
849,Rhode Island,2020-10-25,27041.0,29598.0,31439.0,28217.08835125957,30118
850,Rhode Island,2020-10-31,27483.0,31178.0,33569.0,29129.289052438286,32874
851,Rhode Island,2020-10-18,26429.0,27943.0,29135.0,27190.118958261173,27691
852,Rhode Island,2020-10-16,26361.0,27509.0,28598.0,26903.76221705396,27691
853,Rhode Island,2020-10-23,26766.0,29104.0,30935.0,27918.988126027678,30118
854,Rhode Island,2020-10-30,27483.0,30904.0,33136.0,28975.05551378963,32874
855,Rhode Island,2020-10-24,26849.0,29349.0,31186.0,28067.626821579724,30118
856,Rhode Island,2020-10-12,26031.0,26681.0,27418.0,26340.823507723344,26294
857,Rhode Island,2020-10-28,27176.0,30369.0,32367.0,28669.406325025648,31944
858,Texas,2020-10-14,842964.0,852603.0,851434.0,836540.1924289619,840174
859,Texas,2020-10-13,837987.0,846347.0,844624.0,831993.359820627,834137
860,Texas,2020-10-20,883135.0,893420.0,893468.0,864283.3738326009,870347
861,Texas,2020-10-09,817855.0,822480.0,819934.0,814140.3730581964,819494
862,Texas,2020-10-19,877292.0,886311.0,886321.0,859594.4916262624,864945
863,Texas,2020-10-29,960292.0,963329.0,960441.0,907713.2283723282,928109
864,Texas,2020-10-22,908905.0,908031.0,907936.0,873741.2626432119,879906
865,Texas,2020-10-27,946487.0,946874.0,945137.0,897880.959007663,913943
866,Texas,2020-11-02,983452.0,997842.0,991797.0,927747.7984389806,981813
867,Texas,2020-10-11,829533.0,834170.0,831165.0,823033.9268605907,825878
868,Texas,2020-10-21,902907.0,900659.0,900673.0,868998.911992122,877196
869,Texas,2020-11-01,978059.0,989012.0,983863.0,922683.6700632105,975147
870,Texas,2020-10-08,813954.0,816710.0,815377.0,809713.8503861214,815013
871,Texas,2020-10-15,849990.0,859087.0,858300.0,841112.9191799904,845102
872,Texas,2020-10-10,823712.0,828290.0,824517.0,818592.0480032094,823325
873,Texas,2020-10-26,941878.0,938845.0,937577.0,893001.8669574735,907269
874,Texas,2020-10-17,869581.0,872469.0,872198.0,850313.1069667678,856183
875,Texas,2020-10-25,925222.0,930943.0,930077.0,888150.3867902013,900633
876,Texas,2020-10-31,971870.0,980317.0,975993.0,917648.3125888433,942101
877,Texas,2020-10-18,873377.0,879326.0,879231.0,854940.655515598,861803
878,Texas,2020-10-16,864403.0,865737.0,865221.0,845711.6923440235,851110
879,Texas,2020-10-23,915264.0,915535.0,915257.0,878517.0179109306,887186
880,Texas,2020-10-30,965192.0,971756.0,968186.0,912666.6690994154,934086
881,Texas,2020-10-24,920644.0,923172.0,922637.0,883320.005753689,896988
882,Texas,2020-10-12,832055.0,840217.0,837867.0,827500.9815406911,828338
883,Texas,2020-10-28,951851.0,955036.0,952758.0,902787.8252506817,921146
884,New Hampshire,2020-10-14,8993.0,9344.0,9286.0,9182.441778663871,9349
885,New Hampshire,2020-10-13,8957.0,9266.0,9212.0,9124.786919437784,9279
886,New Hampshire,2020-10-20,9234.0,9854.0,9745.0,9535.576924523626,9828
887,New Hampshire,2020-10-09,8807.0,8951.0,8921.0,8896.657920333486,8970
888,New Hampshire,2020-10-19,9193.0,9765.0,9667.0,9475.691501892517,9746
889,New Hampshire,2020-10-29,9621.0,10708.0,10475.0,10091.819338637,10768
890,New Hampshire,2020-10-22,9317.0,10034.0,9903.0,9656.409406496648,9994
891,New Hampshire,2020-10-27,9532.0,10509.0,10308.0,9965.158438551329,10530
892,New Hampshire,2020-11-02,9799.0,11124.0,10817.0,10349.577570275706,11320
893,New Hampshire,2020-10-11,8879.0,9109.0,9065.0,9010.631862851596,9143
894,New Hampshire,2020-10-21,9275.0,9943.0,9823.0,9595.789602443103,9917
895,New Hampshire,2020-11-01,9753.0,11018.0,10731.0,10284.471689936941,11214
896,New Hampshire,2020-10-08,8768.0,8875.0,8850.0,8840.25028929017,8878
897,New Hampshire,2020-10-15,9032.0,9424.0,9361.0,9240.276855840215,9426
898,New Hampshire,2020-10-10,8842.0,9029.0,8993.0,8953.450835057089,9092
899,New Hampshire,2020-10-26,9489.0,10411.0,10226.0,9902.467163849633,10397
900,New Hampshire,2020-10-17,9111.0,9592.0,9513.0,9357.119549666973,9625
901,New Hampshire,2020-10-25,9446.0,10314.0,10144.0,9840.376749932535,10328
902,New Hampshire,2020-10-31,9709.0,10913.0,10645.0,10219.821480657607,11084
903,New Hampshire,2020-10-18,9151.0,9678.0,9590.0,9416.206663684652,9625
904,New Hampshire,2020-10-16,9072.0,9508.0,9437.0,9298.501835597719,9514
905,New Hampshire,2020-10-23,9360.0,10126.0,9982.0,9717.439304012456,10112
906,New Hampshire,2020-10-30,9665.0,10810.0,10560.0,10155.605068215871,10884
907,New Hampshire,2020-10-24,9402.0,10219.0,10063.0,9778.701787646618,10238
908,New Hampshire,2020-10-12,8918.0,9191.0,9138.0,9067.51786586596,9208
909,New Hampshire,2020-10-28,9576.0,10608.0,10391.0,10028.274793954128,10641
910,New Jersey,2020-10-14,213261.0,218837.0,214761.0,213941.72270272404,216023
911,New Jersey,2020-10-13,212803.0,217528.0,214256.0,213322.98211904324,215085
912,New Jersey,2020-10-20,215896.0,227669.0,219020.0,217700.3107584995,222193
913,New Jersey,2020-10-09,210838.0,212655.0,211080.0,210855.72937133457,212013
914,New Jersey,2020-10-19,215468.0,226099.0,218506.0,217069.78669924755,221205
915,New Jersey,2020-10-29,219747.0,243472.0,225776.0,223473.96846555945,234547
916,New Jersey,2020-10-22,216747.0,230920.0,220458.0,218969.0330114919,224385
917,New Jersey,2020-10-27,218886.0,239704.0,223889.0,222175.16795882158,231331
918,New Jersey,2020-11-02,221490.0,251440.0,228330.0,226090.941287458,240997
919,New Jersey,2020-10-11,211821.0,215017.0,212858.0,212087.39952762704,213628
920,New Jersey,2020-10-21,216325.0,229276.0,219536.0,218332.81853224232,223223
921,New Jersey,2020-11-01,221054.0,249394.0,227793.0,225434.04967315728,239629
922,New Jersey,2020-10-08,210345.0,211526.0,210585.0,210244.22320934673,211148
923,New Jersey,2020-10-15,213706.0,220194.0,215266.0,214562.4069859324,216994
924,New Jersey,2020-10-10,211335.0,213820.0,211968.0,211470.58537027685,212877
925,New Jersey,2020-10-26,218457.0,237873.0,223364.0,221530.59288027082,229684
926,New Jersey,2020-10-17,214597.0,223069.0,217080.0,215812.9847430039,218738
927,New Jersey,2020-10-25,218027.0,236079.0,222839.0,220888.0424186694,228468
928,New Jersey,2020-10-31,220616.0,247384.0,227258.0,224779.22448682485,237886
929,New Jersey,2020-10-18,215035.0,224566.0,217992.0,216441.23963996343,219647
930,New Jersey,2020-10-16,214158.0,221606.0,216171.0,215186.70944354744,217804
931,New Jersey,2020-10-23,217175.0,232602.0,221385.0,219607.26110222258,225430
932,New Jersey,2020-10-30,220181.0,245410.0,226725.0,224126.45871258536,236523
933,New Jersey,2020-10-24,217597.0,234322.0,222316.0,220247.50971058526,227339
934,New Jersey,2020-10-12,212319.0,216253.0,213753.0,212706.17866582863,214097
935,New Jersey,2020-10-28,219316.0,241570.0,224831.0,222823.5405677138,232997
936,Maine,2020-10-14,5858.0,5873.0,5945.0,5828.339010888821,5816
937,Maine,2020-10-13,5833.0,5832.0,5897.0,5796.073410325963,5780
938,Maine,2020-10-20,6031.0,6140.0,6238.0,6026.689868066595,5987
939,Maine,2020-10-09,5656.0,5677.0,5711.0,5668.499691734979,5665
940,Maine,2020-10-19,6009.0,6093.0,6188.0,5993.206216091144,5961
941,Maine,2020-10-29,6358.0,6603.0,6706.0,6337.056600825535,6466
942,Maine,2020-10-22,6105.0,6236.0,6339.0,6094.203598331989,6063
943,Maine,2020-10-27,6301.0,6493.0,6599.0,6266.591173113762,6309
944,Maine,2020-11-02,6486.0,6832.0,6925.0,6479.883327217626,6798
945,Maine,2020-10-11,5752.0,5754.0,5803.0,5732.089694771753,5720
946,Maine,2020-10-21,6051.0,6188.0,6288.0,6060.35041104273,6024
947,Maine,2020-11-01,6462.0,6773.0,6869.0,6443.716399333023,6711
948,Maine,2020-10-08,5636.0,5639.0,5665.0,5636.976012618934,5638
949,Maine,2020-10-15,5893.0,5915.0,5993.0,5860.974805165063,5834
950,Maine,2020-10-10,5697.0,5716.0,5757.0,5700.203898208754,5695
951,Maine,2020-10-26,6265.0,6440.0,6546.0,6231.659955622646,6251
952,Maine,2020-10-17,5952.0,6002.0,6090.0,5926.809005211875,5912
953,Maine,2020-10-25,6213.0,6388.0,6494.0,6196.993128454464,6199
954,Maine,2020-10-31,6430.0,6716.0,6814.0,6407.960334679288,6662
955,Maine,2020-10-18,5975.0,6047.0,6139.0,5959.912965756005,5937
956,Maine,2020-10-16,5927.0,5958.0,6041.0,5893.797768731308,5863
957,Maine,2020-10-23,6123.0,6286.0,6390.0,6128.250564267903,6094
958,Maine,2020-10-30,6372.0,6659.0,6760.0,6372.407464099753,6566
959,Maine,2020-10-24,6140.0,6336.0,6442.0,6162.523716219792,6136
960,Maine,2020-10-12,5806.0,5793.0,5850.0,5763.99065976184,5752
961,Maine,2020-10-28,6333.0,6547.0,6652.0,6301.722993218933,6386
962,Arkansas,2020-10-14,97010.0,94467.0,94037.0,93659.46884372244,95246
963,Arkansas,2020-10-13,95782.0,93663.0,93285.0,92967.32701926118,94167
964,Arkansas,2020-10-20,104750.0,99707.0,98680.0,97892.40136222531,100441
965,Arkansas,2020-10-09,91043.0,90466.0,90336.0,90241.83320477934,91312
966,Arkansas,2020-10-19,103407.0,98803.0,97890.0,97169.64966731731,99597
967,Arkansas,2020-10-29,117725.0,108456.0,106077.0,104594.95627447202,109712
968,Arkansas,2020-10-22,107497.0,101552.0,100278.0,99337.76946966031,102798
969,Arkansas,2020-10-27,114702.0,106414.0,104386.0,103068.59644551516,107679
970,Arkansas,2020-11-02,124019.0,112713.0,109540.0,107735.1657042165,113641
971,Arkansas,2020-10-11,93350.0,92078.0,91799.0,91598.93728648433,92833
972,Arkansas,2020-10-21,106114.0,100623.0,99475.0,98612.33557085168,101596
973,Arkansas,2020-11-01,122414.0,111627.0,108663.0,106945.99081529118,113057
974,Arkansas,2020-10-08,89957.0,89664.0,89613.0,89571.1041244965,90145
975,Arkansas,2020-10-15,98248.0,95297.0,94796.0,94347.95305788996,96524
976,Arkansas,2020-10-10,92172.0,91274.0,91064.0,90917.76367085498,92220
977,Arkansas,2020-10-26,113221.0,105413.0,103551.0,102314.10339553312,106727
978,Arkansas,2020-10-17,100779.0,97026.0,96331.0,95740.7213731652,98422
979,Arkansas,2020-10-25,111761.0,104426.0,102723.0,101559.88363690094,106115
980,Arkansas,2020-10-31,120830.0,110555.0,107794.0,106156.26265672577,112190
981,Arkansas,2020-10-18,102084.0,97909.0,97107.0,96452.43772167563,99066
982,Arkansas,2020-10-16,99501.0,96153.0,95560.0,95041.69003470313,97539
983,Arkansas,2020-10-23,108899.0,102495.0,101086.0,100068.74668948981,104135
984,Arkansas,2020-10-30,119267.0,109498.0,106932.0,105372.6006487536,110874
985,Arkansas,2020-10-24,110320.0,103453.0,101901.0,100811.4467898582,105318
986,Arkansas,2020-10-12,94560.0,92870.0,92539.0,92280.4972951667,93487
987,Arkansas,2020-10-28,116203.0,107428.0,105228.0,103828.86543750297,108640
988,Michigan,2020-10-14,152566.0,153327.0,158193.0,151547.53771749244,154455
989,Michigan,2020-10-13,151453.0,152087.0,156151.0,150548.0471359779,152862
990,Michigan,2020-10-20,160212.0,161367.0,167259.0,157652.0052552273,165994
991,Michigan,2020-10-09,146945.0,147304.0,148985.0,146616.01558487862,147816
992,Michigan,2020-10-19,158850.0,159978.0,165512.0,156619.40015930435,164123
993,Michigan,2020-10-29,172439.0,174900.0,183873.0,167283.8429445317,190043
994,Michigan,2020-10-22,162887.0,164214.0,171662.0,159744.16927067228,170076
995,Michigan,2020-10-27,169734.0,171732.0,180053.0,165093.15155298484,182344
996,Michigan,2020-11-02,178175.0,181518.0,192732.0,171755.14767949417,204326
997,Michigan,2020-10-11,149227.0,149657.0,152146.0,148569.22517834554,149453
998,Michigan,2020-10-21,161534.0,162779.0,169446.0,158694.5504408151,167872
999,Michigan,2020-11-01,176696.0,179828.0,191181.0,170624.6770663353,197406
1000,Michigan,2020-10-08,145814.0,146145.0,147429.0,145649.2851258752,146493
1001,Michigan,2020-10-15,153767.0,154632.0,159476.0,152549.85671090175,156913
1002,Michigan,2020-10-10,148078.0,148475.0,150557.0,147589.31372494533,149453
1003,Michigan,2020-10-26,168321.0,170183.0,178172.0,164008.86871150773,179669
1004,Michigan,2020-10-17,156267.0,157264.0,162073.0,154574.93061027458,161105
1005,Michigan,2020-10-25,166920.0,168657.0,176739.0,162932.33020438714,175612
1006,Michigan,2020-10-31,175289.0,178161.0,188713.0,169503.53931084758,197406
1007,Michigan,2020-10-18,157520.0,158611.0,163784.0,155593.72447727007,161105
1008,Michigan,2020-10-16,155031.0,155939.0,160769.0,153558.9719454378,159119
1009,Michigan,2020-10-23,164259.0,165672.0,173906.0,160800.91091285326,172122
1010,Michigan,2020-10-30,173886.0,176519.0,186278.0,168389.94524896363,193388
1011,Michigan,2020-10-24,165582.0,167153.0,175317.0,161863.02752603174,175612
1012,Michigan,2020-10-12,150301.0,150860.0,154135.0,149555.29174097473,151396
1013,Michigan,2020-10-28,171070.0,173305.0,181953.0,166184.79257248304,185934
1014,California,2020-10-14,866844.0,877805.0,860764.0,862421.4204921663,865204
1015,California,2020-10-13,863195.0,872377.0,858743.0,859195.7815251867,861310
1016,California,2020-10-20,888976.0,914085.0,877835.0,882024.7444357931,883746
1017,California,2020-10-09,848900.0,852113.0,846012.0,846439.2634245165,849076
1018,California,2020-10-19,885227.0,907655.0,875773.0,878721.8067669793,879645
1019,California,2020-10-29,923458.0,978559.0,904912.0,912311.0183567611,923648
1020,California,2020-10-22,896524.0,927384.0,883600.0,888663.0463992369,893364
1021,California,2020-10-27,915682.0,963216.0,897352.0,905493.619631782,914888
1022,California,2020-11-02,939208.0,1010963.0,915148.0,926130.2051460812,940411
1023,California,2020-10-11,856015.0,861968.0,853140.0,852789.1281192474,855190
1024,California,2020-10-21,892741.0,920661.0,879902.0,885340.7700090143,886939
1025,California,2020-11-01,935245.0,1002646.0,912999.0,922653.0572981469,935878
1026,California,2020-10-08,845382.0,847371.0,844025.0,843283.7530286441,845270
1027,California,2020-10-15,870453.0,883411.0,862791.0,865659.8275453928,868148
1028,California,2020-10-10,852421.0,856979.0,849569.0,849607.9470734871,852410
1029,California,2020-10-26,911819.0,955757.0,895244.0,902098.030667412,910438
1030,California,2020-10-17,877775.0,895224.0,870059.0,872161.6993339623,873614
1031,California,2020-10-25,907972.0,948443.0,893142.0,898715.8577471406,906596
1032,California,2020-10-31,931300.0,994473.0,910855.0,919189.6621794405,932143
1033,California,2020-10-18,881497.0,901369.0,873716.0,875431.9030350616,875692
1034,California,2020-10-16,874118.0,889215.0,866417.0,868904.3584442656,871253
1035,California,2020-10-23,900325.0,934256.0,887314.0,891998.4534978044,898799
1036,California,2020-10-30,927371.0,986444.0,908715.0,915739.9629746489,928028
1037,California,2020-10-24,904140.0,941276.0,891044.0,895347.0454984673,903684
1038,California,2020-10-12,859615.0,867105.0,856726.0,855982.8580451309,857913
1039,California,2020-10-28,919562.0,970816.0,901124.0,908895.5891104207,919276
1040,Connecticut,2020-10-14,61488.0,62407.0,63215.0,61442.98526165643,61861
1041,Connecticut,2020-10-13,61235.0,61972.0,62709.0,61155.743249362895,61697
1042,Connecticut,2020-10-20,62530.0,65225.0,66336.0,63201.78288371187,64455
1043,Connecticut,2020-10-09,59935.0,60358.0,60727.0,60017.83094017752,60038
1044,Connecticut,2020-10-19,62410.0,64731.0,65805.0,62905.46482513174,64021
1045,Connecticut,2020-10-29,65582.0,70115.0,71308.0,65936.18251270264,70446
1046,Connecticut,2020-10-22,63413.0,66243.0,67410.0,63798.14690048877,65373
1047,Connecticut,2020-10-27,64538.0,68960.0,70172.0,65317.960861028594,68637
1048,Connecticut,2020-11-02,66910.0,72546.0,73636.0,67188.92379526966,73858
1049,Connecticut,2020-10-11,60259.0,61145.0,61710.0,60585.43015180678,60038
1050,Connecticut,2020-10-21,63413.0,65729.0,66871.0,63499.23947490533,64871
1051,Connecticut,2020-11-01,65979.0,71923.0,73047.0,66872.36848318069,71207
1052,Connecticut,2020-10-08,59364.0,59984.0,60241.0,59736.103554121226,59748
1053,Connecticut,2020-10-15,61488.0,62864.0,63725.0,61732.949845199444,62028
1054,Connecticut,2020-10-10,60135.0,60745.0,61216.0,60300.93749173914,60038
1055,Connecticut,2020-10-26,64431.0,68396.0,69611.0,65011.10577383693,68099
1056,Connecticut,2020-10-17,62410.0,63774.0,64757.0,62317.144776947265,62830
1057,Connecticut,2020-10-25,64431.0,67844.0,69054.0,64705.41940475865,66052
1058,Connecticut,2020-10-31,65853.0,71310.0,72463.0,66558.7850487013,71207
1059,Connecticut,2020-10-18,62410.0,64248.0,65279.0,62610.58785888416,62830
1060,Connecticut,2020-10-16,61541.0,63309.0,64239.0,62024.33396949006,62830
1061,Connecticut,2020-10-23,63413.0,66766.0,67953.0,64098.51242830573,66052
1062,Connecticut,2020-10-30,65853.0,70708.0,71883.0,66246.72559608963,71207
1063,Connecticut,2020-10-24,63534.0,67300.0,68501.0,64401.224116451005,66052
1064,Connecticut,2020-10-12,60383.0,61558.0,62208.0,60869.89386022642,61377
1065,Connecticut,2020-10-28,64669.0,69532.0,70738.0,65626.31725876126,69127
1066,Arizona,2020-10-14,226219.0,231615.0,227849.0,226531.84141100897,227635
1067,Arizona,2020-10-13,225494.0,230264.0,227314.0,225941.91880367597,226734
1068,Arizona,2020-10-20,229719.0,240793.0,232368.0,230105.58113965715,232937
1069,Arizona,2020-10-09,223348.0,225298.0,224357.0,223598.34436497538,224084
1070,Arizona,2020-10-19,229173.0,239161.0,231822.0,229505.8623485107,231897
1071,Arizona,2020-10-29,234205.0,257294.0,239977.0,235577.84382644374,242480
1072,Arizona,2020-10-22,230772.0,244180.0,234325.0,231309.9713263917,234906
1073,Arizona,2020-10-27,233275.0,253353.0,237972.0,234350.06086498225,240122
1074,Arizona,2020-11-02,236443.0,265637.0,242692.0,238053.7625379865,248139
1075,Arizona,2020-10-11,224394.0,227700.0,226248.0,224766.91768590134,225575
1076,Arizona,2020-10-21,230163.0,242467.0,233345.0,230706.9492071254,233912
1077,Arizona,2020-11-01,235841.0,263494.0,241676.0,237432.22646219042,247473
1078,Arizona,2020-10-08,222932.0,224147.0,223418.0,223016.45655666423,223401
1079,Arizona,2020-10-15,226749.0,233026.0,228807.0,227123.38494548047,228748
1080,Arizona,2020-10-10,223964.0,226479.0,225301.0,224181.8298686872,224978
1081,Arizona,2020-10-26,232728.0,251440.0,236976.0,233738.69634244114,238964
1082,Arizona,2020-10-17,227837.0,236014.0,230734.0,228311.35356592337,230459
1083,Arizona,2020-10-25,232100.0,249566.0,236420.0,233129.00996880484,238163
1084,Arizona,2020-10-31,235366.0,261389.0,241108.0,236812.39794151325,245946
1085,Arizona,2020-10-18,228616.0,237568.0,231278.0,228907.78807274817,231149
1086,Arizona,2020-10-16,227328.0,234497.0,229769.0,227716.55409603508,229486
1087,Arizona,2020-10-23,231218.0,245935.0,235310.0,231914.65228751765,235882
1088,Arizona,2020-10-30,234763.0,259322.0,240542.0,236194.27203742097,244045
1089,Arizona,2020-10-24,231645.0,247730.0,235864.0,232520.9968951974,236772
1090,Arizona,2020-10-12,224971.0,228959.0,226780.0,225353.61244879695,226050
1091,Arizona,2020-10-28,233703.0,255305.0,238973.0,234963.10840012674,241165
1092,Utah,2020-10-14,87113.0,88318.0,87177.0,87349.14939033563,88963
1093,Utah,2020-10-13,86256.0,87167.0,86475.0,86289.76268428439,87819
1094,Utah,2020-10-20,92558.0,95444.0,93083.0,93892.87035068631,96643
1095,Utah,2020-10-09,82770.0,82649.0,82501.0,82157.20371301976,83290
1096,Utah,2020-10-19,91870.0,94217.0,91882.0,92789.56906958632,95562
1097,Utah,2020-10-29,101350.0,107083.0,102329.0,104478.33579163862,110640
1098,Utah,2020-10-22,94596.0,97934.0,95065.0,96144.19342777428,99549
1099,Utah,2020-10-27,99441.0,104396.0,99705.0,102039.8660814429,107228
1100,Utah,2020-11-02,105147.0,112637.0,106210.0,109540.70106832887,117706
1101,Utah,2020-10-11,84430.0,84887.0,84672.0,84201.78259434765,85844
1102,Utah,2020-10-21,93480.0,96682.0,94300.0,95010.11676327085,98006
1103,Utah,2020-11-01,104330.0,111226.0,105356.0,108251.24138693741,116510
1104,Utah,2020-10-08,81738.0,81563.0,81639.0,81112.67781278628,81947
1105,Utah,2020-10-15,87836.0,89463.0,87884.0,88422.21386891278,90461
1106,Utah,2020-10-10,83640.0,83760.0,83580.0,83172.95191798282,84644
1107,Utah,2020-10-26,97890.0,103074.0,98664.0,100829.89587484681,106083
1108,Utah,2020-10-17,89803.0,91805.0,89749.0,90593.39581899969,93297
1109,Utah,2020-10-25,97052.0,101767.0,97633.0,99635.24063444295,104882
1110,Utah,2020-10-31,103226.0,109830.0,104508.0,106977.98260438585,114656
1111,Utah,2020-10-18,91057.0,93004.0,90696.0,91700.02980655311,94394
1112,Utah,2020-10-16,88647.0,90618.0,88811.0,89500.85319354186,91957
1113,Utah,2020-10-23,95612.0,99198.0,95836.0,97292.65582020611,101509
1114,Utah,2020-10-30,102403.0,108449.0,103667.0,105720.71011656478,112932
1115,Utah,2020-10-24,96370.0,100476.0,96614.0,98455.6957582876,103117
1116,Utah,2020-10-12,85451.0,86024.0,85780.0,85243.87119318426,86832
1117,Utah,2020-10-28,100668.0,105732.0,101009.0,103251.45540781696,108803
1118,West Virginia,2020-10-14,18564.0,18479.0,18498.0,18164.473328321295,18823
1119,West Virginia,2020-10-13,18375.0,18283.0,18259.0,18000.904145505512,18557
1120,West Virginia,2020-10-20,19927.0,19723.0,19607.0,19177.530684368885,20520
1121,West Virginia,2020-10-09,17548.0,17508.0,17465.0,17348.293331070265,17707
1122,West Virginia,2020-10-19,19694.0,19509.0,19402.0,19005.1442205949,20293
1123,West Virginia,2020-10-29,22129.0,21760.0,21554.0,20799.288278349202,23466
1124,West Virginia,2020-10-22,20431.0,20157.0,20073.0,19526.564473398656,21057
1125,West Virginia,2020-10-27,21637.0,21288.0,21107.0,20426.039158662767,22710
1126,West Virginia,2020-11-02,23152.0,22737.0,22647.0,21563.960790139638,25238
1127,West Virginia,2020-10-11,17944.0,17895.0,17835.0,17673.771332593158,18132
1128,West Virginia,2020-10-21,20202.0,19938.0,19814.0,19351.566158962847,20735
1129,West Virginia,2020-11-01,22927.0,22489.0,22355.0,21370.346793865832,24883
1130,West Virginia,2020-10-08,17345.0,17318.0,17324.0,17184.32124635978,17333
1131,West Virginia,2020-10-15,18803.0,18678.0,18740.0,18329.599008570727,19084
1132,West Virginia,2020-10-10,17709.0,17700.0,17649.0,17510.2489727504,17927
1133,West Virginia,2020-10-26,21401.0,21056.0,20937.0,20242.826974336334,22224
1134,West Virginia,2020-10-17,19297.0,19089.0,19045.0,18664.518529082292,19805
1135,West Virginia,2020-10-25,21141.0,20827.0,20768.0,20061.346210035543,21907
1136,West Virginia,2020-10-31,22661.0,22243.0,22067.0,21178.568753271215,24460
1137,West Virginia,2020-10-18,19503.0,19298.0,19199.0,18834.39031062454,20081
1138,West Virginia,2020-10-16,19063.0,18883.0,18892.0,18496.260135143235,19586
1139,West Virginia,2020-10-23,20623.0,20377.0,20335.0,19703.230075628333,21393
1140,West Virginia,2020-10-30,22410.0,22000.0,21782.0,20988.608299595933,23992
1141,West Virginia,2020-10-24,20807.0,20601.0,20601.0,19881.579665350528,21716
1142,West Virginia,2020-10-12,18186.0,18091.0,18023.0,17838.876120589113,18281
1143,West Virginia,2020-10-28,21869.0,21523.0,21329.0,20611.771257574383,23067
1144,New Mexico,2020-10-14,33326.0,33151.0,33813.0,32765.040869099936,34290
1145,New Mexico,2020-10-13,33074.0,32864.0,33377.0,32520.359811751547,33713
1146,New Mexico,2020-10-20,35011.0,34997.0,35840.0,34258.1628581205,37896
1147,New Mexico,2020-10-09,31839.0,31738.0,31924.0,31562.329310999616,32241
1148,New Mexico,2020-10-19,34750.0,34678.0,35466.0,34003.11507846152,37302
1149,New Mexico,2020-10-29,37288.0,38081.0,39400.0,36616.20606799461,44904
1150,New Mexico,2020-10-22,35386.0,35648.0,36692.0,34769.92114606046,39377
1151,New Mexico,2020-10-27,36784.0,37361.0,38582.0,36080.02255834147,43169
1152,New Mexico,2020-11-02,38403.0,39581.0,41398.0,37720.27372978565,48104
1153,New Mexico,2020-10-11,32438.0,32296.0,32602.0,32037.321997895255,32983
1154,New Mexico,2020-10-21,35170.0,35320.0,36218.0,34515.2275611173,38715
1155,New Mexico,2020-11-01,37883.0,39198.0,40864.0,37440.48794897057,47232
1156,New Mexico,2020-10-08,31553.0,31466.0,31668.0,31317.75209900711,31756
1157,New Mexico,2020-10-15,33622.0,33445.0,34255.0,33011.65544934504,34958
1158,New Mexico,2020-10-10,32153.0,32016.0,32261.0,31798.90461371684,32722
1159,New Mexico,2020-10-26,36505.0,37009.0,38271.0,35813.023376874015,42586
1160,New Mexico,2020-10-17,34280.0,34053.0,34813.0,33502.037151758974,36343
1161,New Mexico,2020-10-25,36093.0,36661.0,37963.0,35548.08573289636,41863
1162,New Mexico,2020-10-31,37597.0,38821.0,40337.0,37162.87039112012,46490
1163,New Mexico,2020-10-18,34491.0,34363.0,35095.0,33750.0674645951,36788
1164,New Mexico,2020-10-16,33816.0,33748.0,34533.0,33255.90484657151,35770
1165,New Mexico,2020-10-23,35735.0,35981.0,37172.0,35026.57110332305,40168
1166,New Mexico,2020-10-30,37414.0,38448.0,39816.0,36887.40349930156,45909
1167,New Mexico,2020-10-24,35954.0,36319.0,37658.0,35285.19301855752,41040
1168,New Mexico,2020-10-12,32625.0,32580.0,32946.0,32277.596324655748,33362
1169,New Mexico,2020-10-28,37010.0,37719.0,38989.0,36347.08458452288,43826
1170,Nevada,2020-10-14,87885.0,87597.0,87997.0,86263.3867194479,87314
1171,Nevada,2020-10-13,87208.0,86978.0,87293.0,85810.17824591215,86835
1172,Nevada,2020-10-20,92254.0,91666.0,92341.0,89036.34755274541,91499
1173,Nevada,2020-10-09,84584.0,84587.0,84534.0,84018.84645396334,84593
1174,Nevada,2020-10-19,91492.0,90954.0,91603.0,88569.03886658557,90843
1175,Nevada,2020-10-29,99641.0,98687.0,99263.0,93369.09032147331,98552
1176,Nevada,2020-10-22,93814.0,93131.0,93837.0,89981.0274111764,92853
1177,Nevada,2020-10-27,97916.0,97031.0,97682.0,92387.11345191828,96908
1178,Nevada,2020-11-02,103224.0,102165.0,102504.0,95361.99099245922,102114
1179,Nevada,2020-10-11,85865.0,85763.0,85902.0,84910.13703816589,85779
1180,Nevada,2020-10-21,93028.0,92392.0,93086.0,89506.1716998615,92064
1181,Nevada,2020-11-01,102311.0,101275.0,101684.0,94859.9938518697,101477
1182,Nevada,2020-10-08,83966.0,84021.0,84064.0,83574.22595348953,83827
1183,Nevada,2020-10-15,88578.0,88235.0,88707.0,86719.0370120161,87969
1184,Nevada,2020-10-10,85210.0,85168.0,85215.0,84463.29085894095,85399
1185,Nevada,2020-10-26,97071.0,96223.0,96900.0,91901.63612368697,96178
1186,Nevada,2020-10-17,90003.0,89568.0,90143.0,87640.00667381816,89652
1187,Nevada,2020-10-25,96238.0,95429.0,96125.0,91418.76082191734,95703
1188,Nevada,2020-10-31,101410.0,100398.0,100871.0,94360.69192436911,100761
1189,Nevada,2020-10-18,90743.0,90254.0,90870.0,88104.23190840337,90261
1190,Nevada,2020-10-16,89283.0,88894.0,89422.0,87178.27961809486,88685
1191,Nevada,2020-10-23,94610.0,93883.0,94593.0,90458.45653874955,93665
1192,Nevada,2020-10-30,100520.0,99536.0,100064.0,93864.07045696404,99784
1193,Nevada,2020-10-24,95418.0,94649.0,95356.0,90938.47332671765,94812
1194,Nevada,2020-10-12,86541.0,86371.0,86595.0,85359.3982502195,86348
1195,Nevada,2020-10-28,98773.0,97852.0,98469.0,92876.77620827955,97479
1196,North Dakota,2020-10-14,27736.0,28001.0,29089.0,28161.042543311643,28947
1197,North Dakota,2020-10-13,27186.0,27530.0,28597.0,27658.410491408467,28244
1198,North Dakota,2020-10-20,31374.0,30968.0,33001.0,31329.930060343348,33666
1199,North Dakota,2020-10-09,25482.0,25685.0,26290.0,25740.35476498368,26039
1200,North Dakota,2020-10-19,30603.0,30459.0,32442.0,30775.428471626572,32637
1201,North Dakota,2020-10-29,36732.0,35817.0,40354.0,36755.60939378504,41130
1202,North Dakota,2020-10-22,32723.0,32003.0,34692.0,32458.2286309008,35052
1203,North Dakota,2020-10-27,35491.0,34696.0,38386.0,35476.15356470955,39130
1204,North Dakota,2020-11-02,39642.0,38135.0,43548.0,39483.11734663565,46015
1205,North Dakota,2020-10-11,26544.0,26598.0,27638.0,26681.157968679916,27264
1206,North Dakota,2020-10-21,32009.0,31482.0,33836.0,31888.819463410844,34165
1207,North Dakota,2020-11-01,39069.0,37546.0,42473.0,38786.69210091829,45043
1208,North Dakota,2020-10-08,25186.0,25233.0,25641.0,25282.849198730248,25384
1209,North Dakota,2020-10-15,28319.0,28479.0,29825.0,28663.6142285685,29653
1210,North Dakota,2020-10-10,25997.0,26140.0,26955.0,26206.402994179407,26627
1211,North Dakota,2020-10-26,34760.0,34145.0,37438.0,34854.14248144641,38241
1212,North Dakota,2020-10-17,29384.0,29459.0,31354.0,29697.220075066714,31261
1213,North Dakota,2020-10-25,33993.0,33600.0,36805.0,34237.42596653036,37719
1214,North Dakota,2020-10-31,38153.0,36963.0,41755.0,38096.773013081496,43916
1215,North Dakota,2020-10-18,30039.0,29956.0,31894.0,30231.259039506098,31978
1216,North Dakota,2020-10-16,28801.0,28968.0,30580.0,29175.611644207656,30517
1217,North Dakota,2020-10-23,33337.0,32529.0,35570.0,33038.36576823566,35939
1218,North Dakota,2020-10-30,37515.0,36387.0,41048.0,37419.83101381499,42483
1219,North Dakota,2020-10-24,33630.0,33061.0,36183.0,33632.242687605656,36874
1220,North Dakota,2020-10-12,26896.0,27063.0,28113.0,27165.17688154975,27736
1221,North Dakota,2020-10-28,35961.0,35253.0,39358.0,36109.898146247266,39907
1222,Ohio,2020-10-14,170789.0,172136.0,177354.0,170428.39392837437,173665
1223,Ohio,2020-10-13,169707.0,170714.0,175065.0,169262.7773270663,171626
1224,Ohio,2020-10-20,178571.0,181274.0,187519.0,177553.94920281364,185639
1225,Ohio,2020-10-09,164766.0,165204.0,167031.0,164666.9988221582,166102
1226,Ohio,2020-10-19,177120.0,179691.0,185561.0,176344.53356850287,183624
1227,Ohio,2020-10-29,190144.0,196650.0,206146.0,188774.28334525786,208937
1228,Ohio,2020-10-22,181085.0,184512.0,192455.0,179979.7571762553,190430
1229,Ohio,2020-10-27,187525.0,193053.0,201862.0,186226.9542599547,202740
1230,Ohio,2020-11-02,195613.0,204159.0,216077.0,194007.90586717366,221909
1231,Ohio,2020-10-11,167320.0,167930.0,170575.0,166956.04890572434,168749
1232,Ohio,2020-10-21,179859.0,182880.0,189971.0,178762.6343053683,188005
1233,Ohio,2020-11-01,193993.0,202242.0,214338.0,192692.08368579875,219000
1234,Ohio,2020-10-08,163730.0,163874.0,165287.0,163534.5664394908,164262
1235,Ohio,2020-10-15,172096.0,173596.0,178793.0,171594.39518366018,175843
1236,Ohio,2020-10-10,165971.0,166556.0,168794.0,165807.47346177403,167458
1237,Ohio,2020-10-26,186347.0,191294.0,199754.0,184966.53193169177,200231
1238,Ohio,2020-10-17,174721.0,176598.0,181705.0,173950.95840111616,180225
1239,Ohio,2020-10-25,184884.0,189559.0,198147.0,183704.0126405195,198115
1240,Ohio,2020-10-31,192776.0,200351.0,211572.0,191376.9787976422,215697
1241,Ohio,2020-10-18,175835.0,178132.0,183623.0,175143.55670730924,181787
1242,Ohio,2020-10-16,173542.0,175087.0,180243.0,172768.56385072833,177991
1243,Ohio,2020-10-23,182220.0,186168.0,194971.0,181205.3780662754,192948
1244,Ohio,2020-10-30,191664.0,198487.0,208841.0,190071.0672573141,212782
1245,Ohio,2020-10-24,183645.0,187851.0,196553.0,182450.3156927108,195806
1246,Ohio,2020-10-12,168662.0,169318.0,172806.0,168105.34867490784,170179
1247,Ohio,2020-10-28,188724.0,194838.0,203993.0,187496.18375000183,205347
