,state,date,knn,mdp,rmdp,deaths
0,Utah,2020-10-20,533.0,541.0,523.0747859849763,551
1,Utah,2020-10-30,548.0,576.0,550.9550672170244,601
2,Utah,2020-10-27,543.0,565.0,542.3259846134213,578
3,Utah,2020-10-15,523.0,521.0,509.7824936755666,529
4,Utah,2020-10-22,535.0,549.0,528.439734619953,563
5,Utah,2020-10-29,546.0,572.0,548.0290590287484,598
6,Utah,2020-10-28,544.0,569.0,545.1680739279217,588
7,Utah,2020-10-17,527.0,527.0,515.0090285726668,540
8,Utah,2020-10-26,542.0,562.0,539.5026269890778,574
9,Utah,2020-11-02,553.0,586.0,559.7873110724114,614
10,Utah,2020-10-11,512.0,512.0,499.2846475208158,517
11,Utah,2020-11-01,551.0,583.0,556.8683564785855,614
12,Utah,2020-10-09,505.0,506.0,494.13683044208045,505
13,Utah,2020-10-18,528.0,531.0,517.6810312735695,543
14,Utah,2020-10-24,539.0,555.0,533.9144293810389,568
15,Utah,2020-10-21,535.0,545.0,525.7491717412859,557
16,Utah,2020-10-12,518.0,516.0,501.9041361995809,522
17,Utah,2020-10-31,549.0,579.0,553.901433522373,604
18,Utah,2020-10-19,530.0,536.0,520.369577847217,546
19,Utah,2020-10-08,502.0,502.0,491.5863557695553,501
20,Utah,2020-10-13,520.0,517.0,504.54011526470407,522
21,Utah,2020-10-16,526.0,524.0,512.3878990647415,537
22,Utah,2020-10-23,537.0,552.0,531.1465864548129,567
23,Utah,2020-10-10,509.0,509.0,496.70289163618986,510
24,Utah,2020-10-25,541.0,559.0,536.6997330726593,572
25,Utah,2020-10-14,521.0,519.0,507.1927049535494,527
26,Nevada,2020-10-20,1752.0,1680.0,1682.7504149825284,1727
27,Nevada,2020-10-30,1846.0,1720.0,1722.1065283854603,1777
28,Nevada,2020-10-27,1818.0,1704.0,1710.1866563106887,1756
29,Nevada,2020-10-15,1707.0,1660.0,1663.4710436926102,1698
30,Nevada,2020-10-22,1771.0,1687.0,1690.5359625731348,1736
31,Nevada,2020-10-29,1837.0,1714.0,1718.1223704830002,1769
32,Nevada,2020-10-28,1827.0,1709.0,1714.1490911691444,1766
33,Nevada,2020-10-17,1724.0,1671.0,1671.151328795712,1707
34,Nevada,2020-10-26,1809.0,1702.0,1706.2350318945962,1749
35,Nevada,2020-11-02,1876.0,1726.0,1734.124616768813,1784
36,Nevada,2020-10-11,1671.0,1649.0,1648.2351522545855,1661
37,Nevada,2020-11-01,1866.0,1724.0,1730.1076170926458,1781
38,Nevada,2020-10-09,1652.0,1639.0,1640.6563785811227,1657
39,Nevada,2020-10-18,1734.0,1676.0,1675.007170217102,1710
40,Nevada,2020-10-24,1790.0,1698.0,1698.3640789354183,1743
41,Nevada,2020-10-21,1761.0,1682.0,1686.637884346891,1732
42,Nevada,2020-10-12,1680.0,1654.0,1652.0286212856963,1664
43,Nevada,2020-10-31,1856.0,1722.0,1726.1015991303632,1777
44,Nevada,2020-10-19,1742.0,1678.0,1678.8735212953316,1712
45,Nevada,2020-10-08,1645.0,1637.0,1636.8823952548034,1649
46,Nevada,2020-10-13,1689.0,1656.0,1655.8324046734924,1674
47,Nevada,2020-10-16,1716.0,1665.0,1667.3059641946563,1707
48,Nevada,2020-10-23,1780.0,1692.0,1694.444682962943,1738
49,Nevada,2020-10-10,1661.0,1644.0,1644.4406202356802,1659
50,Nevada,2020-10-25,1799.0,1700.0,1702.294184027535,1748
51,Nevada,2020-10-14,1698.0,1658.0,1659.6465346829862,1691
52,Montana,2020-10-20,241.0,213.0,225.4433859973058,252
53,Montana,2020-10-30,308.0,226.0,255.91653069948407,364
54,Montana,2020-10-27,284.0,222.0,246.15817874795096,305
55,Montana,2020-10-15,219.0,204.0,211.8844873349916,230
56,Montana,2020-10-22,250.0,215.0,231.04833200872145,278
57,Montana,2020-10-29,299.0,225.0,252.58856711576829,337
58,Montana,2020-10-28,291.0,223.0,249.3242497665098,325
59,Montana,2020-10-17,228.0,207.0,217.17682327185827,239
60,Montana,2020-10-26,276.0,221.0,243.0476763793661,303
61,Montana,2020-11-02,331.0,230.0,266.18822898099154,386
62,Montana,2020-10-11,205.0,201.0,201.6856375445185,210
63,Montana,2020-11-01,324.0,229.0,262.7177384174352,376
64,Montana,2020-10-09,198.0,199.0,196.6396013919503,206
65,Montana,2020-10-18,232.0,209.0,219.91933646588228,241
66,Montana,2020-10-24,263.0,218.0,236.95443894894464,294
67,Montana,2020-10-21,245.0,214.0,228.2218475221811,275
68,Montana,2020-10-12,207.0,202.0,204.22743393825533,212
69,Montana,2020-10-31,316.0,227.0,259.3097949836376,375
70,Montana,2020-10-19,237.0,211.0,222.71196342947283,241
71,Montana,2020-10-08,196.0,198.0,194.13309224196544,197
72,Montana,2020-10-13,211.0,203.0,206.81330939309834,217
73,Montana,2020-10-16,223.0,206.0,214.48325236885654,235
74,Montana,2020-10-23,256.0,217.0,233.9738198225735,282
75,Montana,2020-10-10,200.0,200.0,199.1869450692951,209
76,Montana,2020-10-25,269.0,219.0,239.99158035608477,297
77,Montana,2020-10-14,215.0,203.0,209.3281162437764,225
78,Virginia,2020-10-20,3571.0,3580.0,3462.6412768927576,3485
79,Virginia,2020-10-30,3791.0,3802.0,3592.345851801363,3643
80,Virginia,2020-10-27,3724.0,3734.0,3552.831272764693,3600
81,Virginia,2020-10-15,3466.0,3464.0,3399.623685092368,3388
82,Virginia,2020-10-22,3614.0,3624.0,3488.160033627978,3524
83,Virginia,2020-10-29,3769.0,3779.0,3579.11463043859,3636
84,Virginia,2020-10-28,3746.0,3756.0,3565.9432079163284,3616
85,Virginia,2020-10-17,3507.0,3517.0,3424.68420781733,3422
86,Virginia,2020-10-26,3702.0,3712.0,3539.7812510571307,3581
87,Virginia,2020-11-02,3860.0,3871.0,3632.391168793968,3658
88,Virginia,2020-10-11,3383.0,3358.0,3349.2763717322155,3358
89,Virginia,2020-11-01,3837.0,3848.0,3618.982090397452,3655
90,Virginia,2020-10-09,3342.0,3326.0,3324.134005752602,3344
91,Virginia,2020-10-18,3528.0,3538.0,3437.2997927890087,3433
92,Virginia,2020-10-24,3658.0,3667.0,3513.857534380948,3578
93,Virginia,2020-10-21,3592.0,3602.0,3475.3979295403838,3515
94,Virginia,2020-10-12,3404.0,3380.0,3361.94068437564,3361
95,Virginia,2020-10-31,3814.0,3825.0,3605.633757152325,3654
96,Virginia,2020-10-19,3550.0,3559.0,3449.941997147662,3457
97,Virginia,2020-10-08,3323.0,3315.0,3311.0213166238213,3328
98,Virginia,2020-10-13,3425.0,3401.0,3374.443725113218,3372
99,Virginia,2020-10-16,3487.0,3495.0,3412.125604413852,3408
100,Virginia,2020-10-23,3636.0,3645.0,3500.979801578285,3539
101,Virginia,2020-10-10,3362.0,3337.0,3336.674281426537,3354
102,Virginia,2020-10-25,3680.0,3689.0,3526.7901071138867,3579
103,Virginia,2020-10-14,3446.0,3432.0,3387.0046210648748,3381
104,Oklahoma,2020-10-20,1167.0,1469.0,1146.5867862197153,1191
105,Oklahoma,2020-10-30,1245.0,2102.0,1210.79169276251,1326
106,Oklahoma,2020-10-27,1217.0,1880.0,1191.0411013969872,1273
107,Oklahoma,2020-10-15,1130.0,1246.0,1116.1447116766458,1143
108,Oklahoma,2020-10-22,1172.0,1595.0,1159.0720663232773,1221
109,Oklahoma,2020-10-29,1237.0,2017.0,1204.165666951622,1306
110,Oklahoma,2020-10-28,1226.0,1936.0,1197.5822515808472,1286
111,Oklahoma,2020-10-17,1141.0,1329.0,1128.1138635328937,1162
112,Oklahoma,2020-10-26,1208.0,1825.0,1184.5213830211485,1251
113,Oklahoma,2020-11-02,1286.0,2350.0,1231.3163184269479,1354
114,Oklahoma,2020-10-11,1107.0,1117.0,1091.7465396582918,1098
115,Oklahoma,2020-11-01,1268.0,2269.0,1224.4278230968,1345
116,Oklahoma,2020-10-09,1085.0,1089.0,1079.8476659228843,1091
117,Oklahoma,2020-10-18,1142.0,1369.0,1134.1516254624037,1171
118,Oklahoma,2020-10-24,1196.0,1711.0,1171.6037261758174,1245
119,Oklahoma,2020-10-21,1170.0,1531.0,1152.86212928842,1210
120,Oklahoma,2020-10-12,1110.0,1139.0,1097.7508040199516,1104
121,Oklahoma,2020-10-31,1256.0,2191.0,1217.586426280552,1337
122,Oklahoma,2020-10-19,1154.0,1410.0,1140.3500388852904,1173
123,Oklahoma,2020-10-08,1078.0,1082.0,1073.6354614115166,1085
124,Oklahoma,2020-10-13,1108.0,1162.0,1103.8429112086922,1119
125,Oklahoma,2020-10-16,1139.0,1291.0,1122.1116337411777,1154
126,Oklahoma,2020-10-23,1185.0,1652.0,1165.3191850147064,1234
127,Oklahoma,2020-10-10,1093.0,1095.0,1085.7789087625806,1095
128,Oklahoma,2020-10-25,1206.0,1772.0,1178.0423532109553,1249
129,Oklahoma,2020-10-14,1115.0,1203.0,1109.9741179564958,1132
130,Tennessee,2020-10-20,3186.0,2903.0,2826.0125416090737,2952
131,Tennessee,2020-10-30,3681.0,3082.0,2991.754602283998,3341
132,Tennessee,2020-10-27,3525.0,3027.0,2940.8883166954097,3207
133,Tennessee,2020-10-15,2965.0,2789.0,2746.6659393140876,2864
134,Tennessee,2020-10-22,3279.0,2938.0,2857.631446109365,3011
135,Tennessee,2020-10-29,3628.0,3064.0,2974.745915390608,3263
136,Tennessee,2020-10-28,3576.0,3045.0,2957.877396038934,3241
137,Tennessee,2020-10-17,3051.0,2824.0,2778.266441198433,2903
138,Tennessee,2020-10-26,3475.0,3009.0,2924.0464301147163,3163
139,Tennessee,2020-11-02,3844.0,3138.0,3044.1423220315232,3379
140,Tennessee,2020-10-11,2796.0,2743.0,2684.413709785877,2767
141,Tennessee,2020-11-01,3789.0,3119.0,3026.4467840972065,3353
142,Tennessee,2020-10-09,2716.0,2711.0,2652.535658768422,2732
143,Tennessee,2020-10-18,3096.0,2850.0,2794.258916160396,2909
144,Tennessee,2020-10-24,3376.0,2973.0,2890.6337824808684,3100
145,Tennessee,2020-10-21,3232.0,2920.0,2841.759552383893,2970
146,Tennessee,2020-10-12,2837.0,2752.0,2699.9291223380064,2774
147,Tennessee,2020-10-31,3735.0,3101.0,3008.9051192469315,3353
148,Tennessee,2020-10-19,3140.0,2876.0,2810.3890479704082,2922
149,Tennessee,2020-10-08,2680.0,2695.0,2636.1962390738636,2705
150,Tennessee,2020-10-13,2881.0,2762.0,2715.567504346234,2797
151,Tennessee,2020-10-16,3008.0,2806.0,2762.40988753542,2871
152,Tennessee,2020-10-23,3327.0,2955.0,2874.0615758455074,3076
153,Tennessee,2020-10-10,2755.0,2727.0,2669.019993604772,2758
154,Tennessee,2020-10-25,3425.0,2991.0,2907.3498585284233,3131
155,Tennessee,2020-10-14,2922.0,2771.0,2731.052319138347,2828
156,Minnesota,2020-10-20,2274.0,2341.0,2273.8604082528764,2299
157,Minnesota,2020-10-30,2355.0,2486.0,2369.8367709395216,2491
158,Minnesota,2020-10-27,2324.0,2442.0,2340.550139790301,2421
159,Minnesota,2020-10-15,2224.0,2272.0,2227.5539253506986,2252
160,Minnesota,2020-10-22,2295.0,2370.0,2292.522849069936,2354
161,Minnesota,2020-10-29,2343.0,2471.0,2359.9045235977533,2472
162,Minnesota,2020-10-28,2331.0,2457.0,2350.2022953919995,2440
163,Minnesota,2020-10-17,2242.0,2300.0,2245.7394060486818,2270
164,Minnesota,2020-10-26,2326.0,2427.0,2330.947730785566,2406
165,Minnesota,2020-11-02,2379.0,2531.0,2399.7730236380535,2538
166,Minnesota,2020-10-11,2185.0,2197.0,2191.080550466535,2194
167,Minnesota,2020-11-01,2368.0,2516.0,2389.863541792253,2529
168,Minnesota,2020-10-09,2167.0,2169.0,2173.245891794102,2174
169,Minnesota,2020-10-18,2253.0,2314.0,2255.063164345125,2287
170,Minnesota,2020-10-24,2305.0,2398.0,2311.5480378723637,2381
171,Minnesota,2020-10-21,2282.0,2356.0,2283.167717106049,2334
172,Minnesota,2020-10-12,2195.0,2211.0,2200.1815805234046,2197
173,Minnesota,2020-10-31,2362.0,2501.0,2379.8229845122305,2511
174,Minnesota,2020-10-19,2267.0,2327.0,2264.436717824533,2292
175,Minnesota,2020-10-08,2162.0,2162.0,2164.3973809826543,2160
176,Minnesota,2020-10-13,2203.0,2231.0,2209.3313919837665,2204
177,Minnesota,2020-10-16,2232.0,2286.0,2236.623522057584,2265
178,Minnesota,2020-10-23,2298.0,2384.0,2301.9261144798093,2367
179,Minnesota,2020-10-10,2174.0,2183.0,2182.1401816945313,2184
180,Minnesota,2020-10-25,2311.0,2413.0,2321.2217902742764,2402
181,Minnesota,2020-10-14,2212.0,2252.0,2218.530320369029,2233
182,Maryland,2020-10-20,4057.0,4084.0,4055.9785841313123,4050
183,Maryland,2020-10-30,4120.0,4181.0,4119.7924175731305,4137
184,Maryland,2020-10-27,4103.0,4142.0,4100.517452955561,4108
185,Maryland,2020-10-15,4022.0,4036.0,4024.53466202932,4028
186,Maryland,2020-10-22,4068.0,4102.0,4068.6420576405276,4070
187,Maryland,2020-10-29,4115.0,4168.0,4113.354886054353,4127
188,Maryland,2020-10-28,4111.0,4155.0,4106.929907318174,4115
189,Maryland,2020-10-17,4034.0,4062.0,4037.0755529494013,4036
190,Maryland,2020-10-26,4094.0,4137.0,4094.117494632102,4099
191,Maryland,2020-11-02,4141.0,4196.0,4139.180614039508,4155
192,Maryland,2020-10-11,3998.0,4010.0,3999.598602781531,3999
193,Maryland,2020-11-01,4137.0,4191.0,4132.705252969091,4152
194,Maryland,2020-10-09,3984.0,3984.0,3987.2029980075945,3990
195,Maryland,2020-10-18,4041.0,4075.0,4043.3643097691092,4037
196,Maryland,2020-10-24,4084.0,4128.0,4081.3549531367357,4091
197,Maryland,2020-10-21,4062.0,4089.0,4062.3041570924333,4058
198,Maryland,2020-10-12,4003.0,4022.0,4005.8144705977147,4003
199,Maryland,2020-10-31,4128.0,4186.0,4126.24253035839,4147
200,Maryland,2020-10-19,4049.0,4079.0,4049.6653109387403,4041
201,Maryland,2020-10-08,3979.0,3980.0,3981.0232069200874,3979
202,Maryland,2020-10-13,4009.0,4027.0,4012.042418237802,4012
203,Maryland,2020-10-16,4029.0,4049.0,4030.7990128789706,4032
204,Maryland,2020-10-23,4075.0,4115.0,4074.992313667054,4078
205,Maryland,2020-10-10,3991.0,3997.0,3993.394787618221,3995
206,Maryland,2020-10-25,4088.0,4133.0,4087.7300040877794,4096
207,Maryland,2020-10-14,4016.0,4032.0,4018.282472943882,4022
208,Vermont,2020-10-20,58.0,60.0,59.09238717848281,58
209,Vermont,2020-10-30,58.0,62.0,59.842149688155246,58
210,Vermont,2020-10-27,58.0,61.0,59.61357024426753,58
211,Vermont,2020-10-15,58.0,59.0,58.73023315192653,58
212,Vermont,2020-10-22,58.0,60.0,59.24003710650773,58
213,Vermont,2020-10-29,58.0,61.0,59.7659304506831,58
214,Vermont,2020-10-28,58.0,61.0,59.68957647656142,58
215,Vermont,2020-10-17,58.0,60.0,58.87468659768063,58
216,Vermont,2020-10-26,58.0,61.0,59.537908845192156,58
217,Vermont,2020-11-02,58.0,62.0,60.07339849651101,58
218,Vermont,2020-10-11,58.0,59.0,58.44634585306586,58
219,Vermont,2020-11-01,58.0,62.0,59.99563374043281,58
220,Vermont,2020-10-09,58.0,59.0,58.29930497064567,58
221,Vermont,2020-10-18,58.0,60.0,58.946938119136114,58
222,Vermont,2020-10-24,58.0,61.0,59.388542843841684,58
223,Vermont,2020-10-21,58.0,60.0,59.166048097887206,58
224,Vermont,2020-10-12,58.0,59.0,58.516755708852834,58
225,Vermont,2020-10-31,58.0,62.0,59.91871646898138,58
226,Vermont,2020-10-19,58.0,60.0,59.01950411722043,58
227,Vermont,2020-10-08,58.0,59.0,58.226290426556325,58
228,Vermont,2020-10-13,58.0,59.0,58.587465047934664,58
229,Vermont,2020-10-16,58.0,60.0,58.80230240052654,58
230,Vermont,2020-10-23,58.0,61.0,59.3143569306301,58
231,Vermont,2020-10-10,58.0,59.0,58.372655851893875,58
232,Vermont,2020-10-25,58.0,61.0,59.46305922857875,58
233,Vermont,2020-10-14,58.0,59.0,58.65847629521383,58
234,Florida,2020-10-20,16115.0,16154.0,15372.533764420315,16105
235,Florida,2020-10-30,17052.0,17153.0,15818.188512988248,16720
236,Florida,2020-10-27,16766.0,16847.0,15683.273692435883,16505
237,Florida,2020-10-15,15527.0,15627.0,15153.26375897583,15736
238,Florida,2020-10-22,16212.0,16349.0,15460.875913864496,16267
239,Florida,2020-10-29,16847.0,17050.0,15773.029678569308,16648
240,Florida,2020-10-28,16815.0,16948.0,15728.058386753248,16571
241,Florida,2020-10-17,15763.0,15866.0,15240.249065728247,15917
242,Florida,2020-10-26,16589.0,16746.0,15638.334134594968,16449
243,Florida,2020-11-02,17418.0,17465.0,15955.870547982528,16834
244,Florida,2020-10-11,15186.0,15152.0,14976.820175700583,15364
245,Florida,2020-11-01,17216.0,17360.0,15909.781265728092,16789
246,Florida,2020-10-09,14955.0,15006.0,14889.208949823716,15186
247,Florida,2020-10-18,15848.0,15961.0,15284.015966121391,15967
248,Florida,2020-10-24,16501.0,16546.0,15549.02308521019,16417
249,Florida,2020-10-21,16175.0,16251.0,15417.075120358457,16210
250,Florida,2020-10-12,15235.0,15248.0,15020.91199281228,15412
251,Florida,2020-10-31,17127.0,17256.0,15863.887591907356,16761
252,Florida,2020-10-19,15924.0,16057.0,15328.181036695469,16021
253,Florida,2020-10-08,14928.0,14955.0,14844.442079332513,15068
254,Florida,2020-10-13,15327.0,15344.0,15064.838217939281,15531
255,Florida,2020-10-16,15576.0,15771.0,15196.665306688748,15830
256,Florida,2020-10-23,16410.0,16447.0,15504.858263699256,16340
257,Florida,2020-10-10,15091.0,15057.0,14932.919499315483,15186
258,Florida,2020-10-25,16540.0,16646.0,15593.584258621699,16429
259,Florida,2020-10-14,15433.0,15485.0,15108.955137729263,15595
260,Illinois,2020-10-20,9544.0,9893.0,9393.256224782013,9537
261,Illinois,2020-10-30,9821.0,10504.0,9629.47062782748,9994
262,Illinois,2020-10-27,9731.0,10317.0,9557.45551486171,9838
263,Illinois,2020-10-15,9309.0,9570.0,9277.850158042846,9373
264,Illinois,2020-10-22,9598.0,10012.0,9439.855844091058,9647
265,Illinois,2020-10-29,9798.0,10442.0,9605.389848262508,9945
266,Illinois,2020-10-28,9761.0,10379.0,9581.384912824937,9889
267,Illinois,2020-10-17,9456.0,9716.0,9324.039607236284,9452
268,Illinois,2020-10-26,9709.0,10255.0,9533.917955455825,9792
269,Illinois,2020-11-02,9896.0,10695.0,9701.17635767503,10093
270,Illinois,2020-10-11,9217.0,9279.0,9187.193727471315,9230
271,Illinois,2020-11-01,9854.0,10631.0,9677.201952745918,10075
272,Illinois,2020-10-09,9153.0,9190.0,9141.846757286612,9191
273,Illinois,2020-10-18,9466.0,9775.0,9347.242714894626,9474
274,Illinois,2020-10-24,9657.0,10133.0,9487.055406613268,9751
275,Illinois,2020-10-21,9582.0,9952.0,9416.366874448333,9605
276,Illinois,2020-10-12,9234.0,9338.0,9209.973090480069,9243
277,Illinois,2020-10-31,9833.0,10568.0,9653.300133271992,10040
278,Illinois,2020-10-19,9500.0,9833.0,9370.214923892361,9496
279,Illinois,2020-10-08,9139.0,9158.0,9119.21906034948,9159
280,Illinois,2020-10-13,9256.0,9397.0,9232.53114993947,9273
281,Illinois,2020-10-16,9343.0,9658.0,9300.908851439412,9425
282,Illinois,2020-10-23,9620.0,10072.0,9463.418588840848,9688
283,Illinois,2020-10-10,9179.0,9221.0,9164.485043500132,9221
284,Illinois,2020-10-25,9692.0,10194.0,9510.451340719514,9775
285,Illinois,2020-10-14,9271.0,9483.0,9255.156755809234,9320
286,Indiana,2020-10-20,3889.0,4056.0,3851.161089548192,4008
287,Indiana,2020-10-30,4015.0,4306.0,3963.9565206364177,4286
288,Indiana,2020-10-27,3974.0,4230.0,3929.6512864049187,4194
289,Indiana,2020-10-15,3816.0,3936.0,3796.4375356740575,3864
290,Indiana,2020-10-22,3901.0,4104.0,3873.5223164602294,4065
291,Indiana,2020-10-29,4001.0,4281.0,3952.5926517770263,4260
292,Indiana,2020-10-28,3998.0,4255.0,3941.1006629454673,4227
293,Indiana,2020-10-17,3837.0,3983.0,3818.397333994429,3918
294,Indiana,2020-10-26,3961.0,4204.0,3918.2443251897826,4143
295,Indiana,2020-11-02,4069.0,4385.0,3998.467492415987,4390
296,Indiana,2020-10-11,3765.0,3805.0,3753.4510481234875,3789
297,Indiana,2020-11-01,4047.0,4358.0,3986.8067831189087,4364
298,Indiana,2020-10-09,3738.0,3758.0,3731.962633368102,3761
299,Indiana,2020-10-18,3854.0,4007.0,3829.279851678972,3937
300,Indiana,2020-10-24,3937.0,4154.0,3895.885031251554,4118
301,Indiana,2020-10-21,3890.0,4080.0,3862.3210627471053,4023
302,Indiana,2020-10-12,3770.0,3829.0,3764.1023036773445,3795
303,Indiana,2020-10-31,4035.0,4332.0,3975.361171625084,4332
304,Indiana,2020-10-19,3885.0,4031.0,3840.2010476510836,3960
305,Indiana,2020-10-08,3730.0,3745.0,3721.2771892573423,3742
306,Indiana,2020-10-13,3777.0,3864.0,3774.7912336403506,3822
307,Indiana,2020-10-16,3831.0,3959.0,3807.3972518838,3887
308,Indiana,2020-10-23,3933.0,4129.0,3884.765041468077,4092
309,Indiana,2020-10-10,3746.0,3781.0,3742.6871933076377,3782
310,Indiana,2020-10-25,3944.0,4179.0,3907.044734854453,4130
311,Indiana,2020-10-14,3796.0,3900.0,3785.5180005547086,3836
312,Rhode Island,2020-10-20,1149.0,1158.0,1147.8699904205725,1164
313,Rhode Island,2020-10-30,1175.0,1186.0,1166.6275857866165,1201
314,Rhode Island,2020-10-27,1172.0,1177.0,1160.9616015536812,1188
315,Rhode Island,2020-10-15,1145.0,1147.0,1138.628221905852,1149
316,Rhode Island,2020-10-22,1154.0,1165.0,1151.592127077255,1173
317,Rhode Island,2020-10-29,1175.0,1184.0,1164.7352138171375,1195
318,Rhode Island,2020-10-28,1175.0,1181.0,1162.8465551202094,1192
319,Rhode Island,2020-10-17,1148.0,1154.0,1142.314070799433,1152
320,Rhode Island,2020-10-26,1169.0,1173.0,1159.080344995096,1184
321,Rhode Island,2020-11-02,1179.0,1192.0,1172.3270630483119,1210
322,Rhode Island,2020-10-11,1137.0,1139.0,1131.2996739473767,1130
323,Rhode Island,2020-11-01,1179.0,1188.0,1170.423502210591,1201
324,Rhode Island,2020-10-09,1134.0,1132.0,1127.6473986595802,1130
325,Rhode Island,2020-10-18,1148.0,1155.0,1144.162416573966,1152
326,Rhode Island,2020-10-24,1166.0,1170.0,1155.3288905100576,1177
327,Rhode Island,2020-10-21,1152.0,1162.0,1149.729234407025,1169
328,Rhode Island,2020-10-12,1138.0,1140.0,1133.1264368508316,1130
329,Rhode Island,2020-10-31,1176.0,1187.0,1168.5236791905384,1201
330,Rhode Island,2020-10-19,1148.0,1157.0,1146.0143871318203,1159
331,Rhode Island,2020-10-08,1127.0,1128.0,1125.821907706532,1127
332,Rhode Island,2020-10-13,1143.0,1142.0,1134.9567772530515,1139
333,Rhode Island,2020-10-16,1147.0,1150.0,1140.4693418798206,1152
334,Rhode Island,2020-10-23,1156.0,1169.0,1153.4586764366707,1177
335,Rhode Island,2020-10-10,1136.0,1136.0,1129.4764807282738,1130
336,Rhode Island,2020-10-25,1168.0,1172.0,1157.202777341633,1177
337,Rhode Island,2020-10-14,1143.0,1143.0,1136.790702987322,1147
338,Michigan,2020-10-20,7277.0,7370.0,7319.674046367268,7383
339,Michigan,2020-10-30,7355.0,7546.0,7447.956103886945,7665
340,Michigan,2020-10-27,7335.0,7490.0,7409.19572630676,7585
341,Michigan,2020-10-15,7240.0,7298.0,7256.508460974613,7302
342,Michigan,2020-10-22,7295.0,7417.0,7345.12119591018,7464
343,Michigan,2020-10-29,7349.0,7537.0,7435.0095249135875,7653
344,Michigan,2020-10-28,7344.0,7513.0,7422.0894203131165,7606
345,Michigan,2020-10-17,7250.0,7345.0,7281.6974697102505,7340
346,Michigan,2020-10-26,7323.0,7466.0,7396.328379301707,7552
347,Michigan,2020-11-02,7381.0,7587.0,7486.9553276352735,7716
348,Michigan,2020-10-11,7201.0,7250.0,7206.437132742302,7219
349,Michigan,2020-11-01,7375.0,7564.0,7473.928941001146,7699
350,Michigan,2020-10-09,7182.0,7205.0,7181.40667386121,7200
351,Michigan,2020-10-18,7261.0,7353.0,7294.330525019759,7340
352,Michigan,2020-10-24,7311.0,7449.0,7370.672472850127,7522
353,Michigan,2020-10-21,7283.0,7393.0,7332.384636482229,7418
354,Michigan,2020-10-12,7212.0,7259.0,7218.9167813994845,7225
355,Michigan,2020-10-31,7367.0,7555.0,7460.929221198575,7699
356,Michigan,2020-10-19,7272.0,7362.0,7306.989363255963,7363
357,Michigan,2020-10-08,7177.0,7182.0,7168.856861109051,7193
358,Michigan,2020-10-13,7215.0,7267.0,7231.42184504071,7255
359,Michigan,2020-10-16,7245.0,7321.0,7269.090135558539,7317
360,Michigan,2020-10-23,7305.0,7440.0,7357.883787141876,7484
361,Michigan,2020-10-10,7195.0,7227.0,7193.982838364202,7219
362,Michigan,2020-10-25,7315.0,7458.0,7383.48731589045,7522
363,Michigan,2020-10-14,7229.0,7275.0,7243.952384546713,7268
364,Pennsylvania,2020-10-20,8470.0,8471.0,8421.01490914133,8516
365,Pennsylvania,2020-10-30,8644.0,8673.0,8575.51582193914,8774
366,Pennsylvania,2020-10-27,8591.0,8609.0,8528.722462597745,8683
367,Pennsylvania,2020-10-15,8384.0,8389.0,8345.310122522316,8413
368,Pennsylvania,2020-10-22,8504.0,8525.0,8451.580832475815,8574
369,Pennsylvania,2020-10-29,8626.0,8663.0,8559.875073578247,8743
370,Pennsylvania,2020-10-28,8609.0,8636.0,8544.277373759956,8707
371,Pennsylvania,2020-10-17,8418.0,8442.0,8375.4714877828,8442
372,Pennsylvania,2020-10-26,8574.0,8582.0,8513.21008297369,8659
373,Pennsylvania,2020-11-02,8697.0,8721.0,8622.698999411383,8812
374,Pennsylvania,2020-10-11,8315.0,8333.0,8285.46141424891,8330
375,Pennsylvania,2020-11-01,8679.0,8694.0,8606.927517888718,8803
376,Pennsylvania,2020-10-09,8280.0,8281.0,8255.576225854074,8292
377,Pennsylvania,2020-10-18,8435.0,8452.0,8390.61221383654,8465
378,Pennsylvania,2020-10-24,8539.0,8562.0,8482.311903504153,8636
379,Pennsylvania,2020-10-21,8487.0,8498.0,8436.277348276673,8546
380,Pennsylvania,2020-10-12,8332.0,8343.0,8300.364894505141,8347
381,Pennsylvania,2020-10-31,8662.0,8683.0,8591.199881532832,8800
382,Pennsylvania,2020-10-19,8453.0,8462.0,8405.793276387443,8475
383,Pennsylvania,2020-10-08,8263.0,8255.0,8240.59965786916,8268
384,Pennsylvania,2020-10-13,8350.0,8353.0,8315.307359251796,8361
385,Pennsylvania,2020-10-16,8401.0,8415.0,8360.370866962236,8434
386,Pennsylvania,2020-10-23,8522.0,8552.0,8466.925602956544,8608
387,Pennsylvania,2020-10-10,8298.0,8307.0,8270.596701245231,8324
388,Pennsylvania,2020-10-25,8556.0,8572.0,8497.739980503862,8647
389,Pennsylvania,2020-10-14,8367.0,8362.0,8330.289027991937,8391
390,North Carolina,2020-10-20,4245.0,5242.0,3903.976856128639,3992
391,North Carolina,2020-10-30,4751.0,7501.0,4079.7681674539244,4332
392,North Carolina,2020-10-27,4601.0,6629.0,4026.032810213998,4211
393,North Carolina,2020-10-15,3994.0,4419.0,3818.621869186662,3874
394,North Carolina,2020-10-22,4341.0,5657.0,3938.3550786545147,4082
395,North Carolina,2020-10-29,4687.0,7198.0,4061.7181537782626,4283
396,North Carolina,2020-10-28,4671.0,6908.0,4043.825526821102,4245
397,North Carolina,2020-10-17,4060.0,4687.0,3852.5619490302097,3929
398,North Carolina,2020-10-26,4549.0,6437.0,4008.3393332606047,4170
399,North Carolina,2020-11-02,4907.0,8333.0,4134.477021224373,4390
400,North Carolina,2020-10-11,3821.0,3900.0,3751.0345307916173,3770
401,North Carolina,2020-11-01,4895.0,8045.0,4116.177225824366,4383
402,North Carolina,2020-10-09,3728.0,3750.0,3717.2390018927545,3747
403,North Carolina,2020-10-18,4151.0,4828.0,3869.6041744384993,3934
404,North Carolina,2020-10-24,4458.0,6068.0,3973.1395599433795,4144
405,North Carolina,2020-10-21,4280.0,5462.0,3921.11823678828,4032
406,North Carolina,2020-10-12,3877.0,3978.0,3767.8576890093264,3773
407,North Carolina,2020-10-31,4838.0,7768.0,4097.920954654283,4378
408,North Carolina,2020-10-19,4194.0,5031.0,3886.742259779707,3939
409,North Carolina,2020-10-08,3706.0,3727.0,3700.4864045694485,3722
410,North Carolina,2020-10-13,3910.0,4120.0,3784.776950643259,3816
411,North Carolina,2020-10-16,4050.0,4551.0,3835.5446524669474,3910
412,North Carolina,2020-10-23,4398.0,5859.0,3955.688021568959,4114
413,North Carolina,2020-10-10,3765.0,3825.0,3734.088155284323,3765
414,North Carolina,2020-10-25,4498.0,6250.0,3990.689771537995,4157
415,North Carolina,2020-10-14,3953.0,4267.0,3801.7929736367782,3856
416,New Hampshire,2020-10-20,452.0,459.0,455.80709355689095,468
417,New Hampshire,2020-10-30,457.0,470.0,464.4073903910328,482
418,New Hampshire,2020-10-27,456.0,466.0,461.80472747693835,475
419,New Hampshire,2020-10-15,450.0,454.0,451.6070997311706,463
420,New Hampshire,2020-10-22,453.0,462.0,457.5158747737661,470
421,New Hampshire,2020-10-29,457.0,469.0,463.54047478776323,482
422,New Hampshire,2020-10-28,456.0,468.0,462.67616791708423,478
423,New Hampshire,2020-10-17,451.0,457.0,453.28149641878105,466
424,New Hampshire,2020-10-26,455.0,465.0,460.9359876490596,475
425,New Hampshire,2020-11-02,459.0,472.0,467.04408881109,483
426,New Hampshire,2020-10-11,448.0,451.0,448.2876253787694,456
427,New Hampshire,2020-11-01,458.0,471.0,466.15911747234867,483
428,New Hampshire,2020-10-09,447.0,448.0,446.6430998667165,450
429,New Hampshire,2020-10-18,451.0,458.0,454.11782432817176,466
430,New Hampshire,2020-10-24,454.0,464.0,459.21605361336134,473
431,New Hampshire,2020-10-21,453.0,460.0,456.6601816516847,469
432,New Hampshire,2020-10-12,449.0,452.0,449.1094505435293,456
433,New Hampshire,2020-10-31,458.0,470.0,465.2769306264909,483
434,New Hampshire,2020-10-19,452.0,458.0,454.95659484369105,468
435,New Hampshire,2020-10-08,447.0,447.0,445.820388290549,448
436,New Hampshire,2020-10-13,449.0,452.0,449.9336352186934,456
437,New Hampshire,2020-10-16,450.0,456.0,452.4475970422273,465
438,New Hampshire,2020-10-23,454.0,463.0,458.3647062452508,471
439,New Hampshire,2020-10-10,448.0,450.0,447.46814646842694,455
440,New Hampshire,2020-10-25,455.0,464.0,460.06993183092493,473
441,New Hampshire,2020-10-14,449.0,453.0,450.76911737506146,458
442,South Dakota,2020-10-20,323.0,288.0,293.00839335989156,330
443,South Dakota,2020-10-30,388.0,306.0,328.3000672384175,415
444,South Dakota,2020-10-27,358.0,300.0,317.2239029358225,375
445,South Dakota,2020-10-15,290.0,279.0,277.0118077660804,304
446,South Dakota,2020-10-22,338.0,291.0,299.6676489301015,347
447,South Dakota,2020-10-29,374.0,304.0,324.5491752443137,403
448,South Dakota,2020-10-28,370.0,302.0,320.8575033035858,384
449,South Dakota,2020-10-17,309.0,283.0,283.23147173722623,315
450,South Dakota,2020-10-26,358.0,299.0,313.5527411757875,375
451,South Dakota,2020-11-02,404.0,311.0,340.07363198960337,438
452,South Dakota,2020-10-11,270.0,270.0,264.7889760935668,286
453,South Dakota,2020-11-01,392.0,309.0,336.08561070870644,437
454,South Dakota,2020-10-09,258.0,265.0,258.9542445847423,277
455,South Dakota,2020-10-18,309.0,285.0,286.41273606319226,323
456,South Dakota,2020-10-24,338.0,295.0,306.3834670325466,366
457,South Dakota,2020-10-21,335.0,290.0,296.3846212791257,333
458,South Dakota,2020-10-12,280.0,272.0,267.77090832055876,288
459,South Dakota,2020-10-31,392.0,308.0,332.1614999480685,425
460,South Dakota,2020-10-19,319.0,286.0,289.68476682958436,323
461,South Dakota,2020-10-08,258.0,262.0,255.81155790593792,272
462,South Dakota,2020-10-13,283.0,274.0,270.80466866610163,288
463,South Dakota,2020-10-16,302.0,281.0,280.0981238476914,307
464,South Dakota,2020-10-23,338.0,293.0,303.0002897037951,356
465,South Dakota,2020-10-10,267.0,268.0,261.8503441178774,286
466,South Dakota,2020-10-25,358.0,297.0,309.93963418868003,375
467,South Dakota,2020-10-14,290.0,276.0,273.88468219440966,291
468,Wyoming,2020-10-20,53.0,55.0,58.698327298386985,61
469,Wyoming,2020-10-30,53.0,56.0,63.027437957868415,87
470,Wyoming,2020-10-27,53.0,56.0,61.66493084416092,77
471,Wyoming,2020-10-15,53.0,54.0,56.72097549545577,57
472,Wyoming,2020-10-22,53.0,55.0,59.50487597111315,68
473,Wyoming,2020-10-29,53.0,56.0,62.553264803111276,87
474,Wyoming,2020-10-28,53.0,56.0,62.105806783270474,77
475,Wyoming,2020-10-17,53.0,55.0,57.48253367554955,57
476,Wyoming,2020-10-26,53.0,56.0,61.23047120952818,77
477,Wyoming,2020-11-02,53.0,57.0,64.47536970783,97
478,Wyoming,2020-10-11,53.0,54.0,55.21219393066492,54
479,Wyoming,2020-11-01,53.0,56.0,63.99871014463001,87
480,Wyoming,2020-10-09,53.0,54.0,54.48492910720815,54
481,Wyoming,2020-10-18,53.0,55.0,57.88217627247408,57
482,Wyoming,2020-10-24,53.0,56.0,60.34811929920571,68
483,Wyoming,2020-10-21,53.0,55.0,59.09881480966568,61
484,Wyoming,2020-10-12,53.0,54.0,55.585684766424784,54
485,Wyoming,2020-10-31,53.0,56.0,63.509185837943065,87
486,Wyoming,2020-10-19,53.0,55.0,58.28739601363042,57
487,Wyoming,2020-10-08,53.0,54.0,54.12773407660754,54
488,Wyoming,2020-10-13,53.0,54.0,55.96410754139706,57
489,Wyoming,2020-10-16,53.0,55.0,57.09925722877468,57
490,Wyoming,2020-10-23,53.0,55.0,59.91664807809328,68
491,Wyoming,2020-10-10,53.0,54.0,54.8463861897001,54
492,Wyoming,2020-10-25,53.0,56.0,60.78600622035229,68
493,Wyoming,2020-10-14,53.0,54.0,56.34757497646599,57
494,Kansas,2020-10-20,868.0,1018.0,788.4728236929418,895
495,Kansas,2020-10-30,990.0,1456.0,848.7029235541753,1029
496,Kansas,2020-10-27,939.0,1287.0,829.9302213308596,983
497,Kansas,2020-10-15,802.0,858.0,760.1641725773853,838
498,Kansas,2020-10-22,865.0,1098.0,800.0307912787828,952
499,Kansas,2020-10-29,974.0,1397.0,842.3403185423496,1008
500,Kansas,2020-10-28,949.0,1341.0,836.1042457485693,1007
501,Kansas,2020-10-17,844.0,910.0,771.3448983709319,859
502,Kansas,2020-10-26,931.0,1250.0,823.8174447653666,976
503,Kansas,2020-11-02,1028.0,1618.0,868.1284074378176,1046
504,Kansas,2020-10-11,779.0,757.0,738.255415485324,774
505,Kansas,2020-11-01,1028.0,1562.0,861.6319283714078,1029
506,Kansas,2020-10-09,745.0,728.0,727.4125803892962,771
507,Kansas,2020-10-18,844.0,937.0,776.9980629415405,859
508,Kansas,2020-10-24,911.0,1178.0,811.8085328523155,975
509,Kansas,2020-10-21,865.0,1060.0,794.2241857512454,952
510,Kansas,2020-10-12,779.0,772.0,743.6694016809677,787
511,Kansas,2020-10-31,999.0,1508.0,855.1331346447943,1029
512,Kansas,2020-10-19,849.0,977.0,782.7071249315712,872
513,Kansas,2020-10-08,742.0,724.0,722.0669804052146,747
514,Kansas,2020-10-13,789.0,800.0,749.1353688930668,799
515,Kansas,2020-10-16,802.0,884.0,765.7275929775839,859
516,Kansas,2020-10-23,901.0,1137.0,805.893314613025,975
517,Kansas,2020-10-10,759.0,743.0,732.8085250385561,773
518,Kansas,2020-10-25,924.0,1213.0,817.7829788048999,975
519,Kansas,2020-10-14,799.0,828.0,754.6539668851516,838
520,Missouri,2020-10-20,2482.0,3282.0,2396.6170759772017,2625
521,Missouri,2020-10-30,2688.0,4667.0,2544.4782442788487,2940
522,Missouri,2020-10-27,2624.0,4150.0,2499.0817591315695,2855
523,Missouri,2020-10-15,2384.0,2734.0,2325.799533420345,2460
524,Missouri,2020-10-22,2522.0,3520.0,2425.6473663565716,2665
525,Missouri,2020-10-29,2667.0,4506.0,2529.206252825988,2891
526,Missouri,2020-10-28,2646.0,4325.0,2514.058498132747,2884
527,Missouri,2020-10-17,2423.0,2900.0,2354.0841756519085,2581
528,Missouri,2020-10-26,2604.0,3983.0,2484.222413769788,2816
529,Missouri,2020-11-02,2753.0,5156.0,2591.1942197782532,3043
530,Missouri,2020-10-11,2308.0,2390.0,2269.373218665111,2424
531,Missouri,2020-11-01,2731.0,5006.0,2575.4686651553575,3038
532,Missouri,2020-10-09,2273.0,2298.0,2240.769626857575,2397
533,Missouri,2020-10-18,2442.0,3022.0,2368.123709736842,2592
534,Missouri,2020-10-24,2562.0,3755.0,2454.7556787423546,2808
535,Missouri,2020-10-21,2502.0,3399.0,2411.0762839137146,2650
536,Missouri,2020-10-12,2327.0,2475.0,2283.3507145680023,2424
537,Missouri,2020-10-31,2710.0,4834.0,2559.876043851594,3037
538,Missouri,2020-10-19,2462.0,3149.0,2382.2685070771668,2600
539,Missouri,2020-10-08,2256.0,2253.0,2226.1584978561896,2268
540,Missouri,2020-10-13,2347.0,2563.0,2297.434977617525,2424
541,Missouri,2020-10-16,2403.0,2816.0,2340.1487827462215,2477
542,Missouri,2020-10-23,2542.0,3646.0,2440.1455261704887,2697
543,Missouri,2020-10-10,2291.0,2343.0,2255.5013785830292,2424
544,Missouri,2020-10-25,2583.0,3867.0,2469.4791009592022,2820
545,Missouri,2020-10-14,2366.0,2655.0,2311.5620023897964,2544
546,Massachusetts,2020-10-20,9767.0,9820.0,9763.848352930841,9758
547,Massachusetts,2020-10-30,9922.0,10034.0,9932.421900356549,9975
548,Massachusetts,2020-10-27,9879.0,9959.0,9881.468473304734,9888
549,Massachusetts,2020-10-15,9687.0,9705.0,9680.908956013067,9672
550,Massachusetts,2020-10-22,9795.0,9842.0,9797.27380874263,9810
551,Massachusetts,2020-10-29,9904.0,10002.0,9915.400808234337,9951
552,Massachusetts,2020-10-28,9893.0,9971.0,9898.416365682897,9924
553,Massachusetts,2020-10-17,9719.0,9747.0,9713.978182116076,9723
554,Massachusetts,2020-10-26,9855.0,9948.0,9864.55703204119,9881
555,Massachusetts,2020-11-02,9972.0,10089.0,9983.706073234562,10023
556,Massachusetts,2020-10-11,9618.0,9621.0,9615.193207989032,9604
557,Massachusetts,2020-11-01,9959.0,10077.0,9966.574432605823,10013
558,Massachusetts,2020-10-09,9588.0,9580.0,9582.545177299966,9577
559,Massachusetts,2020-10-18,9731.0,9777.0,9730.56596575452,9737
560,Massachusetts,2020-10-24,9829.0,9905.0,9830.843108309275,9839
561,Massachusetts,2020-10-21,9780.0,9831.0,9780.543148935847,9780
562,Massachusetts,2020-10-12,9634.0,9652.0,9631.56954331467,9617
563,Massachusetts,2020-10-31,9945.0,10065.0,9949.479741787267,9991
564,Massachusetts,2020-10-19,9752.0,9808.0,9747.189324002704,9753
565,Massachusetts,2020-10-08,9570.0,9569.0,9566.273295244062,9565
566,Massachusetts,2020-10-13,9654.0,9682.0,9647.980883615677,9630
567,Massachusetts,2020-10-16,9703.0,9716.0,9697.425877342523,9702
568,Massachusetts,2020-10-23,9815.0,9874.0,9814.040429405453,9830
569,Massachusetts,2020-10-10,9599.0,9591.0,9598.851783818709,9587
570,Massachusetts,2020-10-25,9840.0,9936.0,9847.681943171068,9864
571,Massachusetts,2020-10-14,9666.0,9693.0,9664.427323029657,9647
572,Delaware,2020-10-20,667.0,667.0,664.158506495508,668
573,Delaware,2020-10-30,683.0,682.0,677.4846301672677,704
574,Delaware,2020-10-27,680.0,677.0,673.4459988034012,686
575,Delaware,2020-10-15,661.0,659.0,657.6148808381424,661
576,Delaware,2020-10-22,669.0,669.0,666.7969519648085,670
577,Delaware,2020-10-29,683.0,680.0,676.1351368780445,689
578,Delaware,2020-10-28,682.0,678.0,674.7889297649158,688
579,Delaware,2020-10-17,664.0,662.0,660.2272494873009,664
580,Delaware,2020-10-26,679.0,676.0,672.1120876980731,685
581,Delaware,2020-11-02,687.0,686.0,681.5348596408865,710
582,Delaware,2020-10-11,654.0,654.0,652.443567948982,654
583,Delaware,2020-11-01,687.0,685.0,680.1815460204001,710
584,Delaware,2020-10-09,652.0,651.0,649.868569712183,651
585,Delaware,2020-10-18,665.0,664.0,661.5381838821311,665
586,Delaware,2020-10-24,673.0,673.0,669.4538071933111,680
587,Delaware,2020-10-21,668.0,668.0,665.4733556356011,670
588,Delaware,2020-10-12,655.0,656.0,653.7357329236295,656
589,Delaware,2020-10-31,686.0,684.0,678.8314726698121,708
590,Delaware,2020-10-19,665.0,667.0,662.8467855859592,666
591,Delaware,2020-10-08,650.0,650.0,648.5759531971543,651
592,Delaware,2020-10-13,655.0,658.0,655.0257141139136,659
593,Delaware,2020-10-16,663.0,660.0,658.9194849996572,662
594,Delaware,2020-10-23,670.0,671.0,668.1237658841229,678
595,Delaware,2020-10-10,653.0,652.0,651.1545166678916,653
596,Delaware,2020-10-25,679.0,675.0,670.7813602349723,681
597,Delaware,2020-10-14,661.0,659.0,656.3187604741458,660
598,New Mexico,2020-10-20,958.0,921.0,930.0952156154186,942
599,New Mexico,2020-10-30,1021.0,943.0,955.7904331951097,1007
600,New Mexico,2020-10-27,1004.0,934.0,947.9724948504079,980
601,New Mexico,2020-10-15,923.0,910.0,917.6258455381399,922
602,New Mexico,2020-10-22,974.0,925.0,935.1409818564657,953
603,New Mexico,2020-10-29,1017.0,940.0,953.1657499162903,994
604,New Mexico,2020-10-28,1011.0,937.0,950.5637476458503,991
605,New Mexico,2020-10-17,936.0,916.0,922.570080052743,929
606,New Mexico,2020-10-26,996.0,933.0,945.3919234245822,976
607,New Mexico,2020-11-02,1035.0,946.0,963.7188301319062,1036
608,New Mexico,2020-10-11,904.0,904.0,907.8240456681548,911
609,New Mexico,2020-11-01,1029.0,945.0,961.0729887821217,1026
610,New Mexico,2020-10-09,899.0,899.0,902.99752589186,902
611,New Mexico,2020-10-18,944.0,919.0,925.0682029009062,934
612,New Mexico,2020-10-24,982.0,931.0,940.239563424721,965
613,New Mexico,2020-10-21,969.0,922.0,932.6129564210023,950
614,New Mexico,2020-10-12,909.0,907.0,910.2623549858291,915
615,New Mexico,2020-10-31,1025.0,944.0,958.4261556760956,1018
616,New Mexico,2020-10-19,946.0,920.0,927.5765599871241,935
617,New Mexico,2020-10-08,896.0,898.0,900.5986211700293,899
618,New Mexico,2020-10-13,915.0,908.0,912.710526464834,918
619,New Mexico,2020-10-16,929.0,913.0,920.0929780583198,928
620,New Mexico,2020-10-23,977.0,928.0,937.6793565242316,960
621,New Mexico,2020-10-10,901.0,901.0,905.405981313281,907
622,New Mexico,2020-10-25,989.0,932.0,942.810396474927,967
623,New Mexico,2020-10-14,918.0,909.0,915.1686211753025,921
624,West Virginia,2020-10-20,415.0,531.0,411.9843359560595,411
625,West Virginia,2020-10-30,447.0,759.0,444.42095914030676,453
626,West Virginia,2020-10-27,438.0,671.0,434.34826101450744,434
627,West Virginia,2020-10-15,400.0,448.0,396.9031842219294,395
628,West Virginia,2020-10-22,422.0,573.0,418.21336527951877,420
629,West Virginia,2020-10-29,444.0,729.0,440.9605858767279,445
630,West Virginia,2020-10-28,441.0,699.0,437.6374377590497,438
631,West Virginia,2020-10-17,406.0,475.0,402.9239792636334,401
632,West Virginia,2020-10-26,434.0,652.0,431.0925916394961,426
633,West Virginia,2020-11-02,458.0,844.0,454.9818364420406,461
634,West Virginia,2020-10-11,387.0,395.0,385.17287289662767,385
635,West Virginia,2020-11-01,454.0,815.0,451.45668809718796,460
636,West Virginia,2020-10-09,382.0,380.0,379.41653787605145,382
637,West Virginia,2020-10-18,409.0,489.0,405.9146749935749,402
638,West Virginia,2020-10-24,428.0,614.0,424.5812628889483,424
639,West Virginia,2020-10-21,418.0,553.0,415.0829999697417,414
640,West Virginia,2020-10-12,390.0,403.0,388.0659095964687,388
641,West Virginia,2020-10-31,451.0,786.0,447.91947051495566,459
642,West Virginia,2020-10-19,412.0,509.0,408.93466672239975,402
643,West Virginia,2020-10-08,378.0,378.0,376.5789269438045,376
644,West Virginia,2020-10-13,393.0,417.0,390.9876059452888,390
645,West Virginia,2020-10-16,403.0,461.0,399.8982576673888,398
646,West Virginia,2020-10-23,425.0,593.0,421.3758686647064,424
647,West Virginia,2020-10-10,385.0,387.0,382.28107757937653,387
648,West Virginia,2020-10-25,432.0,633.0,427.8200134818754,425
649,West Virginia,2020-10-14,396.0,432.0,393.93833937678187,393
650,Mississippi,2020-10-20,3239.0,3325.0,3162.374929596152,3202
651,Mississippi,2020-10-30,3369.0,3530.0,3266.5721887281443,3328
652,Mississippi,2020-10-27,3353.0,3467.0,3234.986703038197,3283
653,Mississippi,2020-10-15,3181.0,3226.0,3111.2860472732814,3152
654,Mississippi,2020-10-22,3254.0,3365.0,3183.1562397535376,3231
655,Mississippi,2020-10-29,3355.0,3509.0,3256.0273712516687,3310
656,Mississippi,2020-10-28,3353.0,3488.0,3245.528657344453,3302
657,Mississippi,2020-10-17,3185.0,3265.0,3131.6705840051486,3171
658,Mississippi,2020-10-26,3312.0,3446.0,3224.4916294783657,3263
659,Mississippi,2020-11-02,3412.0,3594.0,3298.6703933688245,3348
660,Mississippi,2020-10-11,3115.0,3120.0,3070.7930536214894,3101
661,Mississippi,2020-11-01,3410.0,3573.0,3287.8928147044344,3348
662,Mississippi,2020-10-09,3053.0,3081.0,3050.6012678480156,3080
663,Mississippi,2020-10-18,3198.0,3285.0,3141.8396422321457,3171
664,Mississippi,2020-10-24,3297.0,3405.0,3203.7025699018354,3255
665,Mississippi,2020-10-21,3241.0,3345.0,3172.742381520612,3223
666,Mississippi,2020-10-12,3115.0,3149.0,3080.8261875359162,3101
667,Mississippi,2020-10-31,3410.0,3551.0,3277.1633465649375,3334
668,Mississippi,2020-10-19,3237.0,3305.0,3152.053641411015,3171
669,Mississippi,2020-10-08,3051.0,3062.0,3040.4442438073806,3074
670,Mississippi,2020-10-13,3117.0,3178.0,3090.9042907534563,3115
671,Mississippi,2020-10-16,3183.0,3246.0,3121.5462357895613,3160
672,Mississippi,2020-10-23,3295.0,3385.0,3193.4069959457975,3238
673,Mississippi,2020-10-10,3077.0,3101.0,3060.8046519553172,3096
674,Mississippi,2020-10-25,3299.0,3426.0,3214.0431909000736,3255
675,Mississippi,2020-10-14,3142.0,3207.0,3101.072147366032,3140
676,Maine,2020-10-20,149.0,147.0,145.8712573966483,146
677,Maine,2020-10-30,153.0,150.0,148.95502582223648,146
678,Maine,2020-10-27,151.0,149.0,148.02270221430487,146
679,Maine,2020-10-15,147.0,145.0,144.3675957090816,144
680,Maine,2020-10-22,150.0,148.0,146.48599925687404,146
681,Maine,2020-10-29,151.0,150.0,148.64526786760777,146
682,Maine,2020-10-28,151.0,150.0,148.3364480173796,146
683,Maine,2020-10-17,148.0,146.0,144.9673787038293,146
684,Maine,2020-10-26,150.0,149.0,147.70997199451412,146
685,Maine,2020-11-02,155.0,151.0,149.9021565377844,148
686,Maine,2020-10-11,144.0,144.0,143.17906656058688,143
687,Maine,2020-11-01,154.0,151.0,149.58342233559867,147
688,Maine,2020-10-09,142.0,143.0,142.59026058156863,143
689,Maine,2020-10-18,149.0,146.0,145.26592396129612,146
690,Maine,2020-10-24,150.0,148.0,147.09325010400832,146
691,Maine,2020-10-21,150.0,147.0,146.17813339990457,146
692,Maine,2020-10-12,144.0,145.0,143.47220626996113,143
693,Maine,2020-10-31,154.0,150.0,149.26572556242965,147
694,Maine,2020-10-19,149.0,147.0,145.5653668265644,146
695,Maine,2020-10-08,142.0,143.0,142.29466197540197,142
696,Maine,2020-10-13,145.0,145.0,143.76622246290557,143
697,Maine,2020-10-16,148.0,146.0,144.66972758321717,145
698,Maine,2020-10-23,150.0,148.0,146.78916678371888,146
699,Maine,2020-10-10,143.0,144.0,142.88679996369757,143
700,Maine,2020-10-25,150.0,148.0,147.3982527920049,146
701,Maine,2020-10-14,147.0,145.0,144.06642876242464,143
702,Washington,2020-10-20,2241.0,2352.0,2209.4248946249572,2237
703,Washington,2020-10-30,2310.0,2498.0,2261.3336544819676,2331
704,Washington,2020-10-27,2285.0,2453.0,2245.618343421421,2304
705,Washington,2020-10-15,2204.0,2283.0,2184.012711341031,2200
706,Washington,2020-10-22,2254.0,2381.0,2219.709032498204,2259
707,Washington,2020-10-29,2303.0,2483.0,2256.086511359375,2320
708,Washington,2020-10-28,2296.0,2468.0,2250.853886322868,2316
709,Washington,2020-10-17,2223.0,2310.0,2194.13886059024,2211
710,Washington,2020-10-26,2276.0,2439.0,2240.397336453426,2294
711,Washington,2020-11-02,2336.0,2543.0,2277.198049583336,2358
712,Washington,2020-10-11,2174.0,2208.0,2163.927321081356,2171
713,Washington,2020-11-01,2329.0,2528.0,2271.889321578033,2353
714,Washington,2020-10-09,2165.0,2180.0,2153.9520404384452,2165
715,Washington,2020-10-18,2231.0,2324.0,2199.214506779198,2221
716,Washington,2020-10-24,2260.0,2409.0,2230.0159488983836,2277
717,Washington,2020-10-21,2249.0,2366.0,2214.5598323196696,2248
718,Washington,2020-10-12,2186.0,2228.0,2168.9196268290007,2183
719,Washington,2020-10-31,2317.0,2513.0,2266.595361749623,2345
720,Washington,2020-10-19,2236.0,2338.0,2204.304174290249,2231
721,Washington,2020-10-08,2156.0,2166.0,2148.9691447358327,2158
722,Washington,2020-10-13,2194.0,2248.0,2173.92569100928,2187
723,Washington,2020-10-16,2216.0,2297.0,2189.077191581776,2205
724,Washington,2020-10-23,2258.0,2395.0,2224.8553683185837,2266
725,Washington,2020-10-10,2169.0,2194.0,2158.948730550376,2168
726,Washington,2020-10-25,2269.0,2424.0,2235.1908193266854,2285
727,Washington,2020-10-14,2198.0,2269.0,2178.962225876116,2196
728,Arkansas,2020-10-20,1946.0,1654.0,1612.7785253341028,1728
729,Arkansas,2020-10-30,2338.0,1756.0,1734.0120795934647,1900
730,Arkansas,2020-10-27,2177.0,1725.0,1696.9091492005018,1857
731,Arkansas,2020-10-15,1781.0,1605.0,1555.4835140828554,1645
732,Arkansas,2020-10-22,2011.0,1674.0,1636.1829413699006,1772
733,Arkansas,2020-10-29,2237.0,1745.0,1721.6561301360973,1894
734,Arkansas,2020-10-28,2212.0,1735.0,1709.418947986914,1875
735,Arkansas,2020-10-17,1846.0,1624.0,1578.2129926336352,1684
736,Arkansas,2020-10-26,2103.0,1714.0,1684.5251099365744,1833
737,Arkansas,2020-11-02,2441.0,1788.0,1772.733593886888,1985
738,Arkansas,2020-10-11,1652.0,1552.0,1511.3681332231358,1569
739,Arkansas,2020-11-01,2407.0,1777.0,1759.542937179194,1958
740,Arkansas,2020-10-09,1566.0,1533.0,1489.001789683683,1530
741,Arkansas,2020-10-18,1873.0,1634.0,1589.6706814063787,1704
742,Arkansas,2020-10-24,2060.0,1694.0,1660.1177825172758,1797
743,Arkansas,2020-10-21,1976.0,1664.0,1624.4247936034328,1751
744,Arkansas,2020-10-12,1681.0,1566.0,1522.1556205997454,1586
745,Arkansas,2020-10-31,2373.0,1767.0,1746.488367579692,1925
746,Arkansas,2020-10-19,1914.0,1644.0,1601.2427116503168,1714
747,Arkansas,2020-10-08,1539.0,1523.0,1477.4428824864933,1503
748,Arkansas,2020-10-13,1704.0,1581.0,1533.0418804617864,1611
749,Arkansas,2020-10-16,1821.0,1615.0,1566.8680899908645,1665
750,Arkansas,2020-10-23,2038.0,1684.0,1648.090940819151,1782
751,Arkansas,2020-10-10,1590.0,1542.0,1500.6782545028548,1552
752,Arkansas,2020-10-25,2081.0,1704.0,1672.26508895472,1812
753,Arkansas,2020-10-14,1728.0,1595.0,1544.2085812135222,1634
754,Iowa,2020-10-20,1527.0,2016.0,1515.5569586486447,1576
755,Iowa,2020-10-30,1622.0,2885.0,1596.3188645852085,1714
756,Iowa,2020-10-27,1603.0,2550.0,1571.5887826526907,1680
757,Iowa,2020-10-15,1469.0,1700.0,1476.457187157935,1516
758,Iowa,2020-10-22,1554.0,2176.0,1531.3229402169354,1601
759,Iowa,2020-10-29,1618.0,2769.0,1588.0364755579087,1705
760,Iowa,2020-10-28,1612.0,2657.0,1579.787805470546,1691
761,Iowa,2020-10-17,1477.0,1803.0,1492.078694776816,1528
762,Iowa,2020-10-26,1595.0,2476.0,1563.4390757533097,1657
763,Iowa,2020-11-02,1648.0,3205.0,1621.4715227661354,1756
764,Iowa,2020-10-11,1438.0,1501.0,1445.4958051254841,1462
765,Iowa,2020-11-01,1648.0,3095.0,1613.036130826801,1733
766,Iowa,2020-10-09,1428.0,1443.0,1430.0879632938857,1454
767,Iowa,2020-10-18,1516.0,1857.0,1499.857416070431,1532
768,Iowa,2020-10-24,1579.0,2334.0,1547.2819158309646,1634
769,Iowa,2020-10-21,1538.0,2101.0,1523.4163375016492,1594
770,Iowa,2020-10-12,1445.0,1530.0,1453.1883680212618,1481
771,Iowa,2020-10-31,1635.0,2988.0,1604.6519660478332,1716
772,Iowa,2020-10-19,1516.0,1935.0,1507.6833962508326,1548
773,Iowa,2020-10-08,1422.0,1434.0,1422.4551467859094,1433
774,Iowa,2020-10-13,1455.0,1585.0,1460.9285886895639,1491
775,Iowa,2020-10-16,1477.0,1751.0,1484.2443818637723,1524
776,Iowa,2020-10-23,1569.0,2254.0,1539.2770815625006,1629
777,Iowa,2020-10-10,1432.0,1471.0,1437.7680746769945,1459
778,Iowa,2020-10-25,1587.0,2404.0,1555.3358003058772,1635
779,Iowa,2020-10-14,1459.0,1641.0,1468.7167985994931,1505
780,Colorado,2020-10-20,2143.0,2280.0,2132.2579253484237,2182
781,Colorado,2020-10-30,2188.0,2421.0,2174.9021374569224,2278
782,Colorado,2020-10-27,2175.0,2378.0,2162.021595561403,2236
783,Colorado,2020-10-15,2121.0,2213.0,2111.3445572997143,2162
784,Colorado,2020-10-22,2152.0,2308.0,2140.7473943732907,2198
785,Colorado,2020-10-29,2184.0,2407.0,2170.6134573799504,2268
786,Colorado,2020-10-28,2179.0,2392.0,2166.3350962791483,2249
787,Colorado,2020-10-17,2130.0,2240.0,2119.6879843013235,2176
788,Colorado,2020-10-26,2170.0,2364.0,2157.7189262531097,2226
789,Colorado,2020-11-02,2202.0,2465.0,2187.924467970112,2292
790,Colorado,2020-10-11,2103.0,2140.0,2094.778929498561,2113
791,Colorado,2020-11-01,2198.0,2450.0,2183.557313017481,2288
792,Colorado,2020-10-09,2094.0,2113.0,2086.5562209321806,2103
793,Colorado,2020-10-18,2134.0,2253.0,2123.8535490531945,2176
794,Colorado,2020-10-24,2161.0,2336.0,2149.190350534299,2218
795,Colorado,2020-10-21,2147.0,2294.0,2136.4973496547454,2194
796,Colorado,2020-10-12,2107.0,2160.0,2098.8846496181654,2116
797,Colorado,2020-10-31,2193.0,2436.0,2179.201168162851,2285
798,Colorado,2020-10-19,2138.0,2267.0,2128.029085587388,2180
799,Colorado,2020-10-08,2089.0,2100.0,2082.439687068381,2095
800,Colorado,2020-10-13,2112.0,2180.0,2103.000158820482,2153
801,Colorado,2020-10-16,2125.0,2226.0,2115.5323611530416,2172
802,Colorado,2020-10-23,2156.0,2322.0,2144.9638084459853,2211
803,Colorado,2020-10-10,2099.0,2127.0,2090.6829689887586,2112
804,Colorado,2020-10-25,2165.0,2350.0,2153.4270515433673,2223
805,Colorado,2020-10-14,2116.0,2200.0,2107.1671681727375,2160
806,New York,2020-10-20,33536.0,34338.0,33740.79994673996,33582
807,New York,2020-10-30,33606.0,35087.0,33984.123888669674,33724
808,New York,2020-10-27,33574.0,34826.0,33910.79880245879,33666
809,New York,2020-10-15,33487.0,33936.0,33620.30143377852,33524
810,New York,2020-10-22,33552.0,34418.0,33789.21558380159,33614
811,New York,2020-10-29,33588.0,34976.0,33959.650810867715,33694
812,New York,2020-10-28,33582.0,34866.0,33935.20913257834,33675
813,New York,2020-10-17,33496.0,34083.0,33668.40842034034,33547
814,New York,2020-10-26,33565.0,34785.0,33886.419769257736,33650
815,New York,2020-11-02,33635.0,35280.0,34057.73203395323,33763
816,New York,2020-10-11,33466.0,33644.0,33524.455328304335,33469
817,New York,2020-11-01,33626.0,35239.0,34033.1644486404,33752
818,New York,2020-10-09,33443.0,33499.0,33476.71541027298,33461
819,New York,2020-10-18,33506.0,34190.0,33692.508072586075,33559
820,New York,2020-10-24,33553.0,34636.0,33837.75538906179,33634
821,New York,2020-10-21,33545.0,34378.0,33764.99226961047,33589
822,New York,2020-10-12,33470.0,33750.0,33548.37099624567,33482
823,New York,2020-10-31,33619.0,35198.0,34008.62841741854,33730
824,New York,2020-10-19,33524.0,34298.0,33716.63856457387,33575
825,New York,2020-10-08,33432.0,33460.0,33452.891060825226,33429
826,New York,2020-10-13,33472.0,33857.0,33572.31720319008,33490
827,New York,2020-10-16,33490.0,33975.0,33644.33955749013,33533
828,New York,2020-10-23,33555.0,34527.0,33813.46994001976,33625
829,New York,2020-10-10,33456.0,33538.0,33500.57014955446,33466
830,New York,2020-10-25,33556.0,34745.0,33862.071981815076,33642
831,New York,2020-10-14,33478.0,33896.0,33596.29399903795,33500
832,New Jersey,2020-10-20,16227.0,16612.0,16277.095866715268,16227
833,New Jersey,2020-10-30,16279.0,17008.0,16368.969389389105,16339
834,New Jersey,2020-10-27,16266.0,16848.0,16341.299666044313,16306
835,New Jersey,2020-10-15,16191.0,16418.0,16231.541189552421,16197
836,New Jersey,2020-10-22,16237.0,16684.0,16295.388757104614,16263
837,New Jersey,2020-10-29,16275.0,16955.0,16359.735845222991,16332
838,New Jersey,2020-10-28,16273.0,16901.0,16350.51260958287,16324
839,New Jersey,2020-10-17,16205.0,16521.0,16249.732704122489,16204
840,New Jersey,2020-10-26,16259.0,16829.0,16332.09699821272,16292
841,New Jersey,2020-11-02,16296.0,17068.0,16396.732037736358,16357
842,New Jersey,2020-10-11,16164.0,16309.0,16195.27900784739,16174
843,New Jersey,2020-11-01,16292.0,17048.0,16387.467469146533,16354
844,New Jersey,2020-10-09,16153.0,16207.0,16177.208085215103,16164
845,New Jersey,2020-10-18,16213.0,16574.0,16258.843623455561,16211
846,New Jersey,2020-10-24,16253.0,16789.0,16313.722424240792,16281
847,New Jersey,2020-10-21,16233.0,16632.0,16286.237222928698,16245
848,New Jersey,2020-10-12,16172.0,16360.0,16204.32948732002,16175
849,New Jersey,2020-10-31,16284.0,17028.0,16378.213258535536,16350
850,New Jersey,2020-10-19,16220.0,16593.0,16267.964672276908,16214
851,New Jersey,2020-10-08,16156.0,16188.0,16168.187610291709,16161
852,New Jersey,2020-10-13,16176.0,16379.0,16213.390000120871,16182
853,New Jersey,2020-10-16,16199.0,16469.0,16240.631898178202,16202
854,New Jersey,2020-10-23,16248.0,16737.0,16304.550485459868,16273
855,New Jersey,2020-10-10,16164.0,16258.0,16186.238545777842,16171
856,New Jersey,2020-10-25,16256.0,16809.0,16322.904589723252,16285
857,New Jersey,2020-10-14,16187.0,16399.0,16222.460562203994,16191
858,Louisiana,2020-10-20,5779.0,5761.0,5745.039900935532,5772
859,Louisiana,2020-10-30,5922.0,5899.0,5863.514257650023,5919
860,Louisiana,2020-10-27,5877.0,5855.0,5827.704800708811,5872
861,Louisiana,2020-10-15,5709.0,5705.0,5687.016578234055,5707
862,Louisiana,2020-10-22,5799.0,5798.0,5768.604362654921,5799
863,Louisiana,2020-10-29,5914.0,5892.0,5851.587684593945,5908
864,Louisiana,2020-10-28,5896.0,5873.0,5839.6919872425115,5890
865,Louisiana,2020-10-17,5746.0,5741.0,5710.157933400221,5727
866,Louisiana,2020-10-26,5862.0,5836.0,5815.74985022574,5854
867,Louisiana,2020-11-02,5972.0,5931.0,5899.7333473383,5934
868,Louisiana,2020-10-11,5655.0,5667.0,5640.925741378238,5655
869,Louisiana,2020-11-01,5958.0,5912.0,5887.586192051002,5926
870,Louisiana,2020-10-09,5635.0,5632.0,5617.626827907841,5635
871,Louisiana,2020-10-18,5746.0,5748.0,5721.71653867862,5750
872,Louisiana,2020-10-24,5836.0,5823.0,5792.0557722757985,5820
873,Louisiana,2020-10-21,5796.0,5779.0,5756.806326042582,5784
874,Louisiana,2020-10-12,5663.0,5674.0,5652.389948829921,5669
875,Louisiana,2020-10-31,5927.0,5906.0,5875.47180106649,5919
876,Louisiana,2020-10-19,5767.0,5755.0,5733.304981373129,5766
877,Louisiana,2020-10-08,5621.0,5614.0,5605.796284759429,5609
878,Louisiana,2020-10-13,5686.0,5681.0,5663.88448573724,5679
879,Louisiana,2020-10-16,5721.0,5723.0,5698.629074903631,5727
880,Louisiana,2020-10-23,5824.0,5816.0,5780.314914945787,5820
881,Louisiana,2020-10-10,5642.0,5650.0,5629.4917651300075,5635
882,Louisiana,2020-10-25,5854.0,5830.0,5803.827027264895,5837
883,Louisiana,2020-10-14,5690.0,5687.0,5675.435082999657,5695
884,Wisconsin,2020-10-20,1669.0,1636.0,1625.722093462341,1871
885,Wisconsin,2020-10-30,1816.0,1743.0,1739.4080800903878,2299
886,Wisconsin,2020-10-27,1771.0,1712.0,1704.1942486279984,2161
887,Wisconsin,2020-10-15,1601.0,1577.0,1572.1629110030947,1695
888,Wisconsin,2020-10-22,1697.0,1661.0,1647.3118496286804,1951
889,Wisconsin,2020-10-29,1801.0,1733.0,1727.3851485255886,2255
890,Wisconsin,2020-10-28,1786.0,1722.0,1715.7398063884077,2212
891,Wisconsin,2020-10-17,1626.0,1597.0,1593.1216092607913,1761
892,Wisconsin,2020-10-26,1756.0,1702.0,1692.7473684639913,2115
893,Wisconsin,2020-11-02,1862.0,1775.0,1775.8168482296935,2404
894,Wisconsin,2020-10-11,1550.0,1552.0,1530.1672101595918,1596
895,Wisconsin,2020-11-01,1847.0,1764.0,1763.8022539852475,2363
896,Wisconsin,2020-10-09,1525.0,1533.0,1509.6573994286377,1544
897,Wisconsin,2020-10-18,1641.0,1607.0,1603.8920535887164,1799
898,Wisconsin,2020-10-24,1727.0,1681.0,1669.6366379729727,2039
899,Wisconsin,2020-10-21,1683.0,1651.0,1636.473156790669,1910
900,Wisconsin,2020-10-12,1562.0,1561.0,1540.6225804183628,1616
901,Wisconsin,2020-10-31,1831.0,1754.0,1751.5465828636638,2339
902,Wisconsin,2020-10-19,1655.0,1622.0,1614.7584869336752,1838
903,Wisconsin,2020-10-08,1514.0,1519.0,1499.5275371009602,1520
904,Wisconsin,2020-10-13,1577.0,1566.0,1551.1702688823964,1642
905,Wisconsin,2020-10-16,1613.0,1587.0,1582.5993653157925,1731
906,Wisconsin,2020-10-23,1712.0,1671.0,1658.239056981937,1997
907,Wisconsin,2020-10-10,1537.0,1542.0,1519.870347236722,1568
908,Wisconsin,2020-10-25,1741.0,1692.0,1681.138967941128,2081
909,Wisconsin,2020-10-14,1589.0,1571.0,1561.8113669756044,1666
910,Texas,2020-10-20,17989.0,22845.0,17394.597026706644,17629
911,Texas,2020-10-30,19043.0,32690.0,18012.067058472552,18483
912,Texas,2020-10-27,18722.0,29231.0,17825.07798494307,18153
913,Texas,2020-10-15,17486.0,19376.0,17092.846900239794,17344
914,Texas,2020-10-22,18197.0,24805.0,17516.63398776463,17738
915,Texas,2020-10-29,18937.0,31372.0,17949.446298006496,18375
916,Texas,2020-10-28,18829.0,30107.0,17887.117129840724,18259
917,Texas,2020-10-17,17690.0,20668.0,17212.212375170555,17509
918,Texas,2020-10-26,18615.0,28382.0,17762.54870170351,18070
919,Texas,2020-11-02,19373.0,36538.0,18204.15518658466,18640
920,Texas,2020-10-11,17093.0,17368.0,16850.894756952846,17033
921,Texas,2020-11-01,19262.0,35279.0,18139.816456698147,18602
922,Texas,2020-10-09,16891.0,16927.0,16732.159942089394,16926
923,Texas,2020-10-18,17790.0,21287.0,17272.31533539411,17538
924,Texas,2020-10-24,18403.0,26607.0,17638.3877590765,17999
925,Texas,2020-10-21,18093.0,23805.0,17456.17985466013,17727
926,Texas,2020-10-12,17195.0,17712.0,16910.69474053171,17063
927,Texas,2020-10-31,19152.0,34063.0,18075.787667010507,18558
928,Texas,2020-10-19,17889.0,21924.0,17333.309408074347,17557
929,Texas,2020-10-08,16799.0,16823.0,16671.35914619809,16827
930,Texas,2020-10-13,17290.0,18064.0,16971.11338757012,17148
931,Texas,2020-10-16,17588.0,20067.0,17152.390068477245,17438
932,Texas,2020-10-23,18301.0,25690.0,17577.369450309965,17854
933,Texas,2020-10-10,16991.0,17031.0,16791.383706683628,17004
934,Texas,2020-10-25,18508.0,27557.0,17700.31919179663,18042
935,Texas,2020-10-14,17386.0,18708.0,17031.8301934702,17251
936,Nebraska,2020-10-20,551.0,722.0,542.9055510253055,565
937,Nebraska,2020-10-30,586.0,1033.0,570.6576686194084,646
938,Nebraska,2020-10-27,575.0,913.0,562.1594257949032,620
939,Nebraska,2020-10-15,534.0,609.0,529.5227817454919,535
940,Nebraska,2020-10-22,558.0,779.0,548.3334331970672,587
941,Nebraska,2020-10-29,583.0,992.0,567.7729172775522,637
942,Nebraska,2020-10-28,579.0,952.0,564.9576439558881,628
943,Nebraska,2020-10-17,540.0,646.0,534.8325209617988,547
944,Nebraska,2020-10-26,572.0,887.0,559.3781408331381,603
945,Nebraska,2020-11-02,597.0,1148.0,579.3972805869955,656
946,Nebraska,2020-10-11,520.0,538.0,519.0073856930948,519
947,Nebraska,2020-11-01,594.0,1108.0,576.4832257289291,654
948,Nebraska,2020-10-09,514.0,517.0,513.8223122308924,514
949,Nebraska,2020-10-18,544.0,665.0,537.5068072990846,548
950,Nebraska,2020-10-24,565.0,836.0,553.8243327328303,595
951,Nebraska,2020-10-21,554.0,753.0,545.6110397112681,576
952,Nebraska,2020-10-12,523.0,548.0,521.6197599484586,522
953,Nebraska,2020-10-31,590.0,1070.0,573.5610536682236,652
954,Nebraska,2020-10-19,547.0,693.0,540.1977747529252,554
955,Nebraska,2020-10-08,510.0,514.0,511.2535891834098,514
956,Nebraska,2020-10-13,527.0,568.0,524.2481968131998,527
957,Nebraska,2020-10-16,537.0,627.0,532.1693074851116,547
958,Nebraska,2020-10-23,561.0,807.0,551.0728622345341,591
959,Nebraska,2020-10-10,517.0,527.0,516.4068725413579,519
960,Nebraska,2020-10-25,568.0,861.0,556.5927177116139,596
961,Nebraska,2020-10-14,530.0,588.0,526.8928116803477,530
962,Oregon,2020-10-20,626.0,859.0,613.914277774069,633
963,Oregon,2020-10-30,661.0,1221.0,641.5676638994588,675
964,Oregon,2020-10-27,638.0,1086.0,633.1342921196784,664
965,Oregon,2020-10-15,617.0,716.0,600.3820371162249,611
966,Oregon,2020-10-22,627.0,921.0,619.3675928666963,635
967,Oregon,2020-10-29,652.0,1179.0,638.7383510885445,673
968,Oregon,2020-10-28,647.0,1132.0,635.9243948893095,671
969,Oregon,2020-10-17,621.0,759.0,605.7673524972779,619
970,Oregon,2020-10-26,633.0,1042.0,630.3592080951951,655
971,Oregon,2020-11-02,676.0,1349.0,650.1302104720687,692
972,Oregon,2020-10-11,598.0,626.0,589.6603380668113,599
973,Oregon,2020-11-01,672.0,1310.0,647.2635764354523,691
974,Oregon,2020-10-09,584.0,602.0,584.196591049081,597
975,Oregon,2020-10-18,626.0,791.0,608.4810080569762,620
976,Oregon,2020-10-24,632.0,983.0,624.8403473058657,653
977,Oregon,2020-10-21,627.0,890.0,616.6335793876326,635
978,Oregon,2020-10-12,601.0,648.0,592.3489473685223,599
979,Oregon,2020-10-31,669.0,1265.0,644.4124286974256,689
980,Oregon,2020-10-19,626.0,824.0,611.2095984297183,627
981,Oregon,2020-10-08,583.0,590.0,581.4232430588467,594
982,Oregon,2020-10-13,606.0,671.0,595.0527569827058,605
983,Oregon,2020-10-16,620.0,737.0,603.0685391997323,617
984,Oregon,2020-10-23,631.0,954.0,622.0965584987387,649
985,Oregon,2020-10-10,586.0,613.0,586.9868318627642,599
986,Oregon,2020-10-25,633.0,1012.0,627.59905101957,653
987,Oregon,2020-10-14,613.0,695.0,597.7101395848113,608
988,Arizona,2020-10-20,5913.0,5889.0,5838.024749016643,5837
989,Arizona,2020-10-30,6058.0,6029.0,5932.547450675568,5934
990,Arizona,2020-10-27,5999.0,5984.0,5903.978059823926,5891
991,Arizona,2020-10-15,5824.0,5831.0,5791.514914094349,5789
992,Arizona,2020-10-22,5937.0,5926.0,5856.768011363694,5859
993,Arizona,2020-10-29,6038.0,6022.0,5923.003919029003,5918
994,Arizona,2020-10-28,6024.0,6003.0,5913.48080613955,5905
995,Arizona,2020-10-17,5858.0,5868.0,5810.059389114793,5824
996,Arizona,2020-10-26,5988.0,5965.0,5894.495628055358,5875
997,Arizona,2020-11-02,6110.0,6062.0,5961.301082349881,5982
998,Arizona,2020-10-11,5774.0,5793.0,5754.58231728419,5759
999,Arizona,2020-11-01,6077.0,6043.0,5951.695979758984,5979
1000,Arizona,2020-10-09,5737.0,5756.0,5736.121232945876,5746
1001,Arizona,2020-10-18,5869.0,5875.0,5819.361305607911,5827
1002,Arizona,2020-10-24,5973.0,5951.0,5875.591500831597,5869
1003,Arizona,2020-10-21,5927.0,5907.0,5847.386377368751,5854
1004,Arizona,2020-10-12,5787.0,5799.0,5763.805935746045,5759
1005,Arizona,2020-10-31,6059.0,6036.0,5942.11145341958,5979
1006,Arizona,2020-10-19,5883.0,5882.0,5828.683075361061,5830
1007,Arizona,2020-10-08,5736.0,5738.0,5726.884024518412,5743
1008,Arizona,2020-10-13,5798.0,5806.0,5773.049248174427,5767
1009,Arizona,2020-10-16,5844.0,5850.0,5800.777275390469,5806
1010,Arizona,2020-10-23,5947.0,5945.0,5866.169702100533,5865
1011,Arizona,2020-10-10,5744.0,5774.0,5745.378342811138,5759
1012,Arizona,2020-10-25,5986.0,5958.0,5885.033458963041,5874
1013,Arizona,2020-10-14,5808.0,5813.0,5782.272255035958,5772
1014,Connecticut,2020-10-20,4545.0,4655.0,4579.465757574865,4559
1015,Connecticut,2020-10-30,4561.0,4766.0,4625.886082629232,4616
1016,Connecticut,2020-10-27,4557.0,4731.0,4611.877111364851,4595
1017,Connecticut,2020-10-15,4535.0,4610.0,4556.549050896268,4540
1018,Connecticut,2020-10-22,4550.0,4685.0,4588.686905817045,4569
1019,Connecticut,2020-10-29,4560.0,4761.0,4621.208481927356,4609
1020,Connecticut,2020-10-28,4559.0,4746.0,4616.538830520201,4604
1021,Connecticut,2020-10-17,4540.0,4639.0,4565.692474307004,4542
1022,Connecticut,2020-10-26,4555.0,4716.0,4607.223307460683,4589
1023,Connecticut,2020-11-02,4569.0,4792.0,4639.966751569275,4627
1024,Connecticut,2020-10-11,4528.0,4579.0,4538.354646664561,4530
1025,Connecticut,2020-11-01,4567.0,4777.0,4635.265200301,4616
1026,Connecticut,2020-10-09,4524.0,4551.0,4529.208651655366,4530
1027,Connecticut,2020-10-18,4542.0,4644.0,4570.275799058539,4542
1028,Connecticut,2020-10-24,4552.0,4705.0,4597.939377614163,4577
1029,Connecticut,2020-10-21,4548.0,4670.0,4584.072424631458,4567
1030,Connecticut,2020-10-12,4529.0,4585.0,4542.891733476348,4532
1031,Connecticut,2020-10-31,4564.0,4772.0,4630.571649711158,4616
1032,Connecticut,2020-10-19,4545.0,4650.0,4574.866887939397,4554
1033,Connecticut,2020-10-08,4522.0,4536.0,4524.600254999027,4527
1034,Connecticut,2020-10-13,4531.0,4590.0,4547.436485525284,4533
1035,Connecticut,2020-10-16,4537.0,4624.0,4561.116897100633,4542
1036,Connecticut,2020-10-23,4552.0,4699.0,4593.309217880973,4577
1037,Connecticut,2020-10-10,4526.0,4565.0,4533.82520875008,4530
1038,Connecticut,2020-10-25,4553.0,4710.0,4602.577401849251,4577
1039,Connecticut,2020-10-14,4533.0,4595.0,4551.988919191649,4537
1040,Idaho,2020-10-20,545.0,544.0,523.9712574079333,535
1041,Idaho,2020-10-30,575.0,582.0,549.1372024817178,626
1042,Idaho,2020-10-27,566.0,571.0,541.5190184645064,585
1043,Idaho,2020-10-15,528.0,527.0,511.8306186912615,517
1044,Idaho,2020-10-22,551.0,554.0,528.9116450154436,553
1045,Idaho,2020-10-29,570.0,578.0,546.5839376192655,615
1046,Idaho,2020-10-28,567.0,575.0,544.0445706202114,599
1047,Idaho,2020-10-17,535.0,533.0,516.6100733359066,529
1048,Idaho,2020-10-26,564.0,568.0,538.9441907977704,580
1049,Idaho,2020-11-02,586.0,592.0,557.0796224115682,632
1050,Idaho,2020-10-11,514.0,518.0,502.1180686834033,507
1051,Idaho,2020-11-01,580.0,589.0,554.4170144936128,630
1052,Idaho,2020-10-09,504.0,510.0,497.3867187941841,506
1053,Idaho,2020-10-18,538.0,536.0,519.0193433270543,528
1054,Idaho,2020-10-24,558.0,561.0,533.8382827237994,572
1055,Idaho,2020-10-21,547.0,549.0,526.4683478441195,546
1056,Idaho,2020-10-12,517.0,521.0,504.50355432814683,510
1057,Idaho,2020-10-31,578.0,585.0,551.7695734209519,629
1058,Idaho,2020-10-19,541.0,539.0,521.4882857161301,531
1059,Idaho,2020-10-08,501.0,505.0,494.9097395346442,503
1060,Idaho,2020-10-13,518.0,524.0,506.9319157721747,512
1061,Idaho,2020-10-16,532.0,529.0,514.2138576420391,523
1062,Idaho,2020-10-23,554.0,558.0,531.3682633527328,562
1063,Idaho,2020-10-10,509.0,515.0,499.7458170952132,507
1064,Idaho,2020-10-25,559.0,564.0,536.3839765244676,573
1065,Idaho,2020-10-14,524.0,526.0,509.37424056760784,516
1066,North Dakota,2020-10-20,365.0,465.0,357.4026601538449,412
1067,North Dakota,2020-10-30,409.0,657.0,423.91386194102995,512
1068,North Dakota,2020-10-27,396.0,595.0,402.3651045188766,476
1069,North Dakota,2020-10-15,342.0,385.0,328.698280141096,370
1070,North Dakota,2020-10-22,373.0,493.0,369.63633513576303,431
1071,North Dakota,2020-10-29,405.0,638.0,416.5661775589948,499
1072,North Dakota,2020-10-28,400.0,616.0,409.39153733473626,488
1073,North Dakota,2020-10-17,352.0,419.0,339.86351160205425,399
1074,North Dakota,2020-10-26,391.0,575.0,395.49987333675745,461
1075,North Dakota,2020-11-02,424.0,726.0,446.9981224947541,540
1076,North Dakota,2020-10-11,324.0,339.0,307.5218260497191,337
1077,North Dakota,2020-11-01,419.0,697.0,439.1266423639903,531
1078,North Dakota,2020-10-09,314.0,316.0,297.1970852576484,321
1079,North Dakota,2020-10-18,356.0,433.0,345.6106764166819,404
1080,North Dakota,2020-10-24,382.0,529.0,382.2588120714878,448
1081,North Dakota,2020-10-21,369.0,479.0,363.4504507453542,422
1082,North Dakota,2020-10-12,328.0,349.0,312.6862022703546,345
1083,North Dakota,2020-10-31,414.0,677.0,431.43967081223883,524
1084,North Dakota,2020-10-19,360.0,449.0,351.4892870208258,408
1085,North Dakota,2020-10-08,308.0,305.0,292.04204172903155,310
1086,North Dakota,2020-10-13,333.0,359.0,317.964363924577,357
1087,North Dakota,2020-10-16,347.0,402.0,334.2442264153249,388
1088,North Dakota,2020-10-23,378.0,508.0,375.87514715471247,440
1089,North Dakota,2020-10-10,319.0,327.0,302.46824719033674,336
1090,North Dakota,2020-10-25,387.0,551.0,388.79147094781484,456
1091,North Dakota,2020-10-14,338.0,370.0,323.27269743609247,365
1092,California,2020-10-20,17437.0,17763.0,16870.60314018605,17055
1093,California,2020-10-30,18352.0,18862.0,17337.584639730216,17618
1094,California,2020-10-27,18071.0,18526.0,17195.822139296222,17460
1095,California,2020-10-15,17006.0,17238.0,16642.858874602167,16832
1096,California,2020-10-22,17614.0,17978.0,16962.298303329277,17256
1097,California,2020-10-29,18256.0,18749.0,17289.842783564134,17559
1098,California,2020-10-28,18161.0,18637.0,17242.74866954814,17529
1099,California,2020-10-17,17184.0,17447.0,16732.930808096855,16956
1100,California,2020-10-26,17977.0,18415.0,17149.062492275818,17386
1101,California,2020-11-02,18632.0,19205.0,17481.370305050605,17689
1102,California,2020-10-11,16663.0,16667.0,16463.313084498437,16579
1103,California,2020-11-01,18535.0,19090.0,17433.591677387667,17671
1104,California,2020-10-09,16484.0,16458.0,16374.598847614638,16486
1105,California,2020-10-18,17267.0,17552.0,16778.655844621673,16979
1106,California,2020-10-24,17790.0,18195.0,17055.11122521787,17343
1107,California,2020-10-21,17527.0,17870.0,16916.369365283455,17167
1108,California,2020-10-12,16752.0,16772.0,16508.067558884963,16586
1109,California,2020-10-31,18444.0,18976.0,17385.500685806568,17659
1110,California,2020-10-19,17351.0,17657.0,16824.546384159814,16982
1111,California,2020-10-08,16411.0,16402.0,16330.476038925559,16418
1112,California,2020-10-13,16838.0,16926.0,16552.983375323867,16644
1113,California,2020-10-16,17096.0,17342.0,16687.815180863898,16910
1114,California,2020-10-23,17702.0,18086.0,17008.390635361477,17305
1115,California,2020-10-10,16567.0,16562.0,16418.877646666013,16567
1116,California,2020-10-25,17883.0,18305.0,17102.001599452826,17358
1117,California,2020-10-14,16921.0,17082.0,16598.061227184804,16729
1118,Kentucky,2020-10-20,1349.0,1331.0,1306.3252051197778,1342
1119,Kentucky,2020-10-30,1454.0,1414.0,1372.314877050402,1476
1120,Kentucky,2020-10-27,1421.0,1388.0,1352.0983470380795,1428
1121,Kentucky,2020-10-15,1299.0,1292.0,1274.805001249658,1296
1122,Kentucky,2020-10-22,1369.0,1347.0,1319.2755313011342,1380
1123,Kentucky,2020-10-29,1443.0,1405.0,1365.5872887250066,1461
1124,Kentucky,2020-10-28,1432.0,1397.0,1358.8229373789934,1442
1125,Kentucky,2020-10-17,1319.0,1308.0,1287.3872103155668,1312
1126,Kentucky,2020-10-26,1411.0,1380.0,1345.4132422890552,1410
1127,Kentucky,2020-11-02,1487.0,1439.0,1392.8110437133114,1492
1128,Kentucky,2020-10-11,1259.0,1249.0,1250.2719145192373,1252
1129,Kentucky,2020-11-01,1476.0,1431.0,1385.8875426123666,1489
1130,Kentucky,2020-10-09,1241.0,1233.0,1238.0773229547851,1242
1131,Kentucky,2020-10-18,1328.0,1315.0,1293.6637306371981,1318
1132,Kentucky,2020-10-24,1390.0,1364.0,1332.3053429453814,1404
1133,Kentucky,2020-10-21,1359.0,1339.0,1312.7814134492155,1363
1134,Kentucky,2020-10-12,1269.0,1257.0,1256.3360830084537,1255
1135,Kentucky,2020-10-31,1465.0,1422.0,1379.0815407278656,1485
1136,Kentucky,2020-10-19,1338.0,1323.0,1299.976315734624,1326
1137,Kentucky,2020-10-08,1232.0,1229.0,1232.0326695086128,1234
1138,Kentucky,2020-10-13,1279.0,1269.0,1262.4349127894106,1269
1139,Kentucky,2020-10-16,1309.0,1300.0,1281.0777771469943,1300
1140,Kentucky,2020-10-23,1379.0,1355.0,1325.8078210137905,1396
1141,Kentucky,2020-10-10,1250.0,1241.0,1244.1569920012648,1249
1142,Kentucky,2020-10-25,1400.0,1372.0,1338.840399749167,1407
1143,Kentucky,2020-10-14,1289.0,1280.0,1268.5686326215953,1276
1144,Ohio,2020-10-20,5366.0,5097.0,5222.711626367364,5083
1145,Ohio,2020-10-30,5660.0,5219.0,5438.03781189342,5291
1146,Ohio,2020-10-27,5564.0,5180.0,5372.687157281019,5239
1147,Ohio,2020-10-15,5207.0,5048.0,5117.263251340525,5038
1148,Ohio,2020-10-22,5425.0,5130.0,5265.682872616186,5161
1149,Ohio,2020-10-29,5624.0,5213.0,5416.244694686937,5275
1150,Ohio,2020-10-28,5596.0,5196.0,5394.558743428511,5256
1151,Ohio,2020-10-17,5279.0,5080.0,5159.374311879258,5067
1152,Ohio,2020-10-26,5537.0,5164.0,5350.925207871208,5217
1153,Ohio,2020-11-02,5755.0,5248.0,5504.669721426712,5340
1154,Ohio,2020-10-11,5070.0,5014.0,5033.506541000326,4999
1155,Ohio,2020-11-01,5722.0,5231.0,5482.247830285314,5303
1156,Ohio,2020-10-09,5007.0,4983.0,4991.58791713325,4994
1157,Ohio,2020-10-18,5309.0,5086.0,5180.328774781361,5067
1158,Ohio,2020-10-24,5476.0,5152.0,5307.971606006584,5206
1159,Ohio,2020-10-21,5400.0,5113.0,5244.143274811858,5149
1160,Ohio,2020-10-12,5101.0,5020.0,5054.234135226324,5005
1161,Ohio,2020-10-31,5690.0,5225.0,5459.9386947141265,5301
1162,Ohio,2020-10-19,5336.0,5091.0,5201.387316034562,5075
1163,Ohio,2020-10-08,4986.0,4967.0,4970.404720863303,4983
1164,Ohio,2020-10-13,5140.0,5026.0,5075.0669899147315,5017
1165,Ohio,2020-10-16,5242.0,5064.0,5138.523347539803,5054
1166,Ohio,2020-10-23,5447.0,5146.0,5286.77533266517,5184
1167,Ohio,2020-10-10,5039.0,4999.0,5012.883603364467,4997
1168,Ohio,2020-10-25,5511.0,5158.0,5329.272271608726,5206
1169,Ohio,2020-10-14,5171.0,5032.0,5096.111339169374,5033
1170,Alabama,2020-10-20,2828.0,2825.0,2680.842156929287,2805
1171,Alabama,2020-10-30,3092.0,3000.0,2760.88575049118,2932
1172,Alabama,2020-10-27,2989.0,2946.0,2736.5802012796357,2892
1173,Alabama,2020-10-15,2715.0,2742.0,2641.9025751025624,2756
1174,Alabama,2020-10-22,2871.0,2859.0,2696.6202975867677,2843
1175,Alabama,2020-10-29,3080.0,2982.0,2752.754103350008,2914
1176,Alabama,2020-10-28,3034.0,2964.0,2744.652297110794,2911
1177,Alabama,2020-10-17,2757.0,2775.0,2657.3829827289273,2788
1178,Alabama,2020-10-26,2970.0,2929.0,2728.52435753771,2866
1179,Alabama,2020-11-02,3132.0,3054.0,2785.5001186850004,2973
1180,Alabama,2020-10-11,2654.0,2651.0,2611.150142164301,2664
1181,Alabama,2020-11-01,3129.0,3036.0,2777.2651210565045,2973
1182,Alabama,2020-10-09,2611.0,2617.0,2595.8304046730073,2653
1183,Alabama,2020-10-18,2768.0,2791.0,2665.1656147414933,2788
1184,Alabama,2020-10-24,2914.0,2894.0,2712.500966089204,2866
1185,Alabama,2020-10-21,2871.0,2842.0,2688.723445437199,2828
1186,Alabama,2020-10-12,2673.0,2667.0,2618.8528176126647,2665
1187,Alabama,2020-10-31,3112.0,3018.0,2769.060375588893,2967
1188,Alabama,2020-10-19,2786.0,2808.0,2672.989588119317,2789
1189,Alabama,2020-10-08,2603.0,2609.0,2588.13593047402,2637
1190,Alabama,2020-10-13,2682.0,2692.0,2626.5081640212466,2665
1191,Alabama,2020-10-16,2756.0,2758.0,2649.6286771859945,2786
1192,Alabama,2020-10-23,2882.0,2876.0,2704.5460955735043,2859
1193,Alabama,2020-10-10,2633.0,2634.0,2603.4760473548085,2664
1194,Alabama,2020-10-25,2958.0,2911.0,2720.497988463598,2866
1195,Alabama,2020-10-14,2693.0,2717.0,2634.1913762911986,2706
1196,Georgia,2020-10-20,7857.0,7868.0,7488.332734112667,7674
1197,Georgia,2020-10-30,8340.0,8355.0,7693.771815083036,7955
1198,Georgia,2020-10-27,8193.0,8206.0,7631.074074798572,7844
1199,Georgia,2020-10-15,7627.0,7612.0,7388.2748130426335,7492
1200,Georgia,2020-10-22,7952.0,7963.0,7528.797142238874,7729
1201,Georgia,2020-10-29,8291.0,8305.0,7672.798370231483,7923
1202,Georgia,2020-10-28,8240.0,8255.0,7651.899228470146,7876
1203,Georgia,2020-10-17,7717.0,7728.0,7428.284091755236,7607
1204,Georgia,2020-10-26,8145.0,8156.0,7610.578014824214,7827
1205,Georgia,2020-11-02,8491.0,8506.0,7756.345606827668,7999
1206,Georgia,2020-10-11,7439.0,7380.0,7309.751511858242,7416
1207,Georgia,2020-11-01,8440.0,8455.0,7735.415251517045,7981
1208,Georgia,2020-10-09,7351.0,7309.0,7270.463975698159,7348
1209,Georgia,2020-10-18,7763.0,7774.0,7448.394586173877,7638
1210,Georgia,2020-10-24,8047.0,8059.0,7569.797832175666,7808
1211,Georgia,2020-10-21,7902.0,7915.0,7508.405181893043,7704
1212,Georgia,2020-10-12,7486.0,7427.0,7329.498842905481,7429
1213,Georgia,2020-10-31,8390.0,8405.0,7714.557420067185,7979
1214,Georgia,2020-10-19,7811.0,7821.0,7468.329295956285,7657
1215,Georgia,2020-10-08,7306.0,7284.0,7250.405155041418,7294
1216,Georgia,2020-10-13,7533.0,7474.0,7349.0236905417705,7454
1217,Georgia,2020-10-16,7674.0,7681.0,7408.244266604986,7556
1218,Georgia,2020-10-23,7999.0,8011.0,7549.261256930374,7766
1219,Georgia,2020-10-10,7395.0,7334.0,7290.073319474264,7393
1220,Georgia,2020-10-25,8097.0,8108.0,7590.152697016749,7809
1221,Georgia,2020-10-14,7577.0,7542.0,7368.615589408852,7470
1222,South Carolina,2020-10-20,3786.0,3802.0,3650.3177942378024,3696
1223,South Carolina,2020-10-30,4015.0,4037.0,3781.985182323785,3896
1224,South Carolina,2020-10-27,3945.0,3965.0,3741.8787574545995,3842
1225,South Carolina,2020-10-15,3676.0,3690.0,3586.615368675246,3607
1226,South Carolina,2020-10-22,3830.0,3848.0,3676.226700660112,3755
1227,South Carolina,2020-10-29,3992.0,4013.0,3768.5825444272164,3889
1228,South Carolina,2020-10-28,3968.0,3989.0,3755.201687242595,3876
1229,South Carolina,2020-10-17,3719.0,3734.0,3611.9738695320516,3637
1230,South Carolina,2020-10-26,3922.0,3941.0,3728.6134634256846,3823
1231,South Carolina,2020-11-02,4087.0,4110.0,3822.580019132942,3946
1232,South Carolina,2020-10-11,3588.0,3567.0,3536.6482916410273,3552
1233,South Carolina,2020-11-01,4063.0,4086.0,3808.9655651554,3936
1234,South Carolina,2020-10-09,3544.0,3523.0,3511.8669633107406,3530
1235,South Carolina,2020-10-18,3742.0,3757.0,3624.70021998626,3650
1236,South Carolina,2020-10-24,3876.0,3894.0,3702.3247393408014,3793
1237,South Carolina,2020-10-21,3808.0,3825.0,3663.244282941044,3708
1238,South Carolina,2020-10-12,3610.0,3590.0,3549.0514158032133,3559
1239,South Carolina,2020-10-31,4039.0,4061.0,3795.446090791353,3935
1240,South Carolina,2020-10-19,3764.0,3779.0,3637.4814361838517,3661
1241,South Carolina,2020-10-08,3523.0,3511.0,3499.555711495955,3514
1242,South Carolina,2020-10-13,3632.0,3623.0,3561.507787046366,3576
1243,South Carolina,2020-10-16,3698.0,3712.0,3599.2673434802914,3615
1244,South Carolina,2020-10-23,3853.0,3871.0,3689.2653294042093,3777
1245,South Carolina,2020-10-10,3566.0,3545.0,3524.2310685404955,3551
1246,South Carolina,2020-10-25,3899.0,3918.0,3715.4406888334684,3802
1247,South Carolina,2020-10-14,3655.0,3656.0,3574.0176723909653,3593
