,state,date,cases
0,Connecticut,2020-03-22,327
1,Connecticut,2020-03-23,415
2,Connecticut,2020-03-24,618
3,Connecticut,2020-03-25,875
4,Connecticut,2020-03-26,1012
5,Connecticut,2020-03-27,1291
6,Connecticut,2020-03-28,1524
7,Connecticut,2020-03-29,1993
8,Connecticut,2020-03-30,2571
9,Connecticut,2020-03-31,3128
10,Connecticut,2020-04-01,3557
11,Connecticut,2020-04-02,3824
12,Connecticut,2020-04-03,4914
13,Connecticut,2020-04-04,5276
14,Connecticut,2020-04-05,5675
15,Connecticut,2020-04-06,6906
16,Connecticut,2020-04-07,7781
17,Connecticut,2020-04-08,7781
18,Connecticut,2020-04-09,9784
19,Connecticut,2020-04-10,10538
20,Connecticut,2020-04-11,11510
21,Connecticut,2020-04-12,12035
22,Connecticut,2020-04-13,13381
23,Connecticut,2020-04-14,13989
24,Connecticut,2020-04-15,14755
25,Connecticut,2020-04-16,15884
26,Connecticut,2020-04-17,16809
27,Connecticut,2020-04-18,17550
28,Connecticut,2020-04-19,17962
29,Connecticut,2020-04-20,19815
30,Connecticut,2020-04-21,20360
31,Connecticut,2020-04-22,22469
32,Connecticut,2020-04-23,23100
33,Connecticut,2020-04-24,23936
34,Connecticut,2020-04-25,24583
35,Connecticut,2020-04-26,25269
36,Connecticut,2020-04-27,25997
37,Connecticut,2020-04-28,26312
38,Connecticut,2020-04-29,26767
39,Connecticut,2020-04-30,27700
40,Connecticut,2020-05-01,28764
41,Connecticut,2020-05-02,29287
42,Connecticut,2020-05-03,29287
43,Connecticut,2020-05-04,29973
44,Connecticut,2020-05-05,30621
45,Connecticut,2020-05-06,30995
46,Connecticut,2020-05-07,31784
47,Connecticut,2020-05-08,32411
48,Connecticut,2020-05-09,32984
49,Connecticut,2020-05-10,33554
50,Connecticut,2020-05-11,33765
51,Connecticut,2020-05-12,34333
52,Connecticut,2020-05-13,34855
53,Connecticut,2020-05-14,35464
54,Connecticut,2020-05-15,36085
55,Connecticut,2020-05-16,36703
56,Connecticut,2020-05-17,37419
57,Connecticut,2020-05-18,38116
58,Connecticut,2020-05-19,38430
59,Connecticut,2020-05-20,39017
60,Connecticut,2020-05-21,39208
61,Connecticut,2020-05-22,39640
62,Connecticut,2020-05-23,40022
63,Connecticut,2020-05-24,40468
64,Connecticut,2020-05-25,40873
65,Connecticut,2020-05-26,41303
66,Connecticut,2020-05-27,41303
67,Connecticut,2020-05-28,41559
68,Connecticut,2020-05-29,41762
69,Connecticut,2020-05-30,42022
70,Connecticut,2020-05-31,42201
71,Connecticut,2020-06-01,42740
72,Connecticut,2020-06-02,42979
73,Connecticut,2020-06-03,43091
74,Connecticut,2020-06-04,43239
75,Connecticut,2020-06-05,43460
76,Connecticut,2020-06-06,43818
77,Connecticut,2020-06-07,43968
78,Connecticut,2020-06-08,44092
79,Connecticut,2020-06-09,44179
80,Connecticut,2020-06-10,44347
81,Connecticut,2020-06-11,44461
82,Connecticut,2020-06-12,44689
83,Connecticut,2020-06-13,44994
84,Connecticut,2020-06-14,45088
85,Connecticut,2020-06-15,45235
86,Connecticut,2020-06-16,45349
87,Connecticut,2020-06-17,45429
88,Connecticut,2020-06-18,45440
89,Connecticut,2020-06-19,45557
90,Connecticut,2020-06-20,45715
91,Connecticut,2020-06-21,45755
92,Connecticut,2020-06-22,45782
93,Connecticut,2020-06-23,45899
94,Connecticut,2020-06-24,45913
95,Connecticut,2020-06-25,45994
96,Connecticut,2020-06-26,46059
97,Connecticut,2020-06-27,46206
98,Connecticut,2020-06-28,46303
99,Connecticut,2020-06-29,46362
100,Connecticut,2020-06-30,46514
101,Connecticut,2020-07-01,46572
102,Connecticut,2020-07-02,46646
103,Connecticut,2020-07-03,46717
104,Connecticut,2020-07-04,46717
105,Connecticut,2020-07-05,46717
106,Connecticut,2020-07-06,46976
107,Connecticut,2020-07-07,47033
108,Connecticut,2020-07-08,47108
109,Connecticut,2020-07-09,47209
110,Connecticut,2020-07-10,47287
111,Connecticut,2020-07-11,47287
112,Connecticut,2020-07-12,47287
113,Connecticut,2020-07-13,47510
114,Connecticut,2020-07-14,47530
115,Connecticut,2020-07-15,47636
116,Connecticut,2020-07-16,47750
117,Connecticut,2020-07-17,47893
118,Connecticut,2020-07-18,47893
119,Connecticut,2020-07-19,47893
120,Connecticut,2020-07-20,48055
121,Connecticut,2020-07-21,48096
122,Connecticut,2020-07-22,48223
123,Connecticut,2020-07-23,48232
124,Connecticut,2020-07-24,48776
125,Connecticut,2020-07-25,48776
126,Connecticut,2020-07-26,48776
127,Connecticut,2020-07-27,48983
128,Connecticut,2020-07-28,49077
129,Connecticut,2020-07-29,49540
130,Connecticut,2020-07-30,49670
131,Connecticut,2020-07-31,49810
132,Connecticut,2020-08-01,49810
133,Connecticut,2020-08-02,49810
134,Connecticut,2020-08-03,50062
135,Connecticut,2020-08-04,50110
136,Connecticut,2020-08-05,50225
137,Connecticut,2020-08-06,50245
138,Connecticut,2020-08-07,50320
139,Connecticut,2020-08-08,50320
140,Connecticut,2020-08-09,50320
141,Connecticut,2020-08-10,50567
142,Connecticut,2020-08-11,50684
143,Connecticut,2020-08-12,50706
144,Connecticut,2020-08-13,50782
145,Connecticut,2020-08-14,50897
146,Connecticut,2020-08-15,50897
147,Connecticut,2020-08-16,50897
148,Connecticut,2020-08-17,51267
149,Connecticut,2020-08-18,51267
150,Connecticut,2020-08-19,51314
151,Connecticut,2020-08-20,51432
152,Connecticut,2020-08-21,51519
153,Connecticut,2020-08-22,51519
154,Connecticut,2020-08-23,51519
155,Connecticut,2020-08-24,52011
156,Connecticut,2020-08-25,52040
157,Connecticut,2020-08-26,52220
158,Connecticut,2020-08-27,52350
159,Connecticut,2020-08-28,52495
160,Connecticut,2020-08-29,52495
161,Connecticut,2020-08-30,52495
162,Connecticut,2020-08-31,52879
163,Connecticut,2020-09-01,53006
164,Connecticut,2020-09-02,53108
165,Connecticut,2020-09-03,53209
166,Connecticut,2020-09-04,53365
167,Connecticut,2020-09-05,53365
168,Connecticut,2020-09-06,53365
169,Connecticut,2020-09-07,53365
170,Connecticut,2020-09-08,53782
171,Connecticut,2020-09-09,53871
172,Connecticut,2020-09-10,54093
173,Connecticut,2020-09-11,54326
174,Connecticut,2020-09-12,54326
175,Connecticut,2020-09-13,54326
176,Connecticut,2020-09-14,54895
177,Connecticut,2020-09-15,55031
178,Connecticut,2020-09-16,55166
179,Connecticut,2020-09-17,55386
180,Connecticut,2020-09-18,55527
181,Connecticut,2020-09-19,55527
182,Connecticut,2020-09-20,55527
183,Connecticut,2020-09-21,56024
184,Connecticut,2020-09-22,56160
185,Connecticut,2020-09-23,56315
186,Connecticut,2020-09-24,56472
187,Connecticut,2020-09-25,56587
188,Connecticut,2020-09-26,56587
189,Connecticut,2020-09-27,56587
190,Connecticut,2020-09-28,57147
191,Connecticut,2020-09-29,57329
192,Connecticut,2020-09-30,57550
193,Connecticut,2020-10-01,57742
194,Connecticut,2020-10-02,58297
195,Connecticut,2020-10-03,58297
196,Connecticut,2020-10-04,58297
197,Connecticut,2020-10-05,59120
198,Connecticut,2020-10-06,59241
199,Connecticut,2020-10-07,59364
200,Connecticut,2020-10-08,59748
201,Connecticut,2020-10-09,60038
202,Massachusetts,2020-03-13,222
203,Massachusetts,2020-03-14,295
204,Massachusetts,2020-03-15,363
205,Massachusetts,2020-03-16,512
206,Massachusetts,2020-03-17,760
207,Massachusetts,2020-03-18,1019
208,Massachusetts,2020-03-19,1297
209,Massachusetts,2020-03-20,1684
210,Massachusetts,2020-03-21,2006
211,Massachusetts,2020-03-22,2292
212,Massachusetts,2020-03-23,2900
213,Massachusetts,2020-03-24,3618
214,Massachusetts,2020-03-25,4366
215,Massachusetts,2020-03-26,5301
216,Massachusetts,2020-03-27,6242
217,Massachusetts,2020-03-28,6899
218,Massachusetts,2020-03-29,7422
219,Massachusetts,2020-03-30,8660
220,Massachusetts,2020-03-31,9924
221,Massachusetts,2020-04-01,11263
222,Massachusetts,2020-04-02,12542
223,Massachusetts,2020-04-03,14028
224,Massachusetts,2020-04-04,15191
225,Massachusetts,2020-04-05,16172
226,Massachusetts,2020-04-06,18103
227,Massachusetts,2020-04-07,20127
228,Massachusetts,2020-04-08,21990
229,Massachusetts,2020-04-09,23977
230,Massachusetts,2020-04-10,26037
231,Massachusetts,2020-04-11,27338
232,Massachusetts,2020-04-12,28271
233,Massachusetts,2020-04-13,30294
234,Massachusetts,2020-04-14,33173
235,Massachusetts,2020-04-15,35778
236,Massachusetts,2020-04-16,38170
237,Massachusetts,2020-04-17,41168
238,Massachusetts,2020-04-18,42657
239,Massachusetts,2020-04-19,43750
240,Massachusetts,2020-04-20,46442
241,Massachusetts,2020-04-21,48637
242,Massachusetts,2020-04-22,51348
243,Massachusetts,2020-04-23,53755
244,Massachusetts,2020-04-24,56039
245,Massachusetts,2020-04-25,57537
246,Massachusetts,2020-04-26,58384
247,Massachusetts,2020-04-27,60516
248,Massachusetts,2020-04-28,62625
249,Massachusetts,2020-04-29,64816
250,Massachusetts,2020-04-30,66867
251,Massachusetts,2020-05-01,68953
252,Massachusetts,2020-05-02,69984
253,Massachusetts,2020-05-03,70723
254,Massachusetts,2020-05-04,72605
255,Massachusetts,2020-05-05,74343
256,Massachusetts,2020-05-06,76048
257,Massachusetts,2020-05-07,77733
258,Massachusetts,2020-05-08,79190
259,Massachusetts,2020-05-09,79882
260,Massachusetts,2020-05-10,80277
261,Massachusetts,2020-05-11,81588
262,Massachusetts,2020-05-12,83041
263,Massachusetts,2020-05-13,84358
264,Massachusetts,2020-05-14,85674
265,Massachusetts,2020-05-15,86782
266,Massachusetts,2020-05-16,87433
267,Massachusetts,2020-05-17,87805
268,Massachusetts,2020-05-18,89125
269,Massachusetts,2020-05-19,90202
270,Massachusetts,2020-05-20,91231
271,Massachusetts,2020-05-21,92209
272,Massachusetts,2020-05-22,93092
273,Massachusetts,2020-05-23,93492
274,Massachusetts,2020-05-24,93808
275,Massachusetts,2020-05-25,94023
276,Massachusetts,2020-05-26,94907
277,Massachusetts,2020-05-27,95617
278,Massachusetts,2020-05-28,96268
279,Massachusetts,2020-05-29,96805
280,Massachusetts,2020-05-30,97090
281,Massachusetts,2020-05-31,97260
282,Massachusetts,2020-06-01,97774
283,Massachusetts,2020-06-02,98228
284,Massachusetts,2020-06-03,98697
285,Massachusetts,2020-06-04,99079
286,Massachusetts,2020-06-05,99419
287,Massachusetts,2020-06-06,99571
288,Massachusetts,2020-06-07,99725
289,Massachusetts,2020-06-08,100090
290,Massachusetts,2020-06-09,100441
291,Massachusetts,2020-06-10,100707
292,Massachusetts,2020-06-11,100946
293,Massachusetts,2020-06-12,101209
294,Massachusetts,2020-06-13,101314
295,Massachusetts,2020-06-14,101398
296,Massachusetts,2020-06-15,101637
297,Massachusetts,2020-06-16,101847
298,Massachusetts,2020-06-17,102106
299,Massachusetts,2020-06-18,102367
300,Massachusetts,2020-06-19,102547
301,Massachusetts,2020-06-20,102644
302,Massachusetts,2020-06-21,102727
303,Massachusetts,2020-06-22,102957
304,Massachusetts,2020-06-23,103153
305,Massachusetts,2020-06-24,103368
306,Massachusetts,2020-06-25,103582
307,Massachusetts,2020-06-26,103790
308,Massachusetts,2020-06-27,103932
309,Massachusetts,2020-06-28,104005
310,Massachusetts,2020-06-29,104213
311,Massachusetts,2020-06-30,104440
312,Massachusetts,2020-07-01,104667
313,Massachusetts,2020-07-02,104901
314,Massachusetts,2020-07-03,105010
315,Massachusetts,2020-07-04,105077
316,Massachusetts,2020-07-05,105192
317,Massachusetts,2020-07-06,105442
318,Massachusetts,2020-07-07,105695
319,Massachusetts,2020-07-08,105926
320,Massachusetts,2020-07-09,106201
321,Massachusetts,2020-07-10,106447
322,Massachusetts,2020-07-11,106573
323,Massachusetts,2020-07-12,106675
324,Massachusetts,2020-07-13,106977
325,Massachusetts,2020-07-14,107214
326,Massachusetts,2020-07-15,107532
327,Massachusetts,2020-07-16,107778
328,Massachusetts,2020-07-17,108023
329,Massachusetts,2020-07-18,108158
330,Massachusetts,2020-07-19,108252
331,Massachusetts,2020-07-20,108545
332,Massachusetts,2020-07-21,108836
333,Massachusetts,2020-07-22,109126
334,Massachusetts,2020-07-23,109428
335,Massachusetts,2020-07-24,109710
336,Massachusetts,2020-07-25,109894
337,Massachusetts,2020-07-26,110037
338,Massachusetts,2020-07-27,110422
339,Massachusetts,2020-07-28,110778
340,Massachusetts,2020-07-29,111129
341,Massachusetts,2020-07-30,111483
342,Massachusetts,2020-07-31,111836
343,Massachusetts,2020-08-01,111988
344,Massachusetts,2020-08-02,112109
345,Massachusetts,2020-08-03,112490
346,Massachusetts,2020-08-04,112814
347,Massachusetts,2020-08-05,113161
348,Massachusetts,2020-08-06,113543
349,Massachusetts,2020-08-07,113868
350,Massachusetts,2020-08-08,114050
351,Massachusetts,2020-08-09,114152
352,Massachusetts,2020-08-10,114532
353,Massachusetts,2020-08-11,114839
354,Massachusetts,2020-08-12,115152
355,Massachusetts,2020-08-13,115521
356,Massachusetts,2020-08-14,115882
357,Massachusetts,2020-08-15,116058
358,Massachusetts,2020-08-16,116179
359,Massachusetts,2020-08-17,116561
360,Massachusetts,2020-08-18,116958
361,Massachusetts,2020-08-19,117301
362,Massachusetts,2020-08-20,117662
363,Massachusetts,2020-08-21,117962
364,Massachusetts,2020-08-22,118127
365,Massachusetts,2020-08-23,118237
366,Massachusetts,2020-08-24,118650
367,Massachusetts,2020-08-25,119054
368,Massachusetts,2020-08-26,119455
369,Massachusetts,2020-08-27,119832
370,Massachusetts,2020-08-28,120208
371,Massachusetts,2020-08-29,120411
372,Massachusetts,2020-08-30,120568
373,Massachusetts,2020-08-31,121018
374,Massachusetts,2020-09-01,121422
375,Massachusetts,2020-09-02,121826
376,Massachusetts,2020-09-03,121826
377,Massachusetts,2020-09-04,121826
378,Massachusetts,2020-09-05,122196
379,Massachusetts,2020-09-06,122562
380,Massachusetts,2020-09-07,122791
381,Massachusetts,2020-09-08,122962
382,Massachusetts,2020-09-09,123143
383,Massachusetts,2020-09-10,123546
384,Massachusetts,2020-09-11,123986
385,Massachusetts,2020-09-12,124540
386,Massachusetts,2020-09-13,124826
387,Massachusetts,2020-09-14,125080
388,Massachusetts,2020-09-15,125393
389,Massachusetts,2020-09-16,125699
390,Massachusetts,2020-09-17,126128
391,Massachusetts,2020-09-18,126582
392,Massachusetts,2020-09-19,127181
393,Massachusetts,2020-09-20,127540
394,Massachusetts,2020-09-21,127796
395,Massachusetts,2020-09-22,127969
396,Massachusetts,2020-09-23,128512
397,Massachusetts,2020-09-24,128993
398,Massachusetts,2020-09-25,129481
399,Massachusetts,2020-09-26,130050
400,Massachusetts,2020-09-27,130642
401,Massachusetts,2020-09-28,131072
402,Massachusetts,2020-09-29,131584
403,Massachusetts,2020-09-30,132116
404,Massachusetts,2020-10-01,132870
405,Massachusetts,2020-10-02,133631
406,Massachusetts,2020-10-03,134303
407,Massachusetts,2020-10-04,134947
408,Massachusetts,2020-10-05,135462
409,Massachusetts,2020-10-06,135957
410,Massachusetts,2020-10-07,136492
411,Massachusetts,2020-10-08,136936
412,Massachusetts,2020-10-09,137701
413,New Hampshire,2020-03-29,214
414,New Hampshire,2020-03-30,314
415,New Hampshire,2020-03-31,357
416,New Hampshire,2020-04-01,367
417,New Hampshire,2020-04-02,479
418,New Hampshire,2020-04-03,479
419,New Hampshire,2020-04-04,540
420,New Hampshire,2020-04-05,621
421,New Hampshire,2020-04-06,715
422,New Hampshire,2020-04-07,715
423,New Hampshire,2020-04-08,747
424,New Hampshire,2020-04-09,819
425,New Hampshire,2020-04-10,819
426,New Hampshire,2020-04-11,885
427,New Hampshire,2020-04-12,929
428,New Hampshire,2020-04-13,985
429,New Hampshire,2020-04-14,985
430,New Hampshire,2020-04-15,1139
431,New Hampshire,2020-04-16,1139
432,New Hampshire,2020-04-17,1287
433,New Hampshire,2020-04-18,1342
434,New Hampshire,2020-04-19,1390
435,New Hampshire,2020-04-20,1447
436,New Hampshire,2020-04-21,1490
437,New Hampshire,2020-04-22,1588
438,New Hampshire,2020-04-23,1670
439,New Hampshire,2020-04-24,1720
440,New Hampshire,2020-04-25,1797
441,New Hampshire,2020-04-26,1864
442,New Hampshire,2020-04-27,1938
443,New Hampshire,2020-04-28,2010
444,New Hampshire,2020-04-29,2058
445,New Hampshire,2020-04-30,2146
446,New Hampshire,2020-05-01,2310
447,New Hampshire,2020-05-02,2429
448,New Hampshire,2020-05-03,2518
449,New Hampshire,2020-05-04,2588
450,New Hampshire,2020-05-05,2636
451,New Hampshire,2020-05-06,2741
452,New Hampshire,2020-05-07,2843
453,New Hampshire,2020-05-08,2947
454,New Hampshire,2020-05-09,3011
455,New Hampshire,2020-05-10,3071
456,New Hampshire,2020-05-11,3160
457,New Hampshire,2020-05-12,3239
458,New Hampshire,2020-05-13,3299
459,New Hampshire,2020-05-14,3382
460,New Hampshire,2020-05-15,3453
461,New Hampshire,2020-05-16,3556
462,New Hampshire,2020-05-17,3596
463,New Hampshire,2020-05-18,3652
464,New Hampshire,2020-05-19,3721
465,New Hampshire,2020-05-20,3868
466,New Hampshire,2020-05-21,3935
467,New Hampshire,2020-05-22,4014
468,New Hampshire,2020-05-23,4089
469,New Hampshire,2020-05-24,4149
470,New Hampshire,2020-05-25,4197
471,New Hampshire,2020-05-26,4231
472,New Hampshire,2020-05-27,4286
473,New Hampshire,2020-05-28,4389
474,New Hampshire,2020-05-29,4492
475,New Hampshire,2020-05-30,4492
476,New Hampshire,2020-05-31,4651
477,New Hampshire,2020-06-01,4685
478,New Hampshire,2020-06-02,4749
479,New Hampshire,2020-06-03,4795
480,New Hampshire,2020-06-04,4876
481,New Hampshire,2020-06-05,4953
482,New Hampshire,2020-06-06,5019
483,New Hampshire,2020-06-07,5043
484,New Hampshire,2020-06-08,5079
485,New Hampshire,2020-06-09,5079
486,New Hampshire,2020-06-10,5178
487,New Hampshire,2020-06-11,5209
488,New Hampshire,2020-06-12,5251
489,New Hampshire,2020-06-13,5299
490,New Hampshire,2020-06-14,5318
491,New Hampshire,2020-06-15,5345
492,New Hampshire,2020-06-16,5364
493,New Hampshire,2020-06-17,5436
494,New Hampshire,2020-06-18,5450
495,New Hampshire,2020-06-19,5486
496,New Hampshire,2020-06-20,5518
497,New Hampshire,2020-06-21,5544
498,New Hampshire,2020-06-22,5558
499,New Hampshire,2020-06-23,5571
500,New Hampshire,2020-06-24,5598
501,New Hampshire,2020-06-25,5638
502,New Hampshire,2020-06-26,5671
503,New Hampshire,2020-06-27,5717
504,New Hampshire,2020-06-28,5747
505,New Hampshire,2020-06-29,5760
506,New Hampshire,2020-06-30,5782
507,New Hampshire,2020-07-01,5802
508,New Hampshire,2020-07-02,5822
509,New Hampshire,2020-07-03,5857
510,New Hampshire,2020-07-04,5872
511,New Hampshire,2020-07-05,5897
512,New Hampshire,2020-07-06,5914
513,New Hampshire,2020-07-07,5932
514,New Hampshire,2020-07-08,5952
515,New Hampshire,2020-07-09,5973
516,New Hampshire,2020-07-10,5991
517,New Hampshire,2020-07-11,6024
518,New Hampshire,2020-07-12,6054
519,New Hampshire,2020-07-13,6068
520,New Hampshire,2020-07-14,6091
521,New Hampshire,2020-07-15,6113
522,New Hampshire,2020-07-16,6139
523,New Hampshire,2020-07-17,6165
524,New Hampshire,2020-07-18,6188
525,New Hampshire,2020-07-19,6203
526,New Hampshire,2020-07-20,6249
527,New Hampshire,2020-07-21,6262
528,New Hampshire,2020-07-22,6295
529,New Hampshire,2020-07-23,6318
530,New Hampshire,2020-07-24,6375
531,New Hampshire,2020-07-25,6415
532,New Hampshire,2020-07-26,6436
533,New Hampshire,2020-07-27,6441
534,New Hampshire,2020-07-28,6500
535,New Hampshire,2020-07-29,6513
536,New Hampshire,2020-07-30,6544
537,New Hampshire,2020-07-31,6583
538,New Hampshire,2020-08-01,6614
539,New Hampshire,2020-08-02,6634
540,New Hampshire,2020-08-03,6660
541,New Hampshire,2020-08-04,6693
542,New Hampshire,2020-08-05,6719
543,New Hampshire,2020-08-06,6742
544,New Hampshire,2020-08-07,6779
545,New Hampshire,2020-08-08,6818
546,New Hampshire,2020-08-09,6835
547,New Hampshire,2020-08-10,6840
548,New Hampshire,2020-08-11,6861
549,New Hampshire,2020-08-12,6887
550,New Hampshire,2020-08-13,6921
551,New Hampshire,2020-08-14,6964
552,New Hampshire,2020-08-15,6980
553,New Hampshire,2020-08-16,6988
554,New Hampshire,2020-08-17,7004
555,New Hampshire,2020-08-18,7017
556,New Hampshire,2020-08-19,7036
557,New Hampshire,2020-08-20,7050
558,New Hampshire,2020-08-21,7071
559,New Hampshire,2020-08-22,7094
560,New Hampshire,2020-08-23,7107
561,New Hampshire,2020-08-24,7140
562,New Hampshire,2020-08-25,7156
563,New Hampshire,2020-08-26,7156
564,New Hampshire,2020-08-27,7194
565,New Hampshire,2020-08-28,7216
566,New Hampshire,2020-08-29,7246
567,New Hampshire,2020-08-30,7254
568,New Hampshire,2020-08-31,7275
569,New Hampshire,2020-09-01,7297
570,New Hampshire,2020-09-02,7309
571,New Hampshire,2020-09-03,7347
572,New Hampshire,2020-09-04,7368
573,New Hampshire,2020-09-05,7424
574,New Hampshire,2020-09-06,7447
575,New Hampshire,2020-09-07,7476
576,New Hampshire,2020-09-08,7494
577,New Hampshire,2020-09-09,7494
578,New Hampshire,2020-09-10,7573
579,New Hampshire,2020-09-11,7620
580,New Hampshire,2020-09-12,7652
581,New Hampshire,2020-09-13,7696
582,New Hampshire,2020-09-14,7714
583,New Hampshire,2020-09-15,7750
584,New Hampshire,2020-09-16,7781
585,New Hampshire,2020-09-17,7781
586,New Hampshire,2020-09-18,7861
587,New Hampshire,2020-09-19,7920
588,New Hampshire,2020-09-20,7947
589,New Hampshire,2020-09-21,7952
590,New Hampshire,2020-09-22,7990
591,New Hampshire,2020-09-23,8007
592,New Hampshire,2020-09-24,8044
593,New Hampshire,2020-09-25,8085
594,New Hampshire,2020-09-26,8121
595,New Hampshire,2020-09-27,8172
596,New Hampshire,2020-09-28,8208
597,New Hampshire,2020-09-29,8233
598,New Hampshire,2020-09-30,8266
599,New Hampshire,2020-10-01,8317
600,New Hampshire,2020-10-02,8534
601,New Hampshire,2020-10-03,8597
602,New Hampshire,2020-10-04,8645
603,New Hampshire,2020-10-05,8645
604,New Hampshire,2020-10-06,8731
605,New Hampshire,2020-10-07,8731
606,New Hampshire,2020-10-08,8878
607,New Hampshire,2020-10-09,8970
608,New Jersey,2020-03-17,250
609,New Jersey,2020-03-18,397
610,New Jersey,2020-03-19,741
611,New Jersey,2020-03-20,890
612,New Jersey,2020-03-21,1327
613,New Jersey,2020-03-22,1914
614,New Jersey,2020-03-23,2844
615,New Jersey,2020-03-24,3675
616,New Jersey,2020-03-25,4402
617,New Jersey,2020-03-26,6876
618,New Jersey,2020-03-27,8825
619,New Jersey,2020-03-28,11124
620,New Jersey,2020-03-29,13386
621,New Jersey,2020-03-30,16636
622,New Jersey,2020-03-31,18696
623,New Jersey,2020-04-01,22255
624,New Jersey,2020-04-02,25590
625,New Jersey,2020-04-03,29895
626,New Jersey,2020-04-04,34124
627,New Jersey,2020-04-05,37505
628,New Jersey,2020-04-06,41090
629,New Jersey,2020-04-07,44416
630,New Jersey,2020-04-08,47437
631,New Jersey,2020-04-09,51027
632,New Jersey,2020-04-10,54588
633,New Jersey,2020-04-11,58151
634,New Jersey,2020-04-12,61850
635,New Jersey,2020-04-13,64584
636,New Jersey,2020-04-14,68824
637,New Jersey,2020-04-15,71030
638,New Jersey,2020-04-16,75317
639,New Jersey,2020-04-17,78467
640,New Jersey,2020-04-18,81420
641,New Jersey,2020-04-19,85301
642,New Jersey,2020-04-20,88722
643,New Jersey,2020-04-21,92387
644,New Jersey,2020-04-22,95914
645,New Jersey,2020-04-23,100025
646,New Jersey,2020-04-24,102196
647,New Jersey,2020-04-25,105498
648,New Jersey,2020-04-26,109038
649,New Jersey,2020-04-27,111188
650,New Jersey,2020-04-28,113856
651,New Jersey,2020-04-29,116365
652,New Jersey,2020-04-30,118652
653,New Jersey,2020-05-01,121190
654,New Jersey,2020-05-02,123717
655,New Jersey,2020-05-03,126744
656,New Jersey,2020-05-04,128269
657,New Jersey,2020-05-05,130593
658,New Jersey,2020-05-06,131890
659,New Jersey,2020-05-07,133991
660,New Jersey,2020-05-08,135840
661,New Jersey,2020-05-09,137397
662,New Jersey,2020-05-10,138754
663,New Jersey,2020-05-11,140206
664,New Jersey,2020-05-12,140917
665,New Jersey,2020-05-13,141560
666,New Jersey,2020-05-14,142704
667,New Jersey,2020-05-15,143984
668,New Jersey,2020-05-16,145089
669,New Jersey,2020-05-17,146504
670,New Jersey,2020-05-18,148240
671,New Jersey,2020-05-19,149356
672,New Jersey,2020-05-20,150776
673,New Jersey,2020-05-21,151586
674,New Jersey,2020-05-22,152579
675,New Jersey,2020-05-23,153140
676,New Jersey,2020-05-24,154154
677,New Jersey,2020-05-25,155092
678,New Jersey,2020-05-26,155764
679,New Jersey,2020-05-27,156628
680,New Jersey,2020-05-28,157185
681,New Jersey,2020-05-29,158844
682,New Jersey,2020-05-30,159608
683,New Jersey,2020-05-31,160445
684,New Jersey,2020-06-01,160918
685,New Jersey,2020-06-02,161545
686,New Jersey,2020-06-03,162068
687,New Jersey,2020-06-04,162530
688,New Jersey,2020-06-05,163336
689,New Jersey,2020-06-06,163893
690,New Jersey,2020-06-07,164164
691,New Jersey,2020-06-08,164497
692,New Jersey,2020-06-09,164796
693,New Jersey,2020-06-10,165346
694,New Jersey,2020-06-11,165816
695,New Jersey,2020-06-12,166164
696,New Jersey,2020-06-13,166605
697,New Jersey,2020-06-14,166881
698,New Jersey,2020-06-15,167103
699,New Jersey,2020-06-16,167426
700,New Jersey,2020-06-17,167703
701,New Jersey,2020-06-18,168107
702,New Jersey,2020-06-19,168496
703,New Jersey,2020-06-20,168834
704,New Jersey,2020-06-21,169142
705,New Jersey,2020-06-22,169415
706,New Jersey,2020-06-23,169734
707,New Jersey,2020-06-24,169892
708,New Jersey,2020-06-25,170196
709,New Jersey,2020-06-26,170584
710,New Jersey,2020-06-27,170873
711,New Jersey,2020-06-28,171182
712,New Jersey,2020-06-29,171272
713,New Jersey,2020-06-30,171667
714,New Jersey,2020-07-01,171928
715,New Jersey,2020-07-02,172356
716,New Jersey,2020-07-03,172742
717,New Jersey,2020-07-04,173033
718,New Jersey,2020-07-05,173402
719,New Jersey,2020-07-06,173611
720,New Jersey,2020-07-07,173878
721,New Jersey,2020-07-08,174039
722,New Jersey,2020-07-09,174270
723,New Jersey,2020-07-10,174628
724,New Jersey,2020-07-11,174959
725,New Jersey,2020-07-12,175298
726,New Jersey,2020-07-13,175522
727,New Jersey,2020-07-14,175915
728,New Jersey,2020-07-15,176278
729,New Jersey,2020-07-16,176501
730,New Jersey,2020-07-17,176551
731,New Jersey,2020-07-18,176814
732,New Jersey,2020-07-19,176814
733,New Jersey,2020-07-20,176963
734,New Jersey,2020-07-21,177256
735,New Jersey,2020-07-22,177645
736,New Jersey,2020-07-23,177887
737,New Jersey,2020-07-24,178345
738,New Jersey,2020-07-25,178858
739,New Jersey,2020-07-26,179363
740,New Jersey,2020-07-27,179812
741,New Jersey,2020-07-28,180295
742,New Jersey,2020-07-29,180600
743,New Jersey,2020-07-30,180970
744,New Jersey,2020-07-31,181660
745,New Jersey,2020-08-01,182029
746,New Jersey,2020-08-02,182350
747,New Jersey,2020-08-03,182614
748,New Jersey,2020-08-04,182970
749,New Jersey,2020-08-05,183327
750,New Jersey,2020-08-06,183701
751,New Jersey,2020-08-07,184061
752,New Jersey,2020-08-08,184429
753,New Jersey,2020-08-09,184773
754,New Jersey,2020-08-10,185031
755,New Jersey,2020-08-11,185475
756,New Jersey,2020-08-12,185938
757,New Jersey,2020-08-13,186594
758,New Jersey,2020-08-14,187164
759,New Jersey,2020-08-15,187442
760,New Jersey,2020-08-16,187455
761,New Jersey,2020-08-17,187767
762,New Jersey,2020-08-18,188098
763,New Jersey,2020-08-19,188427
764,New Jersey,2020-08-20,188527
765,New Jersey,2020-08-21,188817
766,New Jersey,2020-08-22,189346
767,New Jersey,2020-08-23,189494
768,New Jersey,2020-08-24,189719
769,New Jersey,2020-08-25,190021
770,New Jersey,2020-08-26,190306
771,New Jersey,2020-08-27,190613
772,New Jersey,2020-08-28,190971
773,New Jersey,2020-08-29,191320
774,New Jersey,2020-08-30,191611
775,New Jersey,2020-08-31,191960
776,New Jersey,2020-09-01,192290
777,New Jersey,2020-09-02,192595
778,New Jersey,2020-09-03,192973
779,New Jersey,2020-09-04,193422
780,New Jersey,2020-09-05,193747
781,New Jersey,2020-09-06,194058
782,New Jersey,2020-09-07,194390
783,New Jersey,2020-09-08,194667
784,New Jersey,2020-09-09,194994
785,New Jersey,2020-09-10,195414
786,New Jersey,2020-09-11,195888
787,New Jersey,2020-09-12,196337
788,New Jersey,2020-09-13,196634
789,New Jersey,2020-09-14,196968
790,New Jersey,2020-09-15,197404
791,New Jersey,2020-09-16,197792
792,New Jersey,2020-09-17,198361
793,New Jersey,2020-09-18,198848
794,New Jersey,2020-09-19,199309
795,New Jersey,2020-09-20,199762
796,New Jersey,2020-09-21,200154
797,New Jersey,2020-09-22,200580
798,New Jersey,2020-09-23,200988
799,New Jersey,2020-09-24,201216
800,New Jersey,2020-09-25,202100
801,New Jersey,2020-09-26,202850
802,New Jersey,2020-09-27,203548
803,New Jersey,2020-09-28,204107
804,New Jersey,2020-09-29,204563
805,New Jersey,2020-09-30,205275
806,New Jersey,2020-10-01,205889
807,New Jersey,2020-10-02,206629
808,New Jersey,2020-10-03,207576
809,New Jersey,2020-10-04,208202
810,New Jersey,2020-10-05,208713
811,New Jersey,2020-10-06,209342
812,New Jersey,2020-10-07,209850
813,New Jersey,2020-10-08,211148
814,New Jersey,2020-10-09,212013
